INSERT INTO course (id, course_name, course_description, tags, created_at) VALUES (-1, 'dummy', 'dummy', NULL, 'now');
INSERT INTO module (id, module_name, order_id, is_deleted) VALUES (-1, 'dummy', 1, 'f');
INSERT INTO module_course (module_id, course_id) VALUES (-1, -1);
INSERT INTO cmsession (id, title, description, order_id, created_at, is_deleted) VALUES (-1, 'dummy', 'Dummy', 1, 'now', 'f');
INSERT INTO cmsession_module (cmsession_id, module_id) VALUES (-1, -1);
INSERT INTO lesson (id, type, duration, tags, title, subject, order_id, created_at, is_deleted) VALUES (5812,'PRESENTATION', 45, 'tags', 'cms cms', 'none', 1, 'now','f');
INSERT INTO lesson_cmsession (lesson_id, cmsession_id) VALUES (5812, -1);
INSERT INTO lesson (id, type, duration, tags, title, subject, order_id, created_at, is_deleted) VALUES (5868,'PRESENTATION', 35, 'ttd', 'cms testing testing', 'none', 2, 'now','f');
INSERT INTO lesson_cmsession (lesson_id, cmsession_id) VALUES (5868, -1);
INSERT INTO lesson (id, type, duration, tags, title, subject, order_id, created_at, is_deleted) VALUES (5860,'PRESENTATION', 20, 'sh', 'Dummy Lessson starhealth', 'NONE', 3, 'now','f');
INSERT INTO lesson_cmsession (lesson_id, cmsession_id) VALUES (5860, -1);
INSERT INTO lesson (id, type, duration, tags, title, subject, order_id, created_at, is_deleted) VALUES (5869,'PRESENTATION', 35, 'ttd', 'cms testing testing', 'none', 4, 'now','f');
INSERT INTO lesson_cmsession (lesson_id, cmsession_id) VALUES (5869, -1);
INSERT INTO lesson (id, type, duration, tags, title, subject, order_id, created_at, is_deleted) VALUES (5580,'PRESENTATION', 35, 'ttd', 'cms testing testing', 'none', 5, 'now','f');
INSERT INTO lesson_cmsession (lesson_id, cmsession_id) VALUES (5580, -1);
INSERT INTO lesson (id, type, duration, tags, title, subject, order_id, created_at, is_deleted) VALUES (5888,'PRESENTATION', 20, '', 'Audio demo lesson', 'NONE', 7, 'now','f');
INSERT INTO lesson_cmsession (lesson_id, cmsession_id) VALUES (5888, -1);
INSERT INTO lesson (id, type, duration, tags, title, subject, order_id, created_at, is_deleted) VALUES (5903,'PRESENTATION', 20, '', '12_Digital Research_New', 'none', 8, 'now','f');
INSERT INTO lesson_cmsession (lesson_id, cmsession_id) VALUES (5903, -1);
INSERT INTO lesson (id, type, duration, tags, title, subject, order_id, created_at, is_deleted) VALUES (5904,'PRESENTATION', 20, '', '12_Digital Research_New', 'none', 9, 'now','f');
INSERT INTO lesson_cmsession (lesson_id, cmsession_id) VALUES (5904, -1);
INSERT INTO lesson (id, type, duration, tags, title, subject, order_id, created_at, is_deleted) VALUES (5905,'PRESENTATION', 20, '', '12_Digital Research_New', 'none', 10, 'now','f');
INSERT INTO lesson_cmsession (lesson_id, cmsession_id) VALUES (5905, -1);
INSERT INTO lesson (id, type, duration, tags, title, subject, order_id, created_at, is_deleted) VALUES (5906,'PRESENTATION', 20, '', '12_Digital Research_New', 'none', 11, 'now','f');
INSERT INTO lesson_cmsession (lesson_id, cmsession_id) VALUES (5906, -1);
INSERT INTO lesson (id, type, duration, tags, title, subject, order_id, created_at, is_deleted) VALUES (5907,'PRESENTATION', 11, '', 'fdgdsfgdfgsdfg', 'none', 12, 'now','f');
INSERT INTO lesson_cmsession (lesson_id, cmsession_id) VALUES (5907, -1);
INSERT INTO lesson (id, type, duration, tags, title, subject, order_id, created_at, is_deleted) VALUES (5908,'PRESENTATION', 20, 'Introduction to UI', '01_Introduction to UI', 'banking-1', 13, 'now','f');
INSERT INTO lesson_cmsession (lesson_id, cmsession_id) VALUES (5908, -1);
INSERT INTO lesson (id, type, duration, tags, title, subject, order_id, created_at, is_deleted) VALUES (5909,'PRESENTATION', 20, 'Introduction to UI', '01_Introduction to UI', 'banking-1', 14, 'now','f');
INSERT INTO lesson_cmsession (lesson_id, cmsession_id) VALUES (5909, -1);
INSERT INTO lesson (id, type, duration, tags, title, subject, order_id, created_at, is_deleted) VALUES (5910,'PRESENTATION', 20, '', '12_Digital Research_New', 'none', 15, 'now','f');
INSERT INTO lesson_cmsession (lesson_id, cmsession_id) VALUES (5910, -1);
INSERT INTO lesson (id, type, duration, tags, title, subject, order_id, created_at, is_deleted) VALUES (5943,'PRESENTATION', 20, 'Shiva', 'Immortals Of Meluha', 'NONE', 17, 'now','f');
INSERT INTO lesson_cmsession (lesson_id, cmsession_id) VALUES (5943, -1);
INSERT INTO lesson (id, type, duration, tags, title, subject, order_id, created_at, is_deleted) VALUES (5998,'PRESENTATION', 60, 'Automated Testing', 'Selenium Testing', 'none', 18, 'now','f');
INSERT INTO lesson_cmsession (lesson_id, cmsession_id) VALUES (5998, -1);
INSERT INTO lesson (id, type, duration, tags, title, subject, order_id, created_at, is_deleted) VALUES (5944,'PRESENTATION', 60, 'Selenium IDE', 'Selenium Testing', 'none', 22, 'now','f');
INSERT INTO lesson_cmsession (lesson_id, cmsession_id) VALUES (5944, -1);
INSERT INTO lesson (id, type, duration, tags, title, subject, order_id, created_at, is_deleted) VALUES (5946,'PRESENTATION', 60, '', 'Selenium Testing', 'NONE', 23, 'now','f');
INSERT INTO lesson_cmsession (lesson_id, cmsession_id) VALUES (5946, -1);
INSERT INTO lesson (id, type, duration, tags, title, subject, order_id, created_at, is_deleted) VALUES (5947,'PRESENTATION', 60, '', 'Selenium Testing', 'none', 24, 'now','f');
INSERT INTO lesson_cmsession (lesson_id, cmsession_id) VALUES (5947, -1);
INSERT INTO lesson (id, type, duration, tags, title, subject, order_id, created_at, is_deleted) VALUES (5948,'PRESENTATION', 60, '', 'Selenium Testing', 'none', 25, 'now','f');
INSERT INTO lesson_cmsession (lesson_id, cmsession_id) VALUES (5948, -1);
INSERT INTO lesson (id, type, duration, tags, title, subject, order_id, created_at, is_deleted) VALUES (5949,'PRESENTATION', 60, '', 'Selenium Testing', 'none', 26, 'now','f');
INSERT INTO lesson_cmsession (lesson_id, cmsession_id) VALUES (5949, -1);
INSERT INTO lesson (id, type, duration, tags, title, subject, order_id, created_at, is_deleted) VALUES (5950,'PRESENTATION', 60, '', 'Selenium Testing', 'none', 27, 'now','f');
INSERT INTO lesson_cmsession (lesson_id, cmsession_id) VALUES (5950, -1);
INSERT INTO lesson (id, type, duration, tags, title, subject, order_id, created_at, is_deleted) VALUES (5951,'PRESENTATION', 60, '', 'Selenium Testing', 'none', 28, 'now','f');
INSERT INTO lesson_cmsession (lesson_id, cmsession_id) VALUES (5951, -1);
INSERT INTO lesson (id, type, duration, tags, title, subject, order_id, created_at, is_deleted) VALUES (5952,'PRESENTATION', 60, '', 'Selenium Testing', 'NONE', 29, 'now','f');
INSERT INTO lesson_cmsession (lesson_id, cmsession_id) VALUES (5952, -1);
INSERT INTO lesson (id, type, duration, tags, title, subject, order_id, created_at, is_deleted) VALUES (5969,'PRESENTATION', 60, '', 'Selenium Testing', 'none', 31, 'now','f');
INSERT INTO lesson_cmsession (lesson_id, cmsession_id) VALUES (5969, -1);
INSERT INTO lesson (id, type, duration, tags, title, subject, order_id, created_at, is_deleted) VALUES (5970,'PRESENTATION', 60, '', 'Selenium Testing', 'none', 32, 'now','f');
INSERT INTO lesson_cmsession (lesson_id, cmsession_id) VALUES (5970, -1);
INSERT INTO lesson (id, type, duration, tags, title, subject, order_id, created_at, is_deleted) VALUES (5972,'PRESENTATION', 60, '', 'Selenium Testing', 'none', 33, 'now','f');
INSERT INTO lesson_cmsession (lesson_id, cmsession_id) VALUES (5972, -1);
INSERT INTO lesson (id, type, duration, tags, title, subject, order_id, created_at, is_deleted) VALUES (5974,'PRESENTATION', 60, '', 'Selenium Testing', 'NONE', 34, 'now','f');
INSERT INTO lesson_cmsession (lesson_id, cmsession_id) VALUES (5974, -1);
INSERT INTO lesson (id, type, duration, tags, title, subject, order_id, created_at, is_deleted) VALUES (5975,'PRESENTATION', 60, '', 'Selenium Testing', 'NONE', 35, 'now','f');
INSERT INTO lesson_cmsession (lesson_id, cmsession_id) VALUES (5975, -1);
INSERT INTO lesson (id, type, duration, tags, title, subject, order_id, created_at, is_deleted) VALUES (5976,'PRESENTATION', 60, '', 'Selenium Testing', 'none', 36, 'now','f');
INSERT INTO lesson_cmsession (lesson_id, cmsession_id) VALUES (5976, -1);
INSERT INTO lesson (id, type, duration, tags, title, subject, order_id, created_at, is_deleted) VALUES (5982,'PRESENTATION', 60, '', 'Selenium Testing', 'NONE', 37, 'now','f');
INSERT INTO lesson_cmsession (lesson_id, cmsession_id) VALUES (5982, -1);
INSERT INTO lesson (id, type, duration, tags, title, subject, order_id, created_at, is_deleted) VALUES (5983,'PRESENTATION', 60, '', 'Selenium Testing', 'none', 38, 'now','f');
INSERT INTO lesson_cmsession (lesson_id, cmsession_id) VALUES (5983, -1);
INSERT INTO lesson (id, type, duration, tags, title, subject, order_id, created_at, is_deleted) VALUES (6280,'PRESENTATION', 1, '', 'Testing_dummy', 'none', 39, 'now','f');
INSERT INTO lesson_cmsession (lesson_id, cmsession_id) VALUES (6280, -1);
INSERT INTO cmsession (id, title, description, order_id, created_at, is_deleted) VALUES (1073, 'Audio presentations', 'Audio presentation demo', 2, 'now', 'f');
INSERT INTO cmsession_module (cmsession_id, module_id) VALUES (1073, -1);
INSERT INTO lesson (id, type, duration, tags, title, subject, order_id, created_at, is_deleted) VALUES (5572,'PRESENTATION', 20, '', 'Audio demo lesson', 'banking-1', 1, 'now','f');
INSERT INTO lesson_cmsession (lesson_id, cmsession_id) VALUES (5572, 1073);
INSERT INTO lesson (id, type, duration, tags, title, subject, order_id, created_at, is_deleted) VALUES (5751,'PRESENTATION', 2, 'SAMPLE', 'SAMPLE', 'NONE', 2, 'now','f');
INSERT INTO lesson_cmsession (lesson_id, cmsession_id) VALUES (5751, 1073);
INSERT INTO lesson (id, type, duration, tags, title, subject, order_id, created_at, is_deleted) VALUES (5807,'PRESENTATION', 11, '', 'DO NOT DELETE', 'none', 3, 'now','f');
INSERT INTO lesson_cmsession (lesson_id, cmsession_id) VALUES (5807, 1073);
INSERT INTO lesson (id, type, duration, tags, title, subject, order_id, created_at, is_deleted) VALUES (5810,'PRESENTATION', 111, '', '23312', 'NONE', 4, 'now','f');
INSERT INTO lesson_cmsession (lesson_id, cmsession_id) VALUES (5810, 1073);
INSERT INTO cmsession (id, title, description, order_id, created_at, is_deleted) VALUES (-2, 'dummy', 'dummy', 3, 'now', 'f');
INSERT INTO cmsession_module (cmsession_id, module_id) VALUES (-2, -1);
INSERT INTO lesson (id, type, duration, tags, title, subject, order_id, created_at, is_deleted) VALUES (5551,'PRESENTATION', 20, '', '12_Digital Research_New', 'none', 1, 'now','f');
INSERT INTO lesson_cmsession (lesson_id, cmsession_id) VALUES (5551, -2);
INSERT INTO lesson (id, type, duration, tags, title, subject, order_id, created_at, is_deleted) VALUES (5511,'PRESENTATION', 45, 'tags,reffdb `', 'Demo  Lesson 001', 'none', 2, 'now','f');
INSERT INTO lesson_cmsession (lesson_id, cmsession_id) VALUES (5511, -2);
INSERT INTO lesson (id, type, duration, tags, title, subject, order_id, created_at, is_deleted) VALUES (5512,'PRESENTATION', 50, 'ttagss', 'Demo  Lesson 02', 'NONE', 3, 'now','f');
INSERT INTO lesson_cmsession (lesson_id, cmsession_id) VALUES (5512, -2);
INSERT INTO lesson (id, type, duration, tags, title, subject, order_id, created_at, is_deleted) VALUES (5576,'PRESENTATION', 20, '', '12_Digital Research_New', 'none', 4, 'now','f');
INSERT INTO lesson_cmsession (lesson_id, cmsession_id) VALUES (5576, -2);
INSERT INTO lesson (id, type, duration, tags, title, subject, order_id, created_at, is_deleted) VALUES (5752,'PRESENTATION', 1, 'DUMMY', 'sample', 'NONE', 5, 'now','f');
INSERT INTO lesson_cmsession (lesson_id, cmsession_id) VALUES (5752, -2);
INSERT INTO lesson (id, type, duration, tags, title, subject, order_id, created_at, is_deleted) VALUES (5753,'PRESENTATION', 3, '22', 'sample', 'NONE', 6, 'now','f');
INSERT INTO lesson_cmsession (lesson_id, cmsession_id) VALUES (5753, -2);
INSERT INTO lesson (id, type, duration, tags, title, subject, order_id, created_at, is_deleted) VALUES (5756,'PRESENTATION', 1, '', 'NB TEST', 'NONE', 7, 'now','f');
INSERT INTO lesson_cmsession (lesson_id, cmsession_id) VALUES (5756, -2);
INSERT INTO lesson (id, type, duration, tags, title, subject, order_id, created_at, is_deleted) VALUES (5757,'PRESENTATION', 2, '', 'NB Lesson', 'NONE', 8, 'now','f');
INSERT INTO lesson_cmsession (lesson_id, cmsession_id) VALUES (5757, -2);
INSERT INTO lesson (id, type, duration, tags, title, subject, order_id, created_at, is_deleted) VALUES (5808,'PRESENTATION', 11, '111111111111', '11111111111111111', 'NONE', 9, 'now','f');
INSERT INTO lesson_cmsession (lesson_id, cmsession_id) VALUES (5808, -2);
INSERT INTO lesson (id, type, duration, tags, title, subject, order_id, created_at, is_deleted) VALUES (5809,'PRESENTATION', 11, '111111111111', '11111111111111111', 'NONE', 10, 'now','f');
INSERT INTO lesson_cmsession (lesson_id, cmsession_id) VALUES (5809, -2);
INSERT INTO lesson (id, type, duration, tags, title, subject, order_id, created_at, is_deleted) VALUES (5561,'PRESENTATION', 30, 'tgs', 'hello cms', 'NONE', 11, 'now','f');
INSERT INTO lesson_cmsession (lesson_id, cmsession_id) VALUES (5561, -2);
INSERT INTO lesson (id, type, duration, tags, title, subject, order_id, created_at, is_deleted) VALUES (6513,'PRESENTATION', 60, 'backup', 'Backup 591 presentation', 'NONE', 13, 'now','f');
INSERT INTO lesson_cmsession (lesson_id, cmsession_id) VALUES (6513, -2);
INSERT INTO lesson (id, type, duration, tags, title, subject, order_id, created_at, is_deleted) VALUES (6514,'PRESENTATION', 33, '', 'new lesson', 'NONE', 14, 'now','f');
INSERT INTO lesson_cmsession (lesson_id, cmsession_id) VALUES (6514, -2);
INSERT INTO module (id, module_name, order_id, is_deleted) VALUES (313, 'Insurance Masala', 2, 'f');
INSERT INTO module_course (module_id, course_id) VALUES (313, -1);
INSERT INTO cmsession (id, title, description, order_id, created_at, is_deleted) VALUES (1149, 'Health Insurance', 'Introduction to health insurance', 1, 'now', 'f');
INSERT INTO cmsession_module (cmsession_id, module_id) VALUES (1149, 313);
INSERT INTO lesson (id, type, duration, tags, title, subject, order_id, created_at, is_deleted) VALUES (5765,'PRESENTATION', 60, '', '01_Introduction to health insurance', 'none', 1, 'now','f');
INSERT INTO lesson_cmsession (lesson_id, cmsession_id) VALUES (5765, 1149);
INSERT INTO lesson (id, type, duration, tags, title, subject, order_id, created_at, is_deleted) VALUES (5873,'PRESENTATION', 60, '', '02_Health Insurance Players', 'none', 2, 'now','f');
INSERT INTO lesson_cmsession (lesson_id, cmsession_id) VALUES (5873, 1149);
INSERT INTO lesson (id, type, duration, tags, title, subject, order_id, created_at, is_deleted) VALUES (5874,'PRESENTATION', 60, '', '03_Intermediaries in Health Insurance', 'none', 3, 'now','f');
INSERT INTO lesson_cmsession (lesson_id, cmsession_id) VALUES (5874, 1149);
INSERT INTO lesson (id, type, duration, tags, title, subject, order_id, created_at, is_deleted) VALUES (6515,'PRESENTATION', 60, '', '01_Introduction to health insurance', 'none', 8, 'now','f');
INSERT INTO lesson_cmsession (lesson_id, cmsession_id) VALUES (6515, 1149);
INSERT INTO cmsession (id, title, description, order_id, created_at, is_deleted) VALUES (1183, 'Insurance Masala', 'Insurance Masala', 2, 'now', 'f');
INSERT INTO cmsession_module (cmsession_id, module_id) VALUES (1183, 313);
INSERT INTO lesson (id, type, duration, tags, title, subject, order_id, created_at, is_deleted) VALUES (5924,'PRESENTATION', 60, '', '01_Introduction to health insurance', 'none', 1, 'now','f');
INSERT INTO lesson_cmsession (lesson_id, cmsession_id) VALUES (5924, 1183);
INSERT INTO lesson (id, type, duration, tags, title, subject, order_id, created_at, is_deleted) VALUES (5925,'PRESENTATION', 60, '', '02_Health Insurance Players', 'none', 2, 'now','f');
INSERT INTO lesson_cmsession (lesson_id, cmsession_id) VALUES (5925, 1183);
INSERT INTO lesson (id, type, duration, tags, title, subject, order_id, created_at, is_deleted) VALUES (5926,'PRESENTATION', 60, '', '03_Intermediaries in Health Insurance', 'none', 3, 'now','f');
INSERT INTO lesson_cmsession (lesson_id, cmsession_id) VALUES (5926, 1183);
INSERT INTO lesson (id, type, duration, tags, title, subject, order_id, created_at, is_deleted) VALUES (5927,'PRESENTATION', 60, '', '03_Intermediaries in Health Insurance', 'none', 4, 'now','f');
INSERT INTO lesson_cmsession (lesson_id, cmsession_id) VALUES (5927, 1183);
INSERT INTO lesson (id, type, duration, tags, title, subject, order_id, created_at, is_deleted) VALUES (5945,'PRESENTATION', 60, '', 'Selenium Testing', 'NONE', 5, 'now','f');
INSERT INTO lesson_cmsession (lesson_id, cmsession_id) VALUES (5945, 1183);
INSERT INTO lesson (id, type, duration, tags, title, subject, order_id, created_at, is_deleted) VALUES (6516,'PRESENTATION', 20, 'Introduction to UI', '01_Introduction to UI', 'banking-1', 6, 'now','f');
INSERT INTO lesson_cmsession (lesson_id, cmsession_id) VALUES (6516, 1183);
INSERT INTO lesson (id, type, duration, tags, title, subject, order_id, created_at, is_deleted) VALUES (6517,'PRESENTATION', 60, 'Automated Testing', 'Selenium Testing', 'none', 7, 'now','f');
INSERT INTO lesson_cmsession (lesson_id, cmsession_id) VALUES (6517, 1183);
INSERT INTO lesson (id, type, duration, tags, title, subject, order_id, created_at, is_deleted) VALUES (6518,'PRESENTATION', 10, '', 'JAVA TESTER', 'none', 8, 'now','f');
INSERT INTO lesson_cmsession (lesson_id, cmsession_id) VALUES (6518, 1183);
INSERT INTO course (id, course_name, course_description, tags, created_at) VALUES (2, 'Sales', 'The sales course teaches student to sell and market products and provides training techniques for sales and marketing associates', NULL, 'now');
INSERT INTO module (id, module_name, order_id, is_deleted) VALUES (25, 'Need for sales and marketing.', 1, 'f');
INSERT INTO module_course (module_id, course_id) VALUES (25, 2);
INSERT INTO cmsession (id, title, description, order_id, created_at, is_deleted) VALUES (28, '01_Need For Sales', 'In this session the students will understand the meaning of sales and its importance', 1, 'now', 'f');
INSERT INTO cmsession_module (cmsession_id, module_id) VALUES (28, 25);
INSERT INTO lesson (id, type, duration, tags, title, subject, order_id, created_at, is_deleted) VALUES (163,'PRESENTATION', 20, 'Sales', '01_Need for Sales', 'banking-1', 1, 'now','f');
INSERT INTO lesson_cmsession (lesson_id, cmsession_id) VALUES (163, 28);
INSERT INTO cmsession (id, title, description, order_id, created_at, is_deleted) VALUES (29, '02_Importance of Sales', 'In this session the students will understand the importance of sales for an organization, they will learn how sales is an integral part of our lives.', 2, 'now', 'f');
INSERT INTO cmsession_module (cmsession_id, module_id) VALUES (29, 25);
INSERT INTO lesson (id, type, duration, tags, title, subject, order_id, created_at, is_deleted) VALUES (169,'PRESENTATION', 20, 'sales', '02_Need for Sales', 'banking-1', 1, 'now','f');
INSERT INTO lesson_cmsession (lesson_id, cmsession_id) VALUES (169, 29);
INSERT INTO module (id, module_name, order_id, is_deleted) VALUES (26, 'Life Skills for the marketing executive', 2, 'f');
INSERT INTO module_course (module_id, course_id) VALUES (26, 2);
INSERT INTO cmsession (id, title, description, order_id, created_at, is_deleted) VALUES (30, '03_Discipline', 'In this session the students will understand the importance of discipline for a salesperson.', 1, 'now', 'f');
INSERT INTO cmsession_module (cmsession_id, module_id) VALUES (30, 26);
INSERT INTO lesson (id, type, duration, tags, title, subject, order_id, created_at, is_deleted) VALUES (180,'PRESENTATION', 20, '', 'LESSON-5', 'NONE', 1, 'now','f');
INSERT INTO lesson_cmsession (lesson_id, cmsession_id) VALUES (180, 30);
INSERT INTO lesson (id, type, duration, tags, title, subject, order_id, created_at, is_deleted) VALUES (175,'PRESENTATION', 20, 'sales', '03_Discipline', 'banking-1', 2, 'now','f');
INSERT INTO lesson_cmsession (lesson_id, cmsession_id) VALUES (175, 30);
INSERT INTO cmsession (id, title, description, order_id, created_at, is_deleted) VALUES (31, '04_Discipline', 'In this session the students will understand the techniques for enhancing discipline.', 2, 'now', 'f');
INSERT INTO cmsession_module (cmsession_id, module_id) VALUES (31, 26);
INSERT INTO lesson (id, type, duration, tags, title, subject, order_id, created_at, is_deleted) VALUES (181,'PRESENTATION', 20, 'Sales', '04_Sales Discipline', 'banking-1', 1, 'now','f');
INSERT INTO lesson_cmsession (lesson_id, cmsession_id) VALUES (181, 31);
INSERT INTO lesson (id, type, duration, tags, title, subject, order_id, created_at, is_deleted) VALUES (182,'PRESENTATION', 20, '', 'LESSON-1', 'NONE', 2, 'now','f');
INSERT INTO lesson_cmsession (lesson_id, cmsession_id) VALUES (182, 31);
INSERT INTO cmsession (id, title, description, order_id, created_at, is_deleted) VALUES (32, '05_Handle Rejection', 'In this session students will understand that rejection is not personal, they will also learn how to handle rejection in sales.', 3, 'now', 'f');
INSERT INTO cmsession_module (cmsession_id, module_id) VALUES (32, 26);
INSERT INTO lesson (id, type, duration, tags, title, subject, order_id, created_at, is_deleted) VALUES (187,'PRESENTATION', 20, 'sales,rejection', '05_Handle Rejection', 'banking-1', 1, 'now','f');
INSERT INTO lesson_cmsession (lesson_id, cmsession_id) VALUES (187, 32);
INSERT INTO lesson (id, type, duration, tags, title, subject, order_id, created_at, is_deleted) VALUES (189,'PRESENTATION', 20, '', 'LESSON-2', 'NONE', 2, 'now','f');
INSERT INTO lesson_cmsession (lesson_id, cmsession_id) VALUES (189, 32);
INSERT INTO cmsession (id, title, description, order_id, created_at, is_deleted) VALUES (33, '06_Handle Rejection', 'In this session the students will learn the techniques of handling rejection.', 4, 'now', 'f');
INSERT INTO cmsession_module (cmsession_id, module_id) VALUES (33, 26);
INSERT INTO lesson (id, type, duration, tags, title, subject, order_id, created_at, is_deleted) VALUES (188,'PRESENTATION', 20, 'sales,rejection', '06_Handle Rejection', 'banking-1', 1, 'now','f');
INSERT INTO lesson_cmsession (lesson_id, cmsession_id) VALUES (188, 33);
INSERT INTO lesson (id, type, duration, tags, title, subject, order_id, created_at, is_deleted) VALUES (193,'PRESENTATION', 20, '', 'LESSON-0', 'NONE', 2, 'now','f');
INSERT INTO lesson_cmsession (lesson_id, cmsession_id) VALUES (193, 33);
INSERT INTO cmsession (id, title, description, order_id, created_at, is_deleted) VALUES (34, 'Numbers approach', 'In this session students will learn what is numbers approach to sales. They will learn how all sales attempts do not yield success therefore, they need to have a numbers approach.', 5, 'now', 'f');
INSERT INTO cmsession_module (cmsession_id, module_id) VALUES (34, 26);
INSERT INTO lesson (id, type, duration, tags, title, subject, order_id, created_at, is_deleted) VALUES (199,'PRESENTATION', 20, 'Sales,Numbers', '07_Numbers Approach to life', 'banking-1', 1, 'now','f');
INSERT INTO lesson_cmsession (lesson_id, cmsession_id) VALUES (199, 34);
INSERT INTO lesson (id, type, duration, tags, title, subject, order_id, created_at, is_deleted) VALUES (200,'PRESENTATION', 20, '', 'LESSON-1', 'NONE', 2, 'now','f');
INSERT INTO lesson_cmsession (lesson_id, cmsession_id) VALUES (200, 34);
INSERT INTO cmsession (id, title, description, order_id, created_at, is_deleted) VALUES (35, 'Communication', 'In this session students will understand the techniques of body language in communication.', 6, 'now', 'f');
INSERT INTO cmsession_module (cmsession_id, module_id) VALUES (35, 26);
INSERT INTO lesson (id, type, duration, tags, title, subject, order_id, created_at, is_deleted) VALUES (205,'PRESENTATION', 60, 'communication', '8_Communication', 'banking-1', 1, 'now','f');
INSERT INTO lesson_cmsession (lesson_id, cmsession_id) VALUES (205, 35);
INSERT INTO lesson (id, type, duration, tags, title, subject, order_id, created_at, is_deleted) VALUES (207,'PRESENTATION', 20, '', 'LESSON-2', 'NONE', 2, 'now','f');
INSERT INTO lesson_cmsession (lesson_id, cmsession_id) VALUES (207, 35);
INSERT INTO cmsession (id, title, description, order_id, created_at, is_deleted) VALUES (36, 'Communication', 'In this session the students will understand the importance of body language in sales.', 7, 'now', 'f');
INSERT INTO cmsession_module (cmsession_id, module_id) VALUES (36, 26);
INSERT INTO lesson (id, type, duration, tags, title, subject, order_id, created_at, is_deleted) VALUES (206,'PRESENTATION', 60, 'communication', '9_Communication', 'none', 1, 'now','f');
INSERT INTO lesson_cmsession (lesson_id, cmsession_id) VALUES (206, 36);
INSERT INTO lesson (id, type, duration, tags, title, subject, order_id, created_at, is_deleted) VALUES (211,'PRESENTATION', 20, '', 'LESSON-0', 'NONE', 2, 'now','f');
INSERT INTO lesson_cmsession (lesson_id, cmsession_id) VALUES (211, 36);
INSERT INTO cmsession (id, title, description, order_id, created_at, is_deleted) VALUES (37, 'Grooming', 'In this session students will learn the grooming techniques for salespeople.', 8, 'now', 'f');
INSERT INTO cmsession_module (cmsession_id, module_id) VALUES (37, 26);
INSERT INTO lesson (id, type, duration, tags, title, subject, order_id, created_at, is_deleted) VALUES (217,'PRESENTATION', 60, 'Grooming', '10_Grooming', 'banking-1', 1, 'now','f');
INSERT INTO lesson_cmsession (lesson_id, cmsession_id) VALUES (217, 37);
INSERT INTO lesson (id, type, duration, tags, title, subject, order_id, created_at, is_deleted) VALUES (218,'PRESENTATION', 20, '', 'LESSON-1', 'NONE', 2, 'now','f');
INSERT INTO lesson_cmsession (lesson_id, cmsession_id) VALUES (218, 37);
INSERT INTO module (id, module_name, order_id, is_deleted) VALUES (27, 'Sales process', 3, 'f');
INSERT INTO module_course (module_id, course_id) VALUES (27, 2);
INSERT INTO cmsession (id, title, description, order_id, created_at, is_deleted) VALUES (38, 'Sales pitch', 'In this session the students will learn the importance of sales pitch while making a sales presentation.', 1, 'now', 'f');
INSERT INTO cmsession_module (cmsession_id, module_id) VALUES (38, 27);
INSERT INTO lesson (id, type, duration, tags, title, subject, order_id, created_at, is_deleted) VALUES (224,'PRESENTATION', 60, 'Product,Pitch', '11_Product Pitch', 'banking-1', 1, 'now','f');
INSERT INTO lesson_cmsession (lesson_id, cmsession_id) VALUES (224, 38);
INSERT INTO lesson (id, type, duration, tags, title, subject, order_id, created_at, is_deleted) VALUES (223,'PRESENTATION', 20, '', 'LESSON-0', 'none', 2, 'now','f');
INSERT INTO lesson_cmsession (lesson_id, cmsession_id) VALUES (223, 38);
INSERT INTO cmsession (id, title, description, order_id, created_at, is_deleted) VALUES (39, 'Sales pitch', 'In this session the students will learn how to make an effective sales pitch.', 2, 'now', 'f');
INSERT INTO cmsession_module (cmsession_id, module_id) VALUES (39, 27);
INSERT INTO lesson (id, type, duration, tags, title, subject, order_id, created_at, is_deleted) VALUES (225,'PRESENTATION', 20, 'sales', '12_how do you make an effective sales?', 'banking-1', 1, 'now','f');
INSERT INTO lesson_cmsession (lesson_id, cmsession_id) VALUES (225, 39);
INSERT INTO lesson (id, type, duration, tags, title, subject, order_id, created_at, is_deleted) VALUES (229,'PRESENTATION', 20, '', 'LESSON-0', 'NONE', 2, 'now','f');
INSERT INTO lesson_cmsession (lesson_id, cmsession_id) VALUES (229, 39);
INSERT INTO cmsession (id, title, description, order_id, created_at, is_deleted) VALUES (40, 'Timing of calls', 'In this session the students will learn about the right time of calling a customer.', 3, 'now', 'f');
INSERT INTO cmsession_module (cmsession_id, module_id) VALUES (40, 27);
INSERT INTO lesson (id, type, duration, tags, title, subject, order_id, created_at, is_deleted) VALUES (235,'PRESENTATION', 20, 'sales,deliverables', '13_Timing of Sales and Deliverables', 'banking-1', 1, 'now','f');
INSERT INTO lesson_cmsession (lesson_id, cmsession_id) VALUES (235, 40);
INSERT INTO lesson (id, type, duration, tags, title, subject, order_id, created_at, is_deleted) VALUES (236,'PRESENTATION', 20, '', 'LESSON-1', 'NONE', 2, 'now','f');
INSERT INTO lesson_cmsession (lesson_id, cmsession_id) VALUES (236, 40);
INSERT INTO cmsession (id, title, description, order_id, created_at, is_deleted) VALUES (41, 'Outcomes from a sales meeting', 'In this session the students will learn what are the sales outcomes and how to ensure positives outcomes from a sales meeting.', 4, 'now', 'f');
INSERT INTO cmsession_module (cmsession_id, module_id) VALUES (41, 27);
INSERT INTO lesson (id, type, duration, tags, title, subject, order_id, created_at, is_deleted) VALUES (241,'PRESENTATION', 20, 'sales,calls', '14_GettingMostOutofSalesCalls', 'banking-1', 1, 'now','f');
INSERT INTO lesson_cmsession (lesson_id, cmsession_id) VALUES (241, 41);
INSERT INTO lesson (id, type, duration, tags, title, subject, order_id, created_at, is_deleted) VALUES (242,'PRESENTATION', 20, '', 'LESSON-1', 'NONE', 2, 'now','f');
INSERT INTO lesson_cmsession (lesson_id, cmsession_id) VALUES (242, 41);
INSERT INTO cmsession (id, title, description, order_id, created_at, is_deleted) VALUES (42, 'Prospect Diary', 'In this session the students will learn the importance of maintaining a prospect diary for a sales person.', 5, 'now', 'f');
INSERT INTO cmsession_module (cmsession_id, module_id) VALUES (42, 27);
INSERT INTO lesson (id, type, duration, tags, title, subject, order_id, created_at, is_deleted) VALUES (247,'PRESENTATION', 20, 'Diary,Sales', '15_Prospect Diary', 'banking-1', 1, 'now','f');
INSERT INTO lesson_cmsession (lesson_id, cmsession_id) VALUES (247, 42);
INSERT INTO lesson (id, type, duration, tags, title, subject, order_id, created_at, is_deleted) VALUES (248,'PRESENTATION', 20, 'Sales', 'Prospect of Diary', 'none', 2, 'now','f');
INSERT INTO lesson_cmsession (lesson_id, cmsession_id) VALUES (248, 42);
INSERT INTO cmsession (id, title, description, order_id, created_at, is_deleted) VALUES (43, 'Lead Qualification & Prioritization', 'In this session the students will learn what is lead qualification and prioritization.', 6, 'now', 'f');
INSERT INTO cmsession_module (cmsession_id, module_id) VALUES (43, 27);
INSERT INTO lesson (id, type, duration, tags, title, subject, order_id, created_at, is_deleted) VALUES (253,'PRESENTATION', 20, 'Prioritization', '16_Lead Qualification_Prioritization', 'banking-1', 1, 'now','f');
INSERT INTO lesson_cmsession (lesson_id, cmsession_id) VALUES (253, 43);
INSERT INTO lesson (id, type, duration, tags, title, subject, order_id, created_at, is_deleted) VALUES (254,'PRESENTATION', 20, '', 'LESSON-1', 'NONE', 2, 'now','f');
INSERT INTO lesson_cmsession (lesson_id, cmsession_id) VALUES (254, 43);
INSERT INTO cmsession (id, title, description, order_id, created_at, is_deleted) VALUES (44, 'Lead Qualification & Prioritization', 'In this session the students will learn how to qualify and prioritize a lead.', 7, 'now', 'f');
INSERT INTO cmsession_module (cmsession_id, module_id) VALUES (44, 27);
INSERT INTO lesson (id, type, duration, tags, title, subject, order_id, created_at, is_deleted) VALUES (259,'PRESENTATION', 20, 'Prioritization', '17_Lead Qualification & Prioritization', 'banking-1', 1, 'now','f');
INSERT INTO lesson_cmsession (lesson_id, cmsession_id) VALUES (259, 44);
INSERT INTO lesson (id, type, duration, tags, title, subject, order_id, created_at, is_deleted) VALUES (260,'PRESENTATION', 20, '', 'LESSON-1', 'NONE', 2, 'now','f');
INSERT INTO lesson_cmsession (lesson_id, cmsession_id) VALUES (260, 44);
INSERT INTO module (id, module_name, order_id, is_deleted) VALUES (28, 'Sales Process: Assist', 4, 'f');
INSERT INTO module_course (module_id, course_id) VALUES (28, 2);
INSERT INTO cmsession (id, title, description, order_id, created_at, is_deleted) VALUES (45, 'Understanding the customer', 'In the session the students will understand the importance of understanding a customer before a sales pitch.', 1, 'now', 'f');
INSERT INTO cmsession_module (cmsession_id, module_id) VALUES (45, 28);
INSERT INTO lesson (id, type, duration, tags, title, subject, order_id, created_at, is_deleted) VALUES (265,'PRESENTATION', 60, 'understanding,customer', '18_Understanding Customer', 'banking-1', 1, 'now','f');
INSERT INTO lesson_cmsession (lesson_id, cmsession_id) VALUES (265, 45);
INSERT INTO lesson (id, type, duration, tags, title, subject, order_id, created_at, is_deleted) VALUES (266,'PRESENTATION', 20, '', 'LESSON-1', 'NONE', 2, 'now','f');
INSERT INTO lesson_cmsession (lesson_id, cmsession_id) VALUES (266, 45);
INSERT INTO cmsession (id, title, description, order_id, created_at, is_deleted) VALUES (46, 'Understanding the customer requirement', 'In this session the students will understand the how to identify customer requirements and pitch product based on customer needs.', 2, 'now', 'f');
INSERT INTO cmsession_module (cmsession_id, module_id) VALUES (46, 28);
INSERT INTO lesson (id, type, duration, tags, title, subject, order_id, created_at, is_deleted) VALUES (271,'PRESENTATION', 20, 'Sales', '19_Understanding the customer requirement', 'banking-1', 1, 'now','f');
INSERT INTO lesson_cmsession (lesson_id, cmsession_id) VALUES (271, 46);
INSERT INTO lesson (id, type, duration, tags, title, subject, order_id, created_at, is_deleted) VALUES (272,'PRESENTATION', 20, '', 'LESSON-1', 'NONE', 2, 'now','f');
INSERT INTO lesson_cmsession (lesson_id, cmsession_id) VALUES (272, 46);
INSERT INTO cmsession (id, title, description, order_id, created_at, is_deleted) VALUES (47, 'Product Knowledge', 'In this session the students will understand the importance of product knowledge while making a sales pitch.', 3, 'now', 'f');
INSERT INTO cmsession_module (cmsession_id, module_id) VALUES (47, 28);
INSERT INTO lesson (id, type, duration, tags, title, subject, order_id, created_at, is_deleted) VALUES (277,'PRESENTATION', 20, 'product,knowledge', '20_Product Knowledge', 'banking-1', 1, 'now','f');
INSERT INTO lesson_cmsession (lesson_id, cmsession_id) VALUES (277, 47);
INSERT INTO lesson (id, type, duration, tags, title, subject, order_id, created_at, is_deleted) VALUES (278,'PRESENTATION', 20, '', 'LESSON-1', 'NONE', 2, 'now','f');
INSERT INTO lesson_cmsession (lesson_id, cmsession_id) VALUES (278, 47);
INSERT INTO cmsession (id, title, description, order_id, created_at, is_deleted) VALUES (48, 'Using product knowledge for selling a product', 'In this session the students will learn how to use product knowledge while selling a product.', 4, 'now', 'f');
INSERT INTO cmsession_module (cmsession_id, module_id) VALUES (48, 28);
INSERT INTO lesson (id, type, duration, tags, title, subject, order_id, created_at, is_deleted) VALUES (283,'PRESENTATION', 20, 'Product knowledge', '21_Product Knowledge', 'banking-1', 1, 'now','f');
INSERT INTO lesson_cmsession (lesson_id, cmsession_id) VALUES (283, 48);
INSERT INTO lesson (id, type, duration, tags, title, subject, order_id, created_at, is_deleted) VALUES (284,'PRESENTATION', 20, '', 'LESSON-1', 'NONE', 2, 'now','f');
INSERT INTO lesson_cmsession (lesson_id, cmsession_id) VALUES (284, 48);
INSERT INTO module (id, module_name, order_id, is_deleted) VALUES (29, 'Sales Process: Demo/Pitch', 5, 'f');
INSERT INTO module_course (module_id, course_id) VALUES (29, 2);
INSERT INTO cmsession (id, title, description, order_id, created_at, is_deleted) VALUES (49, 'Product demonstration', 'In this session the students will understand the importance of product demo while selling a product. They will also learn how to customize a product demo based on customer profile.', 1, 'now', 'f');
INSERT INTO cmsession_module (cmsession_id, module_id) VALUES (49, 29);
INSERT INTO lesson (id, type, duration, tags, title, subject, order_id, created_at, is_deleted) VALUES (289,'PRESENTATION', 20, 'Product Demo', '22_Product Demo', 'banking-1', 1, 'now','f');
INSERT INTO lesson_cmsession (lesson_id, cmsession_id) VALUES (289, 49);
INSERT INTO lesson (id, type, duration, tags, title, subject, order_id, created_at, is_deleted) VALUES (290,'PRESENTATION', 20, '', 'LESSON-1', 'NONE', 2, 'now','f');
INSERT INTO lesson_cmsession (lesson_id, cmsession_id) VALUES (290, 49);
INSERT INTO cmsession (id, title, description, order_id, created_at, is_deleted) VALUES (50, 'Cross Selling', 'In this session students will learn what is cross selling and its importance. They will also learn how to cross sell a product or service.', 2, 'now', 'f');
INSERT INTO cmsession_module (cmsession_id, module_id) VALUES (50, 29);
INSERT INTO lesson (id, type, duration, tags, title, subject, order_id, created_at, is_deleted) VALUES (295,'PRESENTATION', 20, 'Sales,Cross Selling', '23_Cross Selling', 'banking-1', 1, 'now','f');
INSERT INTO lesson_cmsession (lesson_id, cmsession_id) VALUES (295, 50);
INSERT INTO lesson (id, type, duration, tags, title, subject, order_id, created_at, is_deleted) VALUES (296,'PRESENTATION', 20, '', 'LESSON-1', 'NONE', 2, 'now','f');
INSERT INTO lesson_cmsession (lesson_id, cmsession_id) VALUES (296, 50);
INSERT INTO cmsession (id, title, description, order_id, created_at, is_deleted) VALUES (51, 'Upselling', 'In this session students will learn what is up selling and its importance. They will also learn how to up sell a product or service.', 3, 'now', 'f');
INSERT INTO cmsession_module (cmsession_id, module_id) VALUES (51, 29);
INSERT INTO lesson (id, type, duration, tags, title, subject, order_id, created_at, is_deleted) VALUES (301,'PRESENTATION', 20, 'Sales', '24_Upselling', 'banking-1', 1, 'now','f');
INSERT INTO lesson_cmsession (lesson_id, cmsession_id) VALUES (301, 51);
INSERT INTO lesson (id, type, duration, tags, title, subject, order_id, created_at, is_deleted) VALUES (302,'PRESENTATION', 20, '', 'LESSON-1', 'NONE', 2, 'now','f');
INSERT INTO lesson_cmsession (lesson_id, cmsession_id) VALUES (302, 51);
INSERT INTO module (id, module_name, order_id, is_deleted) VALUES (30, 'Sales Process: Persuade', 6, 'f');
INSERT INTO module_course (module_id, course_id) VALUES (30, 2);
INSERT INTO cmsession (id, title, description, order_id, created_at, is_deleted) VALUES (52, 'Objection Handling', 'In this session the students will learn how to handle customer rejection by using product features to advantage.', 1, 'now', 'f');
INSERT INTO cmsession_module (cmsession_id, module_id) VALUES (52, 30);
INSERT INTO lesson (id, type, duration, tags, title, subject, order_id, created_at, is_deleted) VALUES (307,'PRESENTATION', 20, 'sales', '25_Handling Customer Objections', 'banking-1', 1, 'now','f');
INSERT INTO lesson_cmsession (lesson_id, cmsession_id) VALUES (307, 52);
INSERT INTO lesson (id, type, duration, tags, title, subject, order_id, created_at, is_deleted) VALUES (308,'PRESENTATION', 20, '', 'LESSON-1', 'NONE', 2, 'now','f');
INSERT INTO lesson_cmsession (lesson_id, cmsession_id) VALUES (308, 52);
INSERT INTO cmsession (id, title, description, order_id, created_at, is_deleted) VALUES (53, 'Objection Handling', 'In this session the students will learn how to handle customer rejection.', 2, 'now', 'f');
INSERT INTO cmsession_module (cmsession_id, module_id) VALUES (53, 30);
INSERT INTO lesson (id, type, duration, tags, title, subject, order_id, created_at, is_deleted) VALUES (313,'PRESENTATION', 20, 'handling customer objection', '26_handling_customer_objection', 'banking-1', 1, 'now','f');
INSERT INTO lesson_cmsession (lesson_id, cmsession_id) VALUES (313, 53);
INSERT INTO lesson (id, type, duration, tags, title, subject, order_id, created_at, is_deleted) VALUES (314,'PRESENTATION', 20, '', 'LESSON-1', 'NONE', 2, 'now','f');
INSERT INTO lesson_cmsession (lesson_id, cmsession_id) VALUES (314, 53);
INSERT INTO module (id, module_name, order_id, is_deleted) VALUES (31, 'Sales Process: Close', 7, 'f');
INSERT INTO module_course (module_id, course_id) VALUES (31, 2);
INSERT INTO cmsession (id, title, description, order_id, created_at, is_deleted) VALUES (54, 'Closure Cues and Techniques', 'In this session the students will learn sales closing techniques.', 1, 'now', 'f');
INSERT INTO cmsession_module (cmsession_id, module_id) VALUES (54, 31);
INSERT INTO lesson (id, type, duration, tags, title, subject, order_id, created_at, is_deleted) VALUES (319,'PRESENTATION', 20, 'Sales', '27_Closing the Sales', 'banking-1', 1, 'now','f');
INSERT INTO lesson_cmsession (lesson_id, cmsession_id) VALUES (319, 54);
INSERT INTO lesson (id, type, duration, tags, title, subject, order_id, created_at, is_deleted) VALUES (320,'PRESENTATION', 20, '', 'LESSON-1', 'NONE', 2, 'now','f');
INSERT INTO lesson_cmsession (lesson_id, cmsession_id) VALUES (320, 54);
INSERT INTO cmsession (id, title, description, order_id, created_at, is_deleted) VALUES (55, 'Closure Cues and Techniques', 'In this session the students will learn how to close a sales.', 2, 'now', 'f');
INSERT INTO cmsession_module (cmsession_id, module_id) VALUES (55, 31);
INSERT INTO lesson (id, type, duration, tags, title, subject, order_id, created_at, is_deleted) VALUES (325,'PRESENTATION', 60, 'cues', '28_Closing the sales', 'banking-1', 1, 'now','f');
INSERT INTO lesson_cmsession (lesson_id, cmsession_id) VALUES (325, 55);
INSERT INTO cmsession (id, title, description, order_id, created_at, is_deleted) VALUES (56, 'Negotiation tactics & strategies', 'In this session the students will learn what are the negotiation strategies while selling a product.', 3, 'now', 'f');
INSERT INTO cmsession_module (cmsession_id, module_id) VALUES (56, 31);
INSERT INTO lesson (id, type, duration, tags, title, subject, order_id, created_at, is_deleted) VALUES (331,'PRESENTATION', 20, '', 'LESSON-0', 'NONE', 1, 'now','f');
INSERT INTO lesson_cmsession (lesson_id, cmsession_id) VALUES (331, 56);
INSERT INTO lesson (id, type, duration, tags, title, subject, order_id, created_at, is_deleted) VALUES (332,'PRESENTATION', 20, '', 'LESSON-1', 'NONE', 2, 'now','f');
INSERT INTO lesson_cmsession (lesson_id, cmsession_id) VALUES (332, 56);
INSERT INTO cmsession (id, title, description, order_id, created_at, is_deleted) VALUES (57, 'Negotiation tactics & strategies', 'In this session students will learn how to negotiate for maximum benefit.', 4, 'now', 'f');
INSERT INTO cmsession_module (cmsession_id, module_id) VALUES (57, 31);
INSERT INTO lesson (id, type, duration, tags, title, subject, order_id, created_at, is_deleted) VALUES (337,'PRESENTATION', 20, '', 'LESSON-0', 'NONE', 1, 'now','f');
INSERT INTO lesson_cmsession (lesson_id, cmsession_id) VALUES (337, 57);
INSERT INTO lesson (id, type, duration, tags, title, subject, order_id, created_at, is_deleted) VALUES (338,'PRESENTATION', 20, '', 'LESSON-1', 'NONE', 2, 'now','f');
INSERT INTO lesson_cmsession (lesson_id, cmsession_id) VALUES (338, 57);
INSERT INTO course (id, course_name, course_description, tags, created_at) VALUES (3, 'Tally ERP Level I', 'Accounting concept, creation of companies, masters of ledgers and groups in Tally.', NULL, 'now');
INSERT INTO module (id, module_name, order_id, is_deleted) VALUES (32, 'Accounting Concepts', 1, 'f');
INSERT INTO module_course (module_id, course_id) VALUES (32, 3);
INSERT INTO cmsession (id, title, description, order_id, created_at, is_deleted) VALUES (58, '01_Accounting Concepts 1', 'This session introduces the students to some basic definitions of asset, expense, liability and income and meaning and need for accounting', 1, 'now', 'f');
INSERT INTO cmsession_module (cmsession_id, module_id) VALUES (58, 32);
INSERT INTO lesson (id, type, duration, tags, title, subject, order_id, created_at, is_deleted) VALUES (343,'PRESENTATION', 20, 'Accounting', '01_Accounting Concepts_01', 'banking-1', 1, 'now','f');
INSERT INTO lesson_cmsession (lesson_id, cmsession_id) VALUES (343, 58);
INSERT INTO cmsession (id, title, description, order_id, created_at, is_deleted) VALUES (59, '02_Accounting Concepts 2', 'This session introduces the students to some basic definitions of goods and services and help the students to identify various types of organisations', 2, 'now', 'f');
INSERT INTO cmsession_module (cmsession_id, module_id) VALUES (59, 32);
INSERT INTO lesson (id, type, duration, tags, title, subject, order_id, created_at, is_deleted) VALUES (349,'PRESENTATION', 20, 'Tags', '02_Accounting Concepts', 'banking-1', 1, 'now','f');
INSERT INTO lesson_cmsession (lesson_id, cmsession_id) VALUES (349, 59);
INSERT INTO cmsession (id, title, description, order_id, created_at, is_deleted) VALUES (60, '03_Accounting Concepts 3', 'This sessions teaches the students meaning of accounting period, purchases, sales, inventory, debtor, creditor and share capital', 3, 'now', 'f');
INSERT INTO cmsession_module (cmsession_id, module_id) VALUES (60, 32);
INSERT INTO lesson (id, type, duration, tags, title, subject, order_id, created_at, is_deleted) VALUES (355,'PRESENTATION', 20, '', '03_Accounting Concepts', 'banking-1', 1, 'now','f');
INSERT INTO lesson_cmsession (lesson_id, cmsession_id) VALUES (355, 60);
INSERT INTO cmsession (id, title, description, order_id, created_at, is_deleted) VALUES (61, '04_Accounting Concepts- Expense & Asset', 'This session enables the students to classify cash outflow into expense or asset', 4, 'now', 'f');
INSERT INTO cmsession_module (cmsession_id, module_id) VALUES (61, 32);
INSERT INTO lesson (id, type, duration, tags, title, subject, order_id, created_at, is_deleted) VALUES (361,'PRESENTATION', 20, 'tally,accounting', '04_Accounting Concepts 4', 'banking-1', 1, 'now','f');
INSERT INTO lesson_cmsession (lesson_id, cmsession_id) VALUES (361, 61);
INSERT INTO cmsession (id, title, description, order_id, created_at, is_deleted) VALUES (62, '05_Depreciation', 'This session introduces the students to the concept of depreciation and various methods of depreciation', 5, 'now', 'f');
INSERT INTO cmsession_module (cmsession_id, module_id) VALUES (62, 32);
INSERT INTO lesson (id, type, duration, tags, title, subject, order_id, created_at, is_deleted) VALUES (367,'PRESENTATION', 20, 'Accounting', '05_Depreciation', 'banking-1', 1, 'now','f');
INSERT INTO lesson_cmsession (lesson_id, cmsession_id) VALUES (367, 62);
INSERT INTO cmsession (id, title, description, order_id, created_at, is_deleted) VALUES (63, '06_Accounting Concepts- Income & Liability', 'This session enables the students to classify cash inflow into liability or income', 6, 'now', 'f');
INSERT INTO cmsession_module (cmsession_id, module_id) VALUES (63, 32);
INSERT INTO lesson (id, type, duration, tags, title, subject, order_id, created_at, is_deleted) VALUES (373,'PRESENTATION', 60, 'Incomes,Expenses', '6_Incomes and Liabilities', 'none', 1, 'now','f');
INSERT INTO lesson_cmsession (lesson_id, cmsession_id) VALUES (373, 63);
INSERT INTO cmsession (id, title, description, order_id, created_at, is_deleted) VALUES (64, '07_Accounting Concepts- Types of accounts', 'This session enables the students to classify accounts into real, personal and nominal', 7, 'now', 'f');
INSERT INTO cmsession_module (cmsession_id, module_id) VALUES (64, 32);
INSERT INTO lesson (id, type, duration, tags, title, subject, order_id, created_at, is_deleted) VALUES (379,'PRESENTATION', 60, 'types,accounts', '07_Types of Accounts', 'banking-1', 1, 'now','f');
INSERT INTO lesson_cmsession (lesson_id, cmsession_id) VALUES (379, 64);
INSERT INTO cmsession (id, title, description, order_id, created_at, is_deleted) VALUES (65, '08_Accounting Concepts- Classification', 'This session introduces the students to golden rules of accounting', 8, 'now', 'f');
INSERT INTO cmsession_module (cmsession_id, module_id) VALUES (65, 32);
INSERT INTO lesson (id, type, duration, tags, title, subject, order_id, created_at, is_deleted) VALUES (385,'PRESENTATION', 20, 'Accounts', '08_Identification of accounts', 'banking-1', 1, 'now','f');
INSERT INTO lesson_cmsession (lesson_id, cmsession_id) VALUES (385, 65);
INSERT INTO module (id, module_name, order_id, is_deleted) VALUES (33, 'Golden Rules of Accounting', 2, 'f');
INSERT INTO module_course (module_id, course_id) VALUES (33, 3);
INSERT INTO cmsession (id, title, description, order_id, created_at, is_deleted) VALUES (66, '09_Golden Rules', 'This session enables the students to pass journal entries by applying golden rules of accounting', 1, 'now', 'f');
INSERT INTO cmsession_module (cmsession_id, module_id) VALUES (66, 33);
INSERT INTO lesson (id, type, duration, tags, title, subject, order_id, created_at, is_deleted) VALUES (391,'PRESENTATION', 20, '', '09_Journal_entries', 'banking-1', 1, 'now','f');
INSERT INTO lesson_cmsession (lesson_id, cmsession_id) VALUES (391, 66);
INSERT INTO module (id, module_name, order_id, is_deleted) VALUES (34, 'Documents', 3, 'f');
INSERT INTO module_course (module_id, course_id) VALUES (34, 3);
INSERT INTO cmsession (id, title, description, order_id, created_at, is_deleted) VALUES (67, '10_Documentation', 'This session introduces the students to the documentation maintained in real life and text book transactions', 1, 'now', 'f');
INSERT INTO cmsession_module (cmsession_id, module_id) VALUES (67, 34);
INSERT INTO lesson (id, type, duration, tags, title, subject, order_id, created_at, is_deleted) VALUES (397,'PRESENTATION', 20, 'tally ii', '10_Documentation', 'banking-1', 1, 'now','f');
INSERT INTO lesson_cmsession (lesson_id, cmsession_id) VALUES (397, 67);
INSERT INTO module (id, module_name, order_id, is_deleted) VALUES (35, 'Tally - Introduction', 4, 'f');
INSERT INTO module_course (module_id, course_id) VALUES (35, 3);
INSERT INTO cmsession (id, title, description, order_id, created_at, is_deleted) VALUES (68, '11_Introduction to Tally', 'This course introduces Tally ERP9 to the students and how to run Tally software', 1, 'now', 'f');
INSERT INTO cmsession_module (cmsession_id, module_id) VALUES (68, 35);
INSERT INTO lesson (id, type, duration, tags, title, subject, order_id, created_at, is_deleted) VALUES (403,'PRESENTATION', 60, 'Introduction ,Tally', '11_Introduction to Tally', 'banking-1', 1, 'now','f');
INSERT INTO lesson_cmsession (lesson_id, cmsession_id) VALUES (403, 68);
INSERT INTO module (id, module_name, order_id, is_deleted) VALUES (36, 'Tally - Company creation', 5, 'f');
INSERT INTO module_course (module_id, course_id) VALUES (36, 3);
INSERT INTO cmsession (id, title, description, order_id, created_at, is_deleted) VALUES (69, '12_Creation of company', 'This sessions teaches the students importance of creation of a company and how to create company in Tally software', 1, 'now', 'f');
INSERT INTO cmsession_module (cmsession_id, module_id) VALUES (69, 36);
INSERT INTO lesson (id, type, duration, tags, title, subject, order_id, created_at, is_deleted) VALUES (409,'PRESENTATION', 20, 'tally', '12_Creation of Company', 'banking-1', 1, 'now','f');
INSERT INTO lesson_cmsession (lesson_id, cmsession_id) VALUES (409, 69);
INSERT INTO module (id, module_name, order_id, is_deleted) VALUES (37, 'Tally- Groups', 6, 'f');
INSERT INTO module_course (module_id, course_id) VALUES (37, 3);
INSERT INTO cmsession (id, title, description, order_id, created_at, is_deleted) VALUES (70, '13_Groups', 'This session teaches the students the importance of grouping accounts and how to group accounts in Tally', 1, 'now', 'f');
INSERT INTO cmsession_module (cmsession_id, module_id) VALUES (70, 37);
INSERT INTO lesson (id, type, duration, tags, title, subject, order_id, created_at, is_deleted) VALUES (415,'PRESENTATION', 20, 'Tally,groups', '13_Groups', 'banking-1', 1, 'now','f');
INSERT INTO lesson_cmsession (lesson_id, cmsession_id) VALUES (415, 70);
INSERT INTO module (id, module_name, order_id, is_deleted) VALUES (38, 'Tally- Ledgers', 7, 'f');
INSERT INTO module_course (module_id, course_id) VALUES (38, 3);
INSERT INTO cmsession (id, title, description, order_id, created_at, is_deleted) VALUES (71, '14_Ledgers', 'This session trains the students how to create ledgers and group them accordingly in Tally', 1, 'now', 'f');
INSERT INTO cmsession_module (cmsession_id, module_id) VALUES (71, 38);
INSERT INTO lesson (id, type, duration, tags, title, subject, order_id, created_at, is_deleted) VALUES (421,'PRESENTATION', 20, '', '14_Ledgers', 'banking-1', 1, 'now','f');
INSERT INTO lesson_cmsession (lesson_id, cmsession_id) VALUES (421, 71);
INSERT INTO module (id, module_name, order_id, is_deleted) VALUES (39, 'Tally- Vouchers', 8, 'f');
INSERT INTO module_course (module_id, course_id) VALUES (39, 3);
INSERT INTO cmsession (id, title, description, order_id, created_at, is_deleted) VALUES (72, '15_Vouchers', 'This session trains the students to understand voucher types and pass journal in Tally', 1, 'now', 'f');
INSERT INTO cmsession_module (cmsession_id, module_id) VALUES (72, 39);
INSERT INTO lesson (id, type, duration, tags, title, subject, order_id, created_at, is_deleted) VALUES (427,'PRESENTATION', 20, 'tally,Accounting', '15_Introduction to voucher', 'banking-1', 1, 'now','f');
INSERT INTO lesson_cmsession (lesson_id, cmsession_id) VALUES (427, 72);
INSERT INTO module (id, module_name, order_id, is_deleted) VALUES (437, 'Pre-assessment', 9, 'f');
INSERT INTO module_course (module_id, course_id) VALUES (437, 3);
INSERT INTO course (id, course_name, course_description, tags, created_at) VALUES (4, 'Tally ERP Level II', 'Set up of Tally architecture, masters, vouchers - sales, purchases, receipts, payments, journal and reports.', NULL, 'now');
INSERT INTO module (id, module_name, order_id, is_deleted) VALUES (40, 'Groups & Ledgers', 1, 'f');
INSERT INTO module_course (module_id, course_id) VALUES (40, 4);
INSERT INTO cmsession (id, title, description, order_id, created_at, is_deleted) VALUES (73, '01_Revision for Groups and Ledgers', 'This session allows students to revise the concepts of groups and ledgers in Tally ERP', 1, 'now', 'f');
INSERT INTO cmsession_module (cmsession_id, module_id) VALUES (73, 40);
INSERT INTO lesson (id, type, duration, tags, title, subject, order_id, created_at, is_deleted) VALUES (433,'PRESENTATION', 20, 'Tally', '01_Revision of Groups and Ledgers', 'banking-1', 1, 'now','f');
INSERT INTO lesson_cmsession (lesson_id, cmsession_id) VALUES (433, 73);
INSERT INTO module (id, module_name, order_id, is_deleted) VALUES (41, 'Vouchers', 2, 'f');
INSERT INTO module_course (module_id, course_id) VALUES (41, 4);
INSERT INTO cmsession (id, title, description, order_id, created_at, is_deleted) VALUES (74, '02_Voucher Types ( Revision) and Voucher Configuration', 'At the end of this session, students will be able to revise the concept of vouchers in Tally ERP and implement and update the voucher configuration system in Tally ERP', 1, 'now', 'f');
INSERT INTO cmsession_module (cmsession_id, module_id) VALUES (74, 41);
INSERT INTO lesson (id, type, duration, tags, title, subject, order_id, created_at, is_deleted) VALUES (439,'PRESENTATION', 20, 'tally,vouchers', '02_Introduction to Vouchers', 'banking-1', 1, 'now','f');
INSERT INTO lesson_cmsession (lesson_id, cmsession_id) VALUES (439, 74);
INSERT INTO module (id, module_name, order_id, is_deleted) VALUES (42, 'Voucher Types', 3, 'f');
INSERT INTO module_course (module_id, course_id) VALUES (42, 4);
INSERT INTO cmsession (id, title, description, order_id, created_at, is_deleted) VALUES (75, '03_Purchase,Sale and Journal Vouchers', 'At the end of this session, students will be able to use purchase, sale and journal vouchers in Tally ERP', 1, 'now', 'f');
INSERT INTO cmsession_module (cmsession_id, module_id) VALUES (75, 42);
INSERT INTO lesson (id, type, duration, tags, title, subject, order_id, created_at, is_deleted) VALUES (445,'PRESENTATION', 60, 'Purchase,sales,journal,vouchers', '03_Purchase Sales Journal Vouchers', 'banking-1', 1, 'now','f');
INSERT INTO lesson_cmsession (lesson_id, cmsession_id) VALUES (445, 75);
INSERT INTO cmsession (id, title, description, order_id, created_at, is_deleted) VALUES (76, '04_Payment, Receipt and Contra Vouchers', 'At the end of this session, students will be able to use receipt, payment and contra vouchers in Tally ERP', 2, 'now', 'f');
INSERT INTO cmsession_module (cmsession_id, module_id) VALUES (76, 42);
INSERT INTO lesson (id, type, duration, tags, title, subject, order_id, created_at, is_deleted) VALUES (451,'PRESENTATION', 20, 'tally,receipts,payments,Contra', '04_Receipt, Payment and Contra Vouchers', 'banking-1', 1, 'now','f');
INSERT INTO lesson_cmsession (lesson_id, cmsession_id) VALUES (451, 76);
INSERT INTO module (id, module_name, order_id, is_deleted) VALUES (43, 'Bank Reconciliation Statement', 4, 'f');
INSERT INTO module_course (module_id, course_id) VALUES (43, 4);
INSERT INTO cmsession (id, title, description, order_id, created_at, is_deleted) VALUES (77, '05_Bank Reconciliation Statement', 'At the end of this session, students will be able to construct a bank reconciliation statement in Tally ERP', 1, 'now', 'f');
INSERT INTO cmsession_module (cmsession_id, module_id) VALUES (77, 43);
INSERT INTO lesson (id, type, duration, tags, title, subject, order_id, created_at, is_deleted) VALUES (457,'PRESENTATION', 20, 'Tally,Accounting', '05_Bank Reconciliation Statement', 'banking-1', 1, 'now','f');
INSERT INTO lesson_cmsession (lesson_id, cmsession_id) VALUES (457, 77);
INSERT INTO module (id, module_name, order_id, is_deleted) VALUES (44, 'Expenses', 5, 'f');
INSERT INTO module_course (module_id, course_id) VALUES (44, 4);
INSERT INTO cmsession (id, title, description, order_id, created_at, is_deleted) VALUES (78, 'Expenses', 'At the end of this session, students will be able to account for prepaid expenses and advances in Tally ERP', 1, 'now', 'f');
INSERT INTO cmsession_module (cmsession_id, module_id) VALUES (78, 44);
INSERT INTO lesson (id, type, duration, tags, title, subject, order_id, created_at, is_deleted) VALUES (463,'PRESENTATION', 20, '', '06_Miscellaneous Expenses', 'banking-1', 1, 'now','f');
INSERT INTO lesson_cmsession (lesson_id, cmsession_id) VALUES (463, 78);
INSERT INTO cmsession (id, title, description, order_id, created_at, is_deleted) VALUES (79, 'Expenses', 'At the end of this session, students will be able to account for depreciation and provisions in Tally ERP', 2, 'now', 'f');
INSERT INTO cmsession_module (cmsession_id, module_id) VALUES (79, 44);
INSERT INTO lesson (id, type, duration, tags, title, subject, order_id, created_at, is_deleted) VALUES (469,'PRESENTATION', 60, 'Non Cash,Transactions', '07_Non Cash Transactions', 'banking-1', 1, 'now','f');
INSERT INTO lesson_cmsession (lesson_id, cmsession_id) VALUES (469, 79);
INSERT INTO module (id, module_name, order_id, is_deleted) VALUES (45, 'Case Study on Service Organization', 6, 'f');
INSERT INTO module_course (module_id, course_id) VALUES (45, 4);
INSERT INTO cmsession (id, title, description, order_id, created_at, is_deleted) VALUES (80, 'Case Study on Service Organization', 'At the end of this session, students will be able to effectively use Tally ERP for accounting', 1, 'now', 'f');
INSERT INTO cmsession_module (cmsession_id, module_id) VALUES (80, 45);
INSERT INTO lesson (id, type, duration, tags, title, subject, order_id, created_at, is_deleted) VALUES (475,'PRESENTATION', 20, '', '08_Reehans STYLE salon', 'none', 1, 'now','f');
INSERT INTO lesson_cmsession (lesson_id, cmsession_id) VALUES (475, 80);
INSERT INTO lesson (id, type, duration, tags, title, subject, order_id, created_at, is_deleted) VALUES (476,'PRESENTATION', 20, '', 'LESSON-1', 'NONE', 2, 'now','f');
INSERT INTO lesson_cmsession (lesson_id, cmsession_id) VALUES (476, 80);
INSERT INTO cmsession (id, title, description, order_id, created_at, is_deleted) VALUES (84, 'Case Study on Service Organizations', 'At the end of this session, students will be able to effectively use Tally ERP for accounting', 2, 'now', 'f');
INSERT INTO cmsession_module (cmsession_id, module_id) VALUES (84, 45);
INSERT INTO lesson (id, type, duration, tags, title, subject, order_id, created_at, is_deleted) VALUES (499,'PRESENTATION', 60, 'Bling,Studio', '9_The Bling Studio', 'banking-1', 1, 'now','f');
INSERT INTO lesson_cmsession (lesson_id, cmsession_id) VALUES (499, 84);
INSERT INTO lesson (id, type, duration, tags, title, subject, order_id, created_at, is_deleted) VALUES (500,'PRESENTATION', 20, '', 'LESSON-1', 'NONE', 2, 'now','f');
INSERT INTO lesson_cmsession (lesson_id, cmsession_id) VALUES (500, 84);
INSERT INTO cmsession (id, title, description, order_id, created_at, is_deleted) VALUES (85, 'Case Study on Service Organizations', 'At the end of this session, students will be able to effectively use Tally ERP for accounting', 3, 'now', 'f');
INSERT INTO cmsession_module (cmsession_id, module_id) VALUES (85, 45);
INSERT INTO lesson (id, type, duration, tags, title, subject, order_id, created_at, is_deleted) VALUES (505,'PRESENTATION', 20, '', '10_Rehaans other Miscellaneous expenses', 'banking-1', 1, 'now','f');
INSERT INTO lesson_cmsession (lesson_id, cmsession_id) VALUES (505, 85);
INSERT INTO lesson (id, type, duration, tags, title, subject, order_id, created_at, is_deleted) VALUES (507,'PRESENTATION', 20, '', 'LESSON-2', 'NONE', 2, 'now','f');
INSERT INTO lesson_cmsession (lesson_id, cmsession_id) VALUES (507, 85);
INSERT INTO cmsession (id, title, description, order_id, created_at, is_deleted) VALUES (86, 'Reports', 'At the end of this session, students will be able to access different kinds of reports in Tally ERP', 4, 'now', 'f');
INSERT INTO cmsession_module (cmsession_id, module_id) VALUES (86, 45);
INSERT INTO lesson (id, type, duration, tags, title, subject, order_id, created_at, is_deleted) VALUES (493,'PRESENTATION', 20, 'Tally,Reports,Accounting', '11_Reports', 'banking-1', 1, 'now','f');
INSERT INTO lesson_cmsession (lesson_id, cmsession_id) VALUES (493, 86);
INSERT INTO lesson (id, type, duration, tags, title, subject, order_id, created_at, is_deleted) VALUES (511,'PRESENTATION', 20, '', 'LESSON-0', 'NONE', 2, 'now','f');
INSERT INTO lesson_cmsession (lesson_id, cmsession_id) VALUES (511, 86);
INSERT INTO cmsession (id, title, description, order_id, created_at, is_deleted) VALUES (87, 'Case Study on Trading Organizations', 'At the end of this session, students will be able to effectively use Tally ERP for accounting', 5, 'now', 'f');
INSERT INTO cmsession_module (cmsession_id, module_id) VALUES (87, 45);
INSERT INTO lesson (id, type, duration, tags, title, subject, order_id, created_at, is_deleted) VALUES (517,'PRESENTATION', 20, 'tally', '12_Case study on trading org 1', 'banking-1', 1, 'now','f');
INSERT INTO lesson_cmsession (lesson_id, cmsession_id) VALUES (517, 87);
INSERT INTO lesson (id, type, duration, tags, title, subject, order_id, created_at, is_deleted) VALUES (519,'PRESENTATION', 20, '', 'LESSON-2', 'NONE', 2, 'now','f');
INSERT INTO lesson_cmsession (lesson_id, cmsession_id) VALUES (519, 87);
INSERT INTO module (id, module_name, order_id, is_deleted) VALUES (46, 'Case Study on Trading Organization', 7, 'f');
INSERT INTO module_course (module_id, course_id) VALUES (46, 4);
INSERT INTO cmsession (id, title, description, order_id, created_at, is_deleted) VALUES (81, 'Case Study on Service Organization', 'At the end of this session, students will be able to effectively use Tally ERP for accounting', 1, 'now', 'f');
INSERT INTO cmsession_module (cmsession_id, module_id) VALUES (81, 46);
INSERT INTO lesson (id, type, duration, tags, title, subject, order_id, created_at, is_deleted) VALUES (506,'PRESENTATION', 20, 'Tally', '13_Case study: Rehaans Design House', 'banking-1', 1, 'now','f');
INSERT INTO lesson_cmsession (lesson_id, cmsession_id) VALUES (506, 81);
INSERT INTO lesson (id, type, duration, tags, title, subject, order_id, created_at, is_deleted) VALUES (481,'PRESENTATION', 20, '', 'LESSON-0', 'NONE', 2, 'now','f');
INSERT INTO lesson_cmsession (lesson_id, cmsession_id) VALUES (481, 81);
INSERT INTO cmsession (id, title, description, order_id, created_at, is_deleted) VALUES (82, 'Case Study on Service Organization', 'At the end of this session, students will be able to effectively use Tally ERP for accounting', 2, 'now', 'f');
INSERT INTO cmsession_module (cmsession_id, module_id) VALUES (82, 46);
INSERT INTO lesson (id, type, duration, tags, title, subject, order_id, created_at, is_deleted) VALUES (512,'PRESENTATION', 20, '', '14_Schedule of Malhotra Designs', 'banking-1', 1, 'now','f');
INSERT INTO lesson_cmsession (lesson_id, cmsession_id) VALUES (512, 82);
INSERT INTO lesson (id, type, duration, tags, title, subject, order_id, created_at, is_deleted) VALUES (488,'PRESENTATION', 20, '', 'LESSON-1', 'NONE', 2, 'now','f');
INSERT INTO lesson_cmsession (lesson_id, cmsession_id) VALUES (488, 82);
INSERT INTO module (id, module_name, order_id, is_deleted) VALUES (47, 'Case Study on Trading Organization', 8, 'f');
INSERT INTO module_course (module_id, course_id) VALUES (47, 4);
INSERT INTO cmsession (id, title, description, order_id, created_at, is_deleted) VALUES (83, 'Case Study on Trading Organization', 'At the end of this session, students will be able to effectively use Tally ERP for accounting', 1, 'now', 'f');
INSERT INTO cmsession_module (cmsession_id, module_id) VALUES (83, 47);
INSERT INTO lesson (id, type, duration, tags, title, subject, order_id, created_at, is_deleted) VALUES (518,'PRESENTATION', 60, 'Case Study,Rehaan,Design,House', '15_Case Study : Rehaans Design House', 'banking-1', 1, 'now','f');
INSERT INTO lesson_cmsession (lesson_id, cmsession_id) VALUES (518, 83);
INSERT INTO cmsession (id, title, description, order_id, created_at, is_deleted) VALUES (999, 'Mid-term assessments Level II', 'Mid term assessments for Tally ERP level II', 2, 'now', 'f');
INSERT INTO cmsession_module (cmsession_id, module_id) VALUES (999, 47);
INSERT INTO lesson (id, type, duration, tags, title, subject, order_id, created_at, is_deleted) VALUES (5598,'PRESENTATION', 20, '', '02_Mid term_Tally II', 'NONE', 2, 'now','f');
INSERT INTO lesson_cmsession (lesson_id, cmsession_id) VALUES (5598, 999);
INSERT INTO course (id, course_name, course_description, tags, created_at) VALUES (5, 'Retail Banking', 'Theory and practical sessions on Banking Regulations, SARFAESI Act, Negotiable Instruments Act, KYC 
Theory and practical sessions on Banking Regulations, SARFAESI Act, Negotiable Instruments Act, KYC', NULL, 'now');
INSERT INTO module (id, module_name, order_id, is_deleted) VALUES (48, 'Indian Financial System', 1, 'f');
INSERT INTO module_course (module_id, course_id) VALUES (48, 5);
INSERT INTO cmsession (id, title, description, order_id, created_at, is_deleted) VALUES (88, '01 Introduction to the Indian Financial System', 'This session is an introduction to the Indian Financial System', 1, 'now', 'f');
INSERT INTO cmsession_module (cmsession_id, module_id) VALUES (88, 48);
INSERT INTO lesson (id, type, duration, tags, title, subject, order_id, created_at, is_deleted) VALUES (523,'PRESENTATION', 60, 'Banking ,introduction', '01_Banking introduction', 'banking-1', 1, 'now','f');
INSERT INTO lesson_cmsession (lesson_id, cmsession_id) VALUES (523, 88);
INSERT INTO module (id, module_name, order_id, is_deleted) VALUES (49, 'Indian Financial System 1', 2, 'f');
INSERT INTO module_course (module_id, course_id) VALUES (49, 5);
INSERT INTO cmsession (id, title, description, order_id, created_at, is_deleted) VALUES (89, 'Introduction to the Indian Financial System 2', 'This is an introduction to the need for a central bank', 1, 'now', 'f');
INSERT INTO cmsession_module (cmsession_id, module_id) VALUES (89, 49);
INSERT INTO lesson (id, type, duration, tags, title, subject, order_id, created_at, is_deleted) VALUES (524,'PRESENTATION', 20, 'Banking,Introduction', '02_Banking Intoduction', 'banking-1', 1, 'now','f');
INSERT INTO lesson_cmsession (lesson_id, cmsession_id) VALUES (524, 89);
INSERT INTO module (id, module_name, order_id, is_deleted) VALUES (50, 'Types of banks', 3, 'f');
INSERT INTO module_course (module_id, course_id) VALUES (50, 5);
INSERT INTO cmsession (id, title, description, order_id, created_at, is_deleted) VALUES (90, 'Types of banks', 'This session is on the different types of banks in the financial system', 1, 'now', 'f');
INSERT INTO cmsession_module (cmsession_id, module_id) VALUES (90, 50);
INSERT INTO lesson (id, type, duration, tags, title, subject, order_id, created_at, is_deleted) VALUES (535,'PRESENTATION', 20, '', 'LESSON-0', 'banking-1', 1, 'now','f');
INSERT INTO lesson_cmsession (lesson_id, cmsession_id) VALUES (535, 90);
INSERT INTO lesson (id, type, duration, tags, title, subject, order_id, created_at, is_deleted) VALUES (538,'PRESENTATION', 60, 'Banks,types', '03_Types of Banks', 'banking-1', 3, 'now','f');
INSERT INTO lesson_cmsession (lesson_id, cmsession_id) VALUES (538, 90);
INSERT INTO module (id, module_name, order_id, is_deleted) VALUES (51, 'Operation of Banks', 4, 'f');
INSERT INTO module_course (module_id, course_id) VALUES (51, 5);
INSERT INTO cmsession (id, title, description, order_id, created_at, is_deleted) VALUES (91, 'Operation of Banks 1', 'This session provides an overview on the working of banks', 1, 'now', 'f');
INSERT INTO cmsession_module (cmsession_id, module_id) VALUES (91, 51);
INSERT INTO lesson (id, type, duration, tags, title, subject, order_id, created_at, is_deleted) VALUES (541,'PRESENTATION', 20, 'Banking', '4_Operation of Banks', 'banking-1', 1, 'now','f');
INSERT INTO lesson_cmsession (lesson_id, cmsession_id) VALUES (541, 91);
INSERT INTO module (id, module_name, order_id, is_deleted) VALUES (52, 'Operation of Banks 1', 5, 'f');
INSERT INTO module_course (module_id, course_id) VALUES (52, 5);
INSERT INTO cmsession (id, title, description, order_id, created_at, is_deleted) VALUES (92, 'Operation of Banks 2', 'This session provides and overview on the working of banks', 1, 'now', 'f');
INSERT INTO cmsession_module (cmsession_id, module_id) VALUES (92, 52);
INSERT INTO lesson (id, type, duration, tags, title, subject, order_id, created_at, is_deleted) VALUES (6324,'PRESENTATION', 60, 'lesson', '5_Operation of Banks_lesson', 'NONE', 1, 'now','f');
INSERT INTO lesson_cmsession (lesson_id, cmsession_id) VALUES (6324, 92);
INSERT INTO module (id, module_name, order_id, is_deleted) VALUES (53, 'Non Banking Financial Corporations 1', 6, 'f');
INSERT INTO module_course (module_id, course_id) VALUES (53, 5);
INSERT INTO cmsession (id, title, description, order_id, created_at, is_deleted) VALUES (93, 'Non Banking Financial Corporations 1', 'This session is an introduction to the concept of non banking financial corporations', 1, 'now', 'f');
INSERT INTO cmsession_module (cmsession_id, module_id) VALUES (93, 53);
INSERT INTO module (id, module_name, order_id, is_deleted) VALUES (54, 'Non Banking Financial Corporations 2', 7, 'f');
INSERT INTO module_course (module_id, course_id) VALUES (54, 5);
INSERT INTO cmsession (id, title, description, order_id, created_at, is_deleted) VALUES (94, 'The mechanics- NBFC vs Banks', 'This session  provides the students with an overview of the non banking financial companies and their differentiating factor froom banks', 1, 'now', 'f');
INSERT INTO cmsession_module (cmsession_id, module_id) VALUES (94, 54);
INSERT INTO lesson (id, type, duration, tags, title, subject, order_id, created_at, is_deleted) VALUES (536,'PRESENTATION', 60, 'nbfc,banks', '07_NBFC vs BANKS', 'banking-1', 1, 'now','f');
INSERT INTO lesson_cmsession (lesson_id, cmsession_id) VALUES (536, 94);
INSERT INTO module (id, module_name, order_id, is_deleted) VALUES (55, 'Retail Banking', 8, 'f');
INSERT INTO module_course (module_id, course_id) VALUES (55, 5);
INSERT INTO cmsession (id, title, description, order_id, created_at, is_deleted) VALUES (95, 'Retail Banking 1', 'This session is to introduce the different products under retail banking', 1, 'now', 'f');
INSERT INTO cmsession_module (cmsession_id, module_id) VALUES (95, 55);
INSERT INTO lesson (id, type, duration, tags, title, subject, order_id, created_at, is_deleted) VALUES (565,'PRESENTATION', 20, 'RETAIL BANKING', '08_Retail Banking', 'banking-1', 1, 'now','f');
INSERT INTO lesson_cmsession (lesson_id, cmsession_id) VALUES (565, 95);
INSERT INTO lesson (id, type, duration, tags, title, subject, order_id, created_at, is_deleted) VALUES (6238,'PRESENTATION', 20, 'RETAIL BANKING', '08_Retail Banking', 'banking-1', 3, 'now','f');
INSERT INTO lesson_cmsession (lesson_id, cmsession_id) VALUES (6238, 95);
INSERT INTO cmsession (id, title, description, order_id, created_at, is_deleted) VALUES (96, 'Retail Banking 2', 'This is to introduce the different products under retail banking', 2, 'now', 'f');
INSERT INTO cmsession_module (cmsession_id, module_id) VALUES (96, 55);
INSERT INTO lesson (id, type, duration, tags, title, subject, order_id, created_at, is_deleted) VALUES (571,'PRESENTATION', 60, 'Retail,Banking', '09_Retail Banking Products', 'banking-1', 1, 'now','f');
INSERT INTO lesson_cmsession (lesson_id, cmsession_id) VALUES (571, 96);
INSERT INTO lesson (id, type, duration, tags, title, subject, order_id, created_at, is_deleted) VALUES (6239,'PRESENTATION', 60, 'Retail,Banking', '09_Retail Banking Products', 'banking-1', 3, 'now','f');
INSERT INTO lesson_cmsession (lesson_id, cmsession_id) VALUES (6239, 96);
INSERT INTO module (id, module_name, order_id, is_deleted) VALUES (56, 'Financial Inclusions', 9, 'f');
INSERT INTO module_course (module_id, course_id) VALUES (56, 5);
INSERT INTO cmsession (id, title, description, order_id, created_at, is_deleted) VALUES (97, 'Business Correspondent and Business Facilitators', 'This session introduces the concept of BCBF', 1, 'now', 'f');
INSERT INTO cmsession_module (cmsession_id, module_id) VALUES (97, 56);
INSERT INTO lesson (id, type, duration, tags, title, subject, order_id, created_at, is_deleted) VALUES (577,'PRESENTATION', 20, 'Story of Shantama', '10_Story of Shantamma', 'banking-1', 1, 'now','f');
INSERT INTO lesson_cmsession (lesson_id, cmsession_id) VALUES (577, 97);
INSERT INTO module (id, module_name, order_id, is_deleted) VALUES (57, 'Financial Inclusions 2', 10, 'f');
INSERT INTO module_course (module_id, course_id) VALUES (57, 5);
INSERT INTO cmsession (id, title, description, order_id, created_at, is_deleted) VALUES (98, 'Micro finance - A Case Study', 'This is to understand the need and features of MFI', 1, 'now', 'f');
INSERT INTO cmsession_module (cmsession_id, module_id) VALUES (98, 57);
INSERT INTO lesson (id, type, duration, tags, title, subject, order_id, created_at, is_deleted) VALUES (583,'PRESENTATION', 20, 'micr_finance,case_study', '11_case_study', 'banking-1', 1, 'now','f');
INSERT INTO lesson_cmsession (lesson_id, cmsession_id) VALUES (583, 98);
INSERT INTO module (id, module_name, order_id, is_deleted) VALUES (58, 'Commercial Banking 1', 11, 'f');
INSERT INTO module_course (module_id, course_id) VALUES (58, 5);
INSERT INTO cmsession (id, title, description, order_id, created_at, is_deleted) VALUES (99, 'Commercial Banking 1', 'This session is an introduction to commercial baking and features of products under commercial banking', 1, 'now', 'f');
INSERT INTO cmsession_module (cmsession_id, module_id) VALUES (99, 58);
INSERT INTO lesson (id, type, duration, tags, title, subject, order_id, created_at, is_deleted) VALUES (589,'PRESENTATION', 20, 'Banking,Commercial', '12_Commercial Banking', 'banking-1', 1, 'now','f');
INSERT INTO lesson_cmsession (lesson_id, cmsession_id) VALUES (589, 99);
INSERT INTO module (id, module_name, order_id, is_deleted) VALUES (59, 'Commercial Banking 2', 12, 'f');
INSERT INTO module_course (module_id, course_id) VALUES (59, 5);
INSERT INTO cmsession (id, title, description, order_id, created_at, is_deleted) VALUES (100, 'Commercial Banking 2', 'This session is an introduction to commercial banking and the features of products in commercial banking', 1, 'now', 'f');
INSERT INTO cmsession_module (cmsession_id, module_id) VALUES (100, 59);
INSERT INTO lesson (id, type, duration, tags, title, subject, order_id, created_at, is_deleted) VALUES (595,'PRESENTATION', 60, 'Commercial,Banking', '13_Commercial Banking 2', 'none', 1, 'now','f');
INSERT INTO lesson_cmsession (lesson_id, cmsession_id) VALUES (595, 100);
INSERT INTO module (id, module_name, order_id, is_deleted) VALUES (60, 'Forex Banking', 13, 'f');
INSERT INTO module_course (module_id, course_id) VALUES (60, 5);
INSERT INTO cmsession (id, title, description, order_id, created_at, is_deleted) VALUES (101, 'Forex Banking', 'This session is an introduction to the concept of forex services in banks.', 1, 'now', 'f');
INSERT INTO cmsession_module (cmsession_id, module_id) VALUES (101, 60);
INSERT INTO lesson (id, type, duration, tags, title, subject, order_id, created_at, is_deleted) VALUES (601,'PRESENTATION', 20, 'Banking,Forex', '14_Session_Banking_14', 'banking-1', 1, 'now','f');
INSERT INTO lesson_cmsession (lesson_id, cmsession_id) VALUES (601, 101);
INSERT INTO module (id, module_name, order_id, is_deleted) VALUES (61, 'Quantitative Concepts', 14, 'f');
INSERT INTO module_course (module_id, course_id) VALUES (61, 5);
INSERT INTO cmsession (id, title, description, order_id, created_at, is_deleted) VALUES (102, 'Computation of Interest & EMI', 'This session is an introduction to quantitative concepts in banking.', 1, 'now', 'f');
INSERT INTO cmsession_module (cmsession_id, module_id) VALUES (102, 61);
INSERT INTO lesson (id, type, duration, tags, title, subject, order_id, created_at, is_deleted) VALUES (607,'PRESENTATION', 20, '', '15_QuantitativeConcepts', 'banking-1', 1, 'now','f');
INSERT INTO lesson_cmsession (lesson_id, cmsession_id) VALUES (607, 102);
INSERT INTO lesson (id, type, duration, tags, title, subject, order_id, created_at, is_deleted) VALUES (5544,'PRESENTATION', 60, 'Time value of money', '15_Quantitative concepts', 'banking-1', 3, 'now','f');
INSERT INTO lesson_cmsession (lesson_id, cmsession_id) VALUES (5544, 102);
INSERT INTO module (id, module_name, order_id, is_deleted) VALUES (62, 'Quantitative Concepts 1', 15, 'f');
INSERT INTO module_course (module_id, course_id) VALUES (62, 5);
INSERT INTO cmsession (id, title, description, order_id, created_at, is_deleted) VALUES (103, 'Computation of Interest & EMI', 'This session is an introduction to quantitative concepts in banking.', 1, 'now', 'f');
INSERT INTO cmsession_module (cmsession_id, module_id) VALUES (103, 62);
INSERT INTO lesson (id, type, duration, tags, title, subject, order_id, created_at, is_deleted) VALUES (613,'PRESENTATION', 60, 'EMI', '16_EMI', 'banking-1', 1, 'now','f');
INSERT INTO lesson_cmsession (lesson_id, cmsession_id) VALUES (613, 103);
INSERT INTO lesson (id, type, duration, tags, title, subject, order_id, created_at, is_deleted) VALUES (616,'PRESENTATION', 20, '', 'LESSON-3', 'NONE', 2, 'now','f');
INSERT INTO lesson_cmsession (lesson_id, cmsession_id) VALUES (616, 103);
INSERT INTO module (id, module_name, order_id, is_deleted) VALUES (63, 'Documentation, Form Filling, KYC - AML', 16, 'f');
INSERT INTO module_course (module_id, course_id) VALUES (63, 5);
INSERT INTO cmsession (id, title, description, order_id, created_at, is_deleted) VALUES (104, 'Documentation, Form Filling, KYC - AML', 'This session gives an overview about the concepts anti money laundering and need for KYC norms', 1, 'now', 'f');
INSERT INTO cmsession_module (cmsession_id, module_id) VALUES (104, 63);
INSERT INTO lesson (id, type, duration, tags, title, subject, order_id, created_at, is_deleted) VALUES (619,'PRESENTATION', 60, '', '17_AML and KYC', 'none', 1, 'now','f');
INSERT INTO lesson_cmsession (lesson_id, cmsession_id) VALUES (619, 104);
INSERT INTO lesson (id, type, duration, tags, title, subject, order_id, created_at, is_deleted) VALUES (621,'PRESENTATION', 20, '', 'LESSON-2', 'NONE', 2, 'now','f');
INSERT INTO lesson_cmsession (lesson_id, cmsession_id) VALUES (621, 104);
INSERT INTO module (id, module_name, order_id, is_deleted) VALUES (64, 'Banking Operations', 17, 'f');
INSERT INTO module_course (module_id, course_id) VALUES (64, 5);
INSERT INTO cmsession (id, title, description, order_id, created_at, is_deleted) VALUES (105, 'Banking Operations', 'This session is an introduction to the various operations in of a bank', 1, 'now', 'f');
INSERT INTO cmsession_module (cmsession_id, module_id) VALUES (105, 64);
INSERT INTO lesson (id, type, duration, tags, title, subject, order_id, created_at, is_deleted) VALUES (625,'PRESENTATION', 60, '', '18_Banking operations', 'banking-1', 1, 'now','f');
INSERT INTO lesson_cmsession (lesson_id, cmsession_id) VALUES (625, 105);
INSERT INTO lesson (id, type, duration, tags, title, subject, order_id, created_at, is_deleted) VALUES (629,'PRESENTATION', 20, '', 'LESSON-4', 'NONE', 2, 'now','f');
INSERT INTO lesson_cmsession (lesson_id, cmsession_id) VALUES (629, 105);
INSERT INTO module (id, module_name, order_id, is_deleted) VALUES (65, 'Prudential Norms', 18, 'f');
INSERT INTO module_course (module_id, course_id) VALUES (65, 5);
INSERT INTO cmsession (id, title, description, order_id, created_at, is_deleted) VALUES (106, 'Prudential Norms', 'This session gives an overview on the prudential norms issued by the RBI.', 1, 'now', 'f');
INSERT INTO cmsession_module (cmsession_id, module_id) VALUES (106, 65);
INSERT INTO lesson (id, type, duration, tags, title, subject, order_id, created_at, is_deleted) VALUES (631,'PRESENTATION', 60, '', '19_Prudential norms', 'none', 1, 'now','f');
INSERT INTO lesson_cmsession (lesson_id, cmsession_id) VALUES (631, 106);
INSERT INTO lesson (id, type, duration, tags, title, subject, order_id, created_at, is_deleted) VALUES (632,'PRESENTATION', 20, '', 'LESSON-1', 'NONE', 2, 'now','f');
INSERT INTO lesson_cmsession (lesson_id, cmsession_id) VALUES (632, 106);
INSERT INTO module (id, module_name, order_id, is_deleted) VALUES (66, 'Roles in banking', 19, 'f');
INSERT INTO module_course (module_id, course_id) VALUES (66, 5);
INSERT INTO cmsession (id, title, description, order_id, created_at, is_deleted) VALUES (107, 'Branch Manager', 'This session provides the students an understanding of the various responsibilities of a bank branch manager.', 1, 'now', 'f');
INSERT INTO cmsession_module (cmsession_id, module_id) VALUES (107, 66);
INSERT INTO lesson (id, type, duration, tags, title, subject, order_id, created_at, is_deleted) VALUES (637,'PRESENTATION', 20, 'Branch Manager', '20_Job Roles in Banking', 'banking-1', 1, 'now','f');
INSERT INTO lesson_cmsession (lesson_id, cmsession_id) VALUES (637, 107);
INSERT INTO lesson (id, type, duration, tags, title, subject, order_id, created_at, is_deleted) VALUES (638,'PRESENTATION', 20, '', 'LESSON-1', 'NONE', 2, 'now','f');
INSERT INTO lesson_cmsession (lesson_id, cmsession_id) VALUES (638, 107);
INSERT INTO module (id, module_name, order_id, is_deleted) VALUES (67, 'Roles in banking 1', 20, 'f');
INSERT INTO module_course (module_id, course_id) VALUES (67, 5);
INSERT INTO cmsession (id, title, description, order_id, created_at, is_deleted) VALUES (108, 'Branch Manager 1', 'This session provides the students an understanding of the various responsibilities of a bank branch manager.', 1, 'now', 'f');
INSERT INTO cmsession_module (cmsession_id, module_id) VALUES (108, 67);
INSERT INTO lesson (id, type, duration, tags, title, subject, order_id, created_at, is_deleted) VALUES (643,'PRESENTATION', 60, 'Boss,Play', '21_Lets Play I Am The Boss', 'banking-1', 1, 'now','f');
INSERT INTO lesson_cmsession (lesson_id, cmsession_id) VALUES (643, 108);
INSERT INTO lesson (id, type, duration, tags, title, subject, order_id, created_at, is_deleted) VALUES (644,'PRESENTATION', 20, '', 'LESSON-1', 'NONE', 2, 'now','f');
INSERT INTO lesson_cmsession (lesson_id, cmsession_id) VALUES (644, 108);
INSERT INTO module (id, module_name, order_id, is_deleted) VALUES (68, 'Roles in banking 2', 21, 'f');
INSERT INTO module_course (module_id, course_id) VALUES (68, 5);
INSERT INTO cmsession (id, title, description, order_id, created_at, is_deleted) VALUES (109, 'Bank Teller', 'This session provides the students an understanding of the various responsibilities of a bank teller.', 1, 'now', 'f');
INSERT INTO cmsession_module (cmsession_id, module_id) VALUES (109, 68);
INSERT INTO lesson (id, type, duration, tags, title, subject, order_id, created_at, is_deleted) VALUES (649,'PRESENTATION', 60, '', '22_Job Roles', 'banking-1', 1, 'now','f');
INSERT INTO lesson_cmsession (lesson_id, cmsession_id) VALUES (649, 109);
INSERT INTO lesson (id, type, duration, tags, title, subject, order_id, created_at, is_deleted) VALUES (653,'PRESENTATION', 20, '', 'LESSON-4', 'NONE', 2, 'now','f');
INSERT INTO lesson_cmsession (lesson_id, cmsession_id) VALUES (653, 109);
INSERT INTO cmsession (id, title, description, order_id, created_at, is_deleted) VALUES (1184, '23_Bank Teller 2', 'This session is about the functions of teller pertaining to Negotiable Instruments', 2, 'now', 'f');
INSERT INTO cmsession_module (cmsession_id, module_id) VALUES (1184, 68);
INSERT INTO lesson (id, type, duration, tags, title, subject, order_id, created_at, is_deleted) VALUES (5929,'PRESENTATION', 60, 'Negotiable,Instruments', '27_Negotiable Instruments Act', 'banking-1', 1, 'now','f');
INSERT INTO lesson_cmsession (lesson_id, cmsession_id) VALUES (5929, 1184);
INSERT INTO module (id, module_name, order_id, is_deleted) VALUES (69, 'Roles in banking 3', 22, 'f');
INSERT INTO module_course (module_id, course_id) VALUES (69, 5);
INSERT INTO cmsession (id, title, description, order_id, created_at, is_deleted) VALUES (110, 'Credit Officer', 'This session provides the students an understanding of the various responsibilities of a credit officer.', 1, 'now', 'f');
INSERT INTO cmsession_module (cmsession_id, module_id) VALUES (110, 69);
INSERT INTO lesson (id, type, duration, tags, title, subject, order_id, created_at, is_deleted) VALUES (655,'PRESENTATION', 120, '', '24_25_ Credit officer', 'banking-1', 1, 'now','f');
INSERT INTO lesson_cmsession (lesson_id, cmsession_id) VALUES (655, 110);
INSERT INTO lesson (id, type, duration, tags, title, subject, order_id, created_at, is_deleted) VALUES (656,'PRESENTATION', 20, '', 'LESSON-1', 'NONE', 2, 'now','f');
INSERT INTO lesson_cmsession (lesson_id, cmsession_id) VALUES (656, 110);
INSERT INTO module (id, module_name, order_id, is_deleted) VALUES (70, 'Roles in banking 4', 23, 'f');
INSERT INTO module_course (module_id, course_id) VALUES (70, 5);
INSERT INTO cmsession (id, title, description, order_id, created_at, is_deleted) VALUES (111, '26_Debt Recovery Agent', 'This session provides the students an understanding of the various responsibilities of a debt recovery agent', 1, 'now', 'f');
INSERT INTO cmsession_module (cmsession_id, module_id) VALUES (111, 70);
INSERT INTO lesson (id, type, duration, tags, title, subject, order_id, created_at, is_deleted) VALUES (661,'PRESENTATION', 20, '', '26 _Debt Recovery Agent', 'none', 1, 'now','f');
INSERT INTO lesson_cmsession (lesson_id, cmsession_id) VALUES (661, 111);
INSERT INTO lesson (id, type, duration, tags, title, subject, order_id, created_at, is_deleted) VALUES (662,'PRESENTATION', 20, '', 'LESSON-1', 'NONE', 2, 'now','f');
INSERT INTO lesson_cmsession (lesson_id, cmsession_id) VALUES (662, 111);
INSERT INTO cmsession (id, title, description, order_id, created_at, is_deleted) VALUES (1185, '27_Debt Recovery Agent 2', 'This session is a brief introduction to the rules governing debt recovery under the SARFAESI Act', 2, 'now', 'f');
INSERT INTO cmsession_module (cmsession_id, module_id) VALUES (1185, 70);
INSERT INTO lesson (id, type, duration, tags, title, subject, order_id, created_at, is_deleted) VALUES (6101,'PRESENTATION', 60, 'Sarfaesi', 'Sarfaesi Act', 'NONE', 1, 'now','f');
INSERT INTO lesson_cmsession (lesson_id, cmsession_id) VALUES (6101, 1185);
INSERT INTO module (id, module_name, order_id, is_deleted) VALUES (71, '28_Roles in banking 5', 24, 'f');
INSERT INTO module_course (module_id, course_id) VALUES (71, 5);
INSERT INTO cmsession (id, title, description, order_id, created_at, is_deleted) VALUES (112, '28_Private Banker/Investment banker', 'This session provides the students an understanding of the various responsibilities of a private banker/investment banker', 1, 'now', 'f');
INSERT INTO cmsession_module (cmsession_id, module_id) VALUES (112, 71);
INSERT INTO lesson (id, type, duration, tags, title, subject, order_id, created_at, is_deleted) VALUES (667,'PRESENTATION', 20, '', '28_Private bankers', 'none', 1, 'now','f');
INSERT INTO lesson_cmsession (lesson_id, cmsession_id) VALUES (667, 112);
INSERT INTO lesson (id, type, duration, tags, title, subject, order_id, created_at, is_deleted) VALUES (668,'PRESENTATION', 20, '', 'LESSON-1', 'NONE', 2, 'now','f');
INSERT INTO lesson_cmsession (lesson_id, cmsession_id) VALUES (668, 112);
INSERT INTO module (id, module_name, order_id, is_deleted) VALUES (72, 'Banking Regulations', 25, 'f');
INSERT INTO module_course (module_id, course_id) VALUES (72, 5);
INSERT INTO cmsession (id, title, description, order_id, created_at, is_deleted) VALUES (113, '29_The Banking Regulation Act', 'This session gives us an overview of the important regulations in the Banking Regulation Act.', 1, 'now', 'f');
INSERT INTO cmsession_module (cmsession_id, module_id) VALUES (113, 72);
INSERT INTO lesson (id, type, duration, tags, title, subject, order_id, created_at, is_deleted) VALUES (673,'PRESENTATION', 120, '', '29_30_Banking Regulation Act', 'none', 1, 'now','f');
INSERT INTO lesson_cmsession (lesson_id, cmsession_id) VALUES (673, 113);
INSERT INTO lesson (id, type, duration, tags, title, subject, order_id, created_at, is_deleted) VALUES (676,'PRESENTATION', 20, '', 'LESSON-3', 'NONE', 2, 'now','f');
INSERT INTO lesson_cmsession (lesson_id, cmsession_id) VALUES (676, 113);
INSERT INTO module (id, module_name, order_id, is_deleted) VALUES (73, 'Technology in Banking', 26, 'f');
INSERT INTO module_course (module_id, course_id) VALUES (73, 5);
INSERT INTO cmsession (id, title, description, order_id, created_at, is_deleted) VALUES (116, '30_Digital Banking', 'This session provides an overview of the reforms in digital banking.', 1, 'now', 'f');
INSERT INTO cmsession_module (cmsession_id, module_id) VALUES (116, 73);
INSERT INTO lesson (id, type, duration, tags, title, subject, order_id, created_at, is_deleted) VALUES (691,'PRESENTATION', 20, '', 'LESSON-0', 'NONE', 1, 'now','f');
INSERT INTO lesson_cmsession (lesson_id, cmsession_id) VALUES (691, 116);
INSERT INTO module (id, module_name, order_id, is_deleted) VALUES (246, 'Assessments', 27, 'f');
INSERT INTO module_course (module_id, course_id) VALUES (246, 5);
INSERT INTO cmsession (id, title, description, order_id, created_at, is_deleted) VALUES (1002, 'Final assessment', 'This is a final assessment covering all 30 sessions of banking', 2, 'now', 'f');
INSERT INTO cmsession_module (cmsession_id, module_id) VALUES (1002, 246);
INSERT INTO lesson (id, type, duration, tags, title, subject, order_id, created_at, is_deleted) VALUES (5915,'PRESENTATION', 30, 'Test,assessment,banking,risk', 'Combined assessment', 'NONE', 2, 'now','f');
INSERT INTO lesson_cmsession (lesson_id, cmsession_id) VALUES (5915, 1002);
INSERT INTO course (id, course_name, course_description, tags, created_at) VALUES (6, 'Direct Tax Skill Workshop', 'Practical income-taxation such as Pan Application, filing ITR 1-6, TDS payments, returns, tax payment', NULL, 'now');
INSERT INTO module (id, module_name, order_id, is_deleted) VALUES (74, 'Income Tax Website', 1, 'f');
INSERT INTO module_course (module_id, course_id) VALUES (74, 6);
INSERT INTO cmsession (id, title, description, order_id, created_at, is_deleted) VALUES (117, 'Income Tax Website', 'This session enables the students to understand the layout and uses of the income tax website', 1, 'now', 'f');
INSERT INTO cmsession_module (cmsession_id, module_id) VALUES (117, 74);
INSERT INTO lesson (id, type, duration, tags, title, subject, order_id, created_at, is_deleted) VALUES (697,'PRESENTATION', 20, '', '01_introduction to income tax website', 'banking-1', 1, 'now','f');
INSERT INTO lesson_cmsession (lesson_id, cmsession_id) VALUES (697, 117);
INSERT INTO cmsession (id, title, description, order_id, created_at, is_deleted) VALUES (118, 'Income Tax Efiling Website', 'This session introduces the students to income tax e filing website and how to find jurisdiction of an assessee using PAN', 2, 'now', 'f');
INSERT INTO cmsession_module (cmsession_id, module_id) VALUES (118, 74);
INSERT INTO lesson (id, type, duration, tags, title, subject, order_id, created_at, is_deleted) VALUES (703,'PRESENTATION', 20, '', '02_introduction to Income Tax Website', 'banking-1', 1, 'now','f');
INSERT INTO lesson_cmsession (lesson_id, cmsession_id) VALUES (703, 118);
INSERT INTO module (id, module_name, order_id, is_deleted) VALUES (75, 'Structure of Bare Act', 2, 'f');
INSERT INTO module_course (module_id, course_id) VALUES (75, 6);
INSERT INTO cmsession (id, title, description, order_id, created_at, is_deleted) VALUES (119, 'Structure of Bare Act', 'This session introduces the students to the meaning and structure of a bare act', 1, 'now', 'f');
INSERT INTO cmsession_module (cmsession_id, module_id) VALUES (119, 75);
INSERT INTO lesson (id, type, duration, tags, title, subject, order_id, created_at, is_deleted) VALUES (1076,'PRESENTATION', 20, '', '03_Structure_Of_Bare_Act', 'banking-1', 1, 'now','f');
INSERT INTO lesson_cmsession (lesson_id, cmsession_id) VALUES (1076, 119);
INSERT INTO module (id, module_name, order_id, is_deleted) VALUES (76, 'IT Documents', 3, 'f');
INSERT INTO module_course (module_id, course_id) VALUES (76, 6);
INSERT INTO cmsession (id, title, description, order_id, created_at, is_deleted) VALUES (120, 'Documents in Income Tax', 'Astrospeak service suggests only possibilities and therefore makes no warranties / representations with respect to accuracy or significance of any aspect of the Astrological horoscope. Astrologer s opinion ON ANY particular', 1, 'now', 'f');
INSERT INTO cmsession_module (cmsession_id, module_id) VALUES (120, 76);
INSERT INTO lesson (id, type, duration, tags, title, subject, order_id, created_at, is_deleted) VALUES (715,'PRESENTATION', 20, 'Tax', '04_Rules of an Act and Documents in Income Tax', 'banking-1', 1, 'now','f');
INSERT INTO lesson_cmsession (lesson_id, cmsession_id) VALUES (715, 120);
INSERT INTO module (id, module_name, order_id, is_deleted) VALUES (77, 'Permanent Account Number', 4, 'f');
INSERT INTO module_course (module_id, course_id) VALUES (77, 6);
INSERT INTO cmsession (id, title, description, order_id, created_at, is_deleted) VALUES (121, 'PAN', 'Astrospeak service suggests only possibilities and therefore makes no warranties / representations with respect to accuracy or significance of any aspect of the Astrological horoscope. Astrologer s opinion ON ANY particular', 1, 'now', 'f');
INSERT INTO cmsession_module (cmsession_id, module_id) VALUES (121, 77);
INSERT INTO lesson (id, type, duration, tags, title, subject, order_id, created_at, is_deleted) VALUES (721,'PRESENTATION', 20, 'PAN Direct Tax', '05_PAN', 'banking-1', 1, 'now','f');
INSERT INTO lesson_cmsession (lesson_id, cmsession_id) VALUES (721, 121);
INSERT INTO cmsession (id, title, description, order_id, created_at, is_deleted) VALUES (122, 'PAN Application', 'This session enables the students to fill a PAN application and the documents required to obtain PAN', 2, 'now', 'f');
INSERT INTO cmsession_module (cmsession_id, module_id) VALUES (122, 77);
INSERT INTO lesson (id, type, duration, tags, title, subject, order_id, created_at, is_deleted) VALUES (727,'PRESENTATION', 60, 'Application,PAN', '06_Application for PAN', 'banking-1', 1, 'now','f');
INSERT INTO lesson_cmsession (lesson_id, cmsession_id) VALUES (727, 122);
INSERT INTO module (id, module_name, order_id, is_deleted) VALUES (78, 'Tax Deducted at Source', 5, 'f');
INSERT INTO module_course (module_id, course_id) VALUES (78, 6);
INSERT INTO cmsession (id, title, description, order_id, created_at, is_deleted) VALUES (124, 'Need for TDS', 'This session teaches the students the mechanism of TDS', 2, 'now', 'f');
INSERT INTO cmsession_module (cmsession_id, module_id) VALUES (124, 78);
INSERT INTO lesson (id, type, duration, tags, title, subject, order_id, created_at, is_deleted) VALUES (739,'PRESENTATION', 20, '', '08_Need for TDS', 'none', 1, 'now','f');
INSERT INTO lesson_cmsession (lesson_id, cmsession_id) VALUES (739, 124);
INSERT INTO cmsession (id, title, description, order_id, created_at, is_deleted) VALUES (123, 'Need for TDS', 'This sessions teaches the students need for TDS through a case study', 1, 'now', 'f');
INSERT INTO cmsession_module (cmsession_id, module_id) VALUES (123, 78);
INSERT INTO lesson (id, type, duration, tags, title, subject, order_id, created_at, is_deleted) VALUES (733,'PRESENTATION', 20, 'Taxed with Murder', '07_Need for TDS', 'banking-1', 1, 'now','f');
INSERT INTO lesson_cmsession (lesson_id, cmsession_id) VALUES (733, 123);
INSERT INTO cmsession (id, title, description, order_id, created_at, is_deleted) VALUES (125, 'Tax Deducted at Source', 'This session teaches the students various sections for TDS', 3, 'now', 'f');
INSERT INTO cmsession_module (cmsession_id, module_id) VALUES (125, 78);
INSERT INTO lesson (id, type, duration, tags, title, subject, order_id, created_at, is_deleted) VALUES (751,'PRESENTATION', 20, 'Introduction to TDS', '09_Introduction to TDS', 'banking-1', 1, 'now','f');
INSERT INTO lesson_cmsession (lesson_id, cmsession_id) VALUES (751, 125);
INSERT INTO cmsession (id, title, description, order_id, created_at, is_deleted) VALUES (126, 'Payment of TDS', 'This session teaches the students various methods to pay TDS and interest calculations for late payment', 4, 'now', 'f');
INSERT INTO cmsession_module (cmsession_id, module_id) VALUES (126, 78);
INSERT INTO lesson (id, type, duration, tags, title, subject, order_id, created_at, is_deleted) VALUES (757,'PRESENTATION', 20, 'TDS,TAN,Challan 281', '10_Payment of TDS', 'banking-1', 1, 'now','f');
INSERT INTO lesson_cmsession (lesson_id, cmsession_id) VALUES (757, 126);
INSERT INTO lesson (id, type, duration, tags, title, subject, order_id, created_at, is_deleted) VALUES (753,'PRESENTATION', 20, '', 'Payment of TDS LESSON-2', 'none', 3, 'now','f');
INSERT INTO lesson_cmsession (lesson_id, cmsession_id) VALUES (753, 126);
INSERT INTO cmsession (id, title, description, order_id, created_at, is_deleted) VALUES (127, 'TAN & Challan 281', 'This session teaches about importance of TAN and enables the student to fill challan 281', 5, 'now', 'f');
INSERT INTO cmsession_module (cmsession_id, module_id) VALUES (127, 78);
INSERT INTO lesson (id, type, duration, tags, title, subject, order_id, created_at, is_deleted) VALUES (745,'PRESENTATION', 20, 'direct tax', '11_TAN and Challan 281', 'banking-1', 1, 'now','f');
INSERT INTO lesson_cmsession (lesson_id, cmsession_id) VALUES (745, 127);
INSERT INTO lesson (id, type, duration, tags, title, subject, order_id, created_at, is_deleted) VALUES (758,'PRESENTATION', 20, '', 'TAN and Challan 281 LESSON-1', 'none', 2, 'now','f');
INSERT INTO lesson_cmsession (lesson_id, cmsession_id) VALUES (758, 127);
INSERT INTO lesson (id, type, duration, tags, title, subject, order_id, created_at, is_deleted) VALUES (760,'PRESENTATION', 20, '', 'TAN and Challan 281 LESSON-3', 'none', 3, 'now','f');
INSERT INTO lesson_cmsession (lesson_id, cmsession_id) VALUES (760, 127);
INSERT INTO cmsession (id, title, description, order_id, created_at, is_deleted) VALUES (128, 'TDS returns', 'This session teaches the students about various TDS returns and due dates for filing the same', 6, 'now', 'f');
INSERT INTO cmsession_module (cmsession_id, module_id) VALUES (128, 78);
INSERT INTO lesson (id, type, duration, tags, title, subject, order_id, created_at, is_deleted) VALUES (763,'PRESENTATION', 20, 'TDS returns', '12_TDS returns', 'banking-1', 1, 'now','f');
INSERT INTO lesson_cmsession (lesson_id, cmsession_id) VALUES (763, 128);
INSERT INTO lesson (id, type, duration, tags, title, subject, order_id, created_at, is_deleted) VALUES (764,'PRESENTATION', 20, '', 'TDS returns LESSON-1', 'none', 2, 'now','f');
INSERT INTO lesson_cmsession (lesson_id, cmsession_id) VALUES (764, 128);
INSERT INTO cmsession (id, title, description, order_id, created_at, is_deleted) VALUES (129, 'Traces Website', 'This session enables the students to access TRACES website and importance of the same', 7, 'now', 'f');
INSERT INTO cmsession_module (cmsession_id, module_id) VALUES (129, 78);
INSERT INTO lesson (id, type, duration, tags, title, subject, order_id, created_at, is_deleted) VALUES (1976,'PRESENTATION', 20, 'Direct Tax', '13_TRACES WEBSITE', 'banking-1', 1, 'now','f');
INSERT INTO lesson_cmsession (lesson_id, cmsession_id) VALUES (1976, 129);
INSERT INTO lesson (id, type, duration, tags, title, subject, order_id, created_at, is_deleted) VALUES (770,'PRESENTATION', 20, '', 'Traces Website LESSON-1', 'none', 2, 'now','f');
INSERT INTO lesson_cmsession (lesson_id, cmsession_id) VALUES (770, 129);
INSERT INTO cmsession (id, title, description, order_id, created_at, is_deleted) VALUES (130, 'TDS Certificates', 'This session enables the students to view and read various TDS certificates', 8, 'now', 'f');
INSERT INTO cmsession_module (cmsession_id, module_id) VALUES (130, 78);
INSERT INTO lesson (id, type, duration, tags, title, subject, order_id, created_at, is_deleted) VALUES (775,'PRESENTATION', 20, 'Tax,TDS', '14_TDS Certificates', 'banking-1', 1, 'now','f');
INSERT INTO lesson_cmsession (lesson_id, cmsession_id) VALUES (775, 130);
INSERT INTO lesson (id, type, duration, tags, title, subject, order_id, created_at, is_deleted) VALUES (776,'PRESENTATION', 20, '', 'TDS Certificates LESSON-1', 'none', 2, 'now','f');
INSERT INTO lesson_cmsession (lesson_id, cmsession_id) VALUES (776, 130);
INSERT INTO cmsession (id, title, description, order_id, created_at, is_deleted) VALUES (131, 'TDS Certificates & Tax Credit Statement', 'This session enables the students to view and read form 26AS', 9, 'now', 'f');
INSERT INTO cmsession_module (cmsession_id, module_id) VALUES (131, 78);
INSERT INTO lesson (id, type, duration, tags, title, subject, order_id, created_at, is_deleted) VALUES (781,'PRESENTATION', 20, 'TDS,s', '15_TDS and Tax Credit Statement', 'banking-1', 1, 'now','f');
INSERT INTO lesson_cmsession (lesson_id, cmsession_id) VALUES (781, 131);
INSERT INTO lesson (id, type, duration, tags, title, subject, order_id, created_at, is_deleted) VALUES (782,'PRESENTATION', 20, '', 'TDS Certificates & Tax Credit Statement LESSON-1', 'none', 2, 'now','f');
INSERT INTO lesson_cmsession (lesson_id, cmsession_id) VALUES (782, 131);
INSERT INTO module (id, module_name, order_id, is_deleted) VALUES (79, 'Income Tax Return', 6, 'f');
INSERT INTO module_course (module_id, course_id) VALUES (79, 6);
INSERT INTO cmsession (id, title, description, order_id, created_at, is_deleted) VALUES (132, 'Introduction to ITR', 'This session enables the students to choose the right ITR form', 1, 'now', 'f');
INSERT INTO cmsession_module (cmsession_id, module_id) VALUES (132, 79);
INSERT INTO lesson (id, type, duration, tags, title, subject, order_id, created_at, is_deleted) VALUES (787,'PRESENTATION', 20, '', '16_income tax returns', 'banking-1', 1, 'now','f');
INSERT INTO lesson_cmsession (lesson_id, cmsession_id) VALUES (787, 132);
INSERT INTO lesson (id, type, duration, tags, title, subject, order_id, created_at, is_deleted) VALUES (788,'PRESENTATION', 20, '', 'Introduction to ITR LESSON-1', 'none', 2, 'now','f');
INSERT INTO lesson_cmsession (lesson_id, cmsession_id) VALUES (788, 132);
INSERT INTO cmsession (id, title, description, order_id, created_at, is_deleted) VALUES (133, 'ITR 1 SAHAJSession 1', 'This is a practical session which teaches the students to fill ITR 1 - Sahaj', 2, 'now', 'f');
INSERT INTO cmsession_module (cmsession_id, module_id) VALUES (133, 79);
INSERT INTO lesson (id, type, duration, tags, title, subject, order_id, created_at, is_deleted) VALUES (793,'PRESENTATION', 60, 'ITR,Sahaj', '17_ITR 1Sahaj', 'banking-1', 1, 'now','f');
INSERT INTO lesson_cmsession (lesson_id, cmsession_id) VALUES (793, 133);
INSERT INTO lesson (id, type, duration, tags, title, subject, order_id, created_at, is_deleted) VALUES (794,'PRESENTATION', 20, '', 'ITR 1 SAHAJ Session 1 LESSON-1', 'none', 2, 'now','f');
INSERT INTO lesson_cmsession (lesson_id, cmsession_id) VALUES (794, 133);
INSERT INTO cmsession (id, title, description, order_id, created_at, is_deleted) VALUES (134, 'ITR 1 SAHAJSession 2', 'This is a practical session which teaches the students to fill ITR 1 - Sahaj', 3, 'now', 'f');
INSERT INTO cmsession_module (cmsession_id, module_id) VALUES (134, 79);
INSERT INTO lesson (id, type, duration, tags, title, subject, order_id, created_at, is_deleted) VALUES (799,'PRESENTATION', 20, 'Tax,Returns,ITR', '18_ITR Sahaj Sess_2', 'banking-1', 1, 'now','f');
INSERT INTO lesson_cmsession (lesson_id, cmsession_id) VALUES (799, 134);
INSERT INTO lesson (id, type, duration, tags, title, subject, order_id, created_at, is_deleted) VALUES (800,'PRESENTATION', 20, '', 'ITR 1 SAHAJ Session 2 LESSON-1', 'none', 2, 'now','f');
INSERT INTO lesson_cmsession (lesson_id, cmsession_id) VALUES (800, 134);
INSERT INTO cmsession (id, title, description, order_id, created_at, is_deleted) VALUES (135, 'ITR 1 SAHAJSession 3', 'This is a practical session which teaches the students to fill ITR 1 - Sahaj', 4, 'now', 'f');
INSERT INTO cmsession_module (cmsession_id, module_id) VALUES (135, 79);
INSERT INTO lesson (id, type, duration, tags, title, subject, order_id, created_at, is_deleted) VALUES (805,'PRESENTATION', 20, 'ITR', '19_ITR 1 SAHAJ Session 3', 'banking-1', 1, 'now','f');
INSERT INTO lesson_cmsession (lesson_id, cmsession_id) VALUES (805, 135);
INSERT INTO lesson (id, type, duration, tags, title, subject, order_id, created_at, is_deleted) VALUES (806,'PRESENTATION', 20, '', 'ITR 1 SAHAJ Session 3 LESSON-1', 'none', 2, 'now','f');
INSERT INTO lesson_cmsession (lesson_id, cmsession_id) VALUES (806, 135);
INSERT INTO cmsession (id, title, description, order_id, created_at, is_deleted) VALUES (136, 'ITR 1 SAHAJSession 4', 'This is a practical session which teaches the students to fill ITR 1 - Sahaj', 5, 'now', 'f');
INSERT INTO cmsession_module (cmsession_id, module_id) VALUES (136, 79);
INSERT INTO lesson (id, type, duration, tags, title, subject, order_id, created_at, is_deleted) VALUES (811,'PRESENTATION', 20, 'Tax,Returns', '20_ITR_1 Sahaj  Sess_04', 'banking-1', 1, 'now','f');
INSERT INTO lesson_cmsession (lesson_id, cmsession_id) VALUES (811, 136);
INSERT INTO lesson (id, type, duration, tags, title, subject, order_id, created_at, is_deleted) VALUES (812,'PRESENTATION', 20, '', 'ITR 1 SAHAJ Session 4 LESSON-1', 'none', 2, 'now','f');
INSERT INTO lesson_cmsession (lesson_id, cmsession_id) VALUES (812, 136);
INSERT INTO cmsession (id, title, description, order_id, created_at, is_deleted) VALUES (137, 'ITR VISession 1', 'This is a practical session which teaches the students to fill ITR 6', 6, 'now', 'f');
INSERT INTO cmsession_module (cmsession_id, module_id) VALUES (137, 79);
INSERT INTO lesson (id, type, duration, tags, title, subject, order_id, created_at, is_deleted) VALUES (817,'PRESENTATION', 20, '', '21_ITR VI Session 1', 'none', 1, 'now','f');
INSERT INTO lesson_cmsession (lesson_id, cmsession_id) VALUES (817, 137);
INSERT INTO lesson (id, type, duration, tags, title, subject, order_id, created_at, is_deleted) VALUES (818,'PRESENTATION', 20, '', 'ITR VI Session 1 LESSON-1', 'none', 2, 'now','f');
INSERT INTO lesson_cmsession (lesson_id, cmsession_id) VALUES (818, 137);
INSERT INTO cmsession (id, title, description, order_id, created_at, is_deleted) VALUES (138, 'ITR VISession 2', 'This is a practical session which teaches the students to fill ITR 6', 7, 'now', 'f');
INSERT INTO cmsession_module (cmsession_id, module_id) VALUES (138, 79);
INSERT INTO lesson (id, type, duration, tags, title, subject, order_id, created_at, is_deleted) VALUES (823,'PRESENTATION', 20, '', '22_ITR VI Session 2', 'none', 1, 'now','f');
INSERT INTO lesson_cmsession (lesson_id, cmsession_id) VALUES (823, 138);
INSERT INTO lesson (id, type, duration, tags, title, subject, order_id, created_at, is_deleted) VALUES (824,'PRESENTATION', 20, '', 'ITR VI Session 2 LESSON-1', 'none', 2, 'now','f');
INSERT INTO lesson_cmsession (lesson_id, cmsession_id) VALUES (824, 138);
INSERT INTO cmsession (id, title, description, order_id, created_at, is_deleted) VALUES (139, 'ITR VISession 3', 'This is a practical session which teaches the students to fill ITR 6', 8, 'now', 'f');
INSERT INTO cmsession_module (cmsession_id, module_id) VALUES (139, 79);
INSERT INTO lesson (id, type, duration, tags, title, subject, order_id, created_at, is_deleted) VALUES (829,'PRESENTATION', 20, '', '23_ITR VI Session 3', 'none', 1, 'now','f');
INSERT INTO lesson_cmsession (lesson_id, cmsession_id) VALUES (829, 139);
INSERT INTO lesson (id, type, duration, tags, title, subject, order_id, created_at, is_deleted) VALUES (830,'PRESENTATION', 20, '', 'ITR VI Session 3 LESSON-1', 'none', 2, 'now','f');
INSERT INTO lesson_cmsession (lesson_id, cmsession_id) VALUES (830, 139);
INSERT INTO cmsession (id, title, description, order_id, created_at, is_deleted) VALUES (140, 'ITR VISession 4', 'This is a practical session which teaches the students to fill ITR 6', 9, 'now', 'f');
INSERT INTO cmsession_module (cmsession_id, module_id) VALUES (140, 79);
INSERT INTO lesson (id, type, duration, tags, title, subject, order_id, created_at, is_deleted) VALUES (835,'PRESENTATION', 20, '', '24_ITR VI Session 4', 'none', 1, 'now','f');
INSERT INTO lesson_cmsession (lesson_id, cmsession_id) VALUES (835, 140);
INSERT INTO lesson (id, type, duration, tags, title, subject, order_id, created_at, is_deleted) VALUES (836,'PRESENTATION', 20, '', 'ITR VI Session 4 LESSON-1', 'none', 2, 'now','f');
INSERT INTO lesson_cmsession (lesson_id, cmsession_id) VALUES (836, 140);
INSERT INTO cmsession (id, title, description, order_id, created_at, is_deleted) VALUES (141, 'ITR VISession 5', 'This is a practical session which teaches the students to fill ITR 6', 10, 'now', 'f');
INSERT INTO cmsession_module (cmsession_id, module_id) VALUES (141, 79);
INSERT INTO lesson (id, type, duration, tags, title, subject, order_id, created_at, is_deleted) VALUES (841,'PRESENTATION', 20, '', '25_ITR VI Session 5', 'none', 1, 'now','f');
INSERT INTO lesson_cmsession (lesson_id, cmsession_id) VALUES (841, 141);
INSERT INTO lesson (id, type, duration, tags, title, subject, order_id, created_at, is_deleted) VALUES (842,'PRESENTATION', 20, '', 'ITR VI Session 5 LESSON-1', 'none', 2, 'now','f');
INSERT INTO lesson_cmsession (lesson_id, cmsession_id) VALUES (842, 141);
INSERT INTO cmsession (id, title, description, order_id, created_at, is_deleted) VALUES (142, 'ITR VISession 6', 'This is a practical session which teaches the students to fill ITR 6', 11, 'now', 'f');
INSERT INTO cmsession_module (cmsession_id, module_id) VALUES (142, 79);
INSERT INTO lesson (id, type, duration, tags, title, subject, order_id, created_at, is_deleted) VALUES (847,'PRESENTATION', 20, '', '26_ITR VI Session 6', 'none', 1, 'now','f');
INSERT INTO lesson_cmsession (lesson_id, cmsession_id) VALUES (847, 142);
INSERT INTO lesson (id, type, duration, tags, title, subject, order_id, created_at, is_deleted) VALUES (848,'PRESENTATION', 20, '', 'ITR VI Session 6 LESSON-1', 'none', 2, 'now','f');
INSERT INTO lesson_cmsession (lesson_id, cmsession_id) VALUES (848, 142);
INSERT INTO cmsession (id, title, description, order_id, created_at, is_deleted) VALUES (143, 'ITR VISession 7', 'This is a practical session which teaches the students to fill ITR 6', 12, 'now', 'f');
INSERT INTO cmsession_module (cmsession_id, module_id) VALUES (143, 79);
INSERT INTO lesson (id, type, duration, tags, title, subject, order_id, created_at, is_deleted) VALUES (853,'PRESENTATION', 20, '', '27_ITR VI Session 7', 'none', 1, 'now','f');
INSERT INTO lesson_cmsession (lesson_id, cmsession_id) VALUES (853, 143);
INSERT INTO lesson (id, type, duration, tags, title, subject, order_id, created_at, is_deleted) VALUES (854,'PRESENTATION', 20, '', 'ITR VI Session 7 LESSON-1', 'none', 2, 'now','f');
INSERT INTO lesson_cmsession (lesson_id, cmsession_id) VALUES (854, 143);
INSERT INTO cmsession (id, title, description, order_id, created_at, is_deleted) VALUES (144, 'ITR VISession 8', 'This is a practical session which teaches the students to fill ITR 6', 13, 'now', 'f');
INSERT INTO cmsession_module (cmsession_id, module_id) VALUES (144, 79);
INSERT INTO lesson (id, type, duration, tags, title, subject, order_id, created_at, is_deleted) VALUES (859,'PRESENTATION', 20, '', '28_ITR VI Session 8', 'none', 1, 'now','f');
INSERT INTO lesson_cmsession (lesson_id, cmsession_id) VALUES (859, 144);
INSERT INTO lesson (id, type, duration, tags, title, subject, order_id, created_at, is_deleted) VALUES (860,'PRESENTATION', 20, '', 'ITR VI Session 8 LESSON-1', 'none', 2, 'now','f');
INSERT INTO lesson_cmsession (lesson_id, cmsession_id) VALUES (860, 144);
INSERT INTO cmsession (id, title, description, order_id, created_at, is_deleted) VALUES (145, 'ITR VISession 9', 'This is a practical session which teaches the students to fill ITR 6', 14, 'now', 'f');
INSERT INTO cmsession_module (cmsession_id, module_id) VALUES (145, 79);
INSERT INTO lesson (id, type, duration, tags, title, subject, order_id, created_at, is_deleted) VALUES (865,'PRESENTATION', 20, '', '29_ITR VI Session 9', 'none', 1, 'now','f');
INSERT INTO lesson_cmsession (lesson_id, cmsession_id) VALUES (865, 145);
INSERT INTO lesson (id, type, duration, tags, title, subject, order_id, created_at, is_deleted) VALUES (866,'PRESENTATION', 20, '', 'ITR VI Session 9 LESSON-1', 'none', 2, 'now','f');
INSERT INTO lesson_cmsession (lesson_id, cmsession_id) VALUES (866, 145);
INSERT INTO cmsession (id, title, description, order_id, created_at, is_deleted) VALUES (146, 'ITR VISession 10', 'This is a practical session which teaches the students to fill ITR 6', 15, 'now', 'f');
INSERT INTO cmsession_module (cmsession_id, module_id) VALUES (146, 79);
INSERT INTO lesson (id, type, duration, tags, title, subject, order_id, created_at, is_deleted) VALUES (871,'PRESENTATION', 20, '', '30_ITR VI Session 10', 'none', 1, 'now','f');
INSERT INTO lesson_cmsession (lesson_id, cmsession_id) VALUES (871, 146);
INSERT INTO lesson (id, type, duration, tags, title, subject, order_id, created_at, is_deleted) VALUES (872,'PRESENTATION', 20, '', 'ITR VI Session 10 LESSON-1', 'none', 2, 'now','f');
INSERT INTO lesson_cmsession (lesson_id, cmsession_id) VALUES (872, 146);
INSERT INTO course (id, course_name, course_description, tags, created_at) VALUES (7, 'Business Communication', 'Oral and written communication strategies including project/proposal writing', NULL, 'now');
INSERT INTO module (id, module_name, order_id, is_deleted) VALUES (80, 'Introduction to Business communication', 1, 'f');
INSERT INTO module_course (module_id, course_id) VALUES (80, 7);
INSERT INTO cmsession (id, title, description, order_id, created_at, is_deleted) VALUES (147, '01_Introduction to Business Communication', 'This session helps the student understand the basics of business communication', 1, 'now', 'f');
INSERT INTO cmsession_module (cmsession_id, module_id) VALUES (147, 80);
INSERT INTO lesson (id, type, duration, tags, title, subject, order_id, created_at, is_deleted) VALUES (877,'PRESENTATION', 20, '', '01_Introduction to communication', 'banking-1', 1, 'now','f');
INSERT INTO lesson_cmsession (lesson_id, cmsession_id) VALUES (877, 147);
INSERT INTO cmsession (id, title, description, order_id, created_at, is_deleted) VALUES (148, '02_Barriers to Communication', 'This session helps the students identify and overcome barriers to effective communication', 2, 'now', 'f');
INSERT INTO cmsession_module (cmsession_id, module_id) VALUES (148, 80);
INSERT INTO lesson (id, type, duration, tags, title, subject, order_id, created_at, is_deleted) VALUES (883,'PRESENTATION', 20, 'communication,barriers', '02_Barriers to effective Communication', 'banking-1', 1, 'now','f');
INSERT INTO lesson_cmsession (lesson_id, cmsession_id) VALUES (883, 148);
INSERT INTO module (id, module_name, order_id, is_deleted) VALUES (81, 'Verbal communication', 2, 'f');
INSERT INTO module_course (module_id, course_id) VALUES (81, 7);
INSERT INTO cmsession (id, title, description, order_id, created_at, is_deleted) VALUES (149, '03_Oral communication', 'This session helps the students understand various aspects of spoken communication', 1, 'now', 'f');
INSERT INTO cmsession_module (cmsession_id, module_id) VALUES (149, 81);
INSERT INTO lesson (id, type, duration, tags, title, subject, order_id, created_at, is_deleted) VALUES (889,'PRESENTATION', 20, 'Communication,Verbal', '3_WC Verbal Comm', 'banking-1', 1, 'now','f');
INSERT INTO lesson_cmsession (lesson_id, cmsession_id) VALUES (889, 149);
INSERT INTO module (id, module_name, order_id, is_deleted) VALUES (82, 'Nonverbal communication', 3, 'f');
INSERT INTO module_course (module_id, course_id) VALUES (82, 7);
INSERT INTO cmsession (id, title, description, order_id, created_at, is_deleted) VALUES (150, '04_Body language', 'This session helps the students understand the various components of body language and effective use of the same', 1, 'now', 'f');
INSERT INTO cmsession_module (cmsession_id, module_id) VALUES (150, 82);
INSERT INTO lesson (id, type, duration, tags, title, subject, order_id, created_at, is_deleted) VALUES (899,'PRESENTATION', 20, 'Non verbal,Written Communication', '04_Non Verbal Communication', 'banking-1', 2, 'now','f');
INSERT INTO lesson_cmsession (lesson_id, cmsession_id) VALUES (899, 150);
INSERT INTO module (id, module_name, order_id, is_deleted) VALUES (83, 'Written Communication', 4, 'f');
INSERT INTO module_course (module_id, course_id) VALUES (83, 7);
INSERT INTO cmsession (id, title, description, order_id, created_at, is_deleted) VALUES (151, '05_Introduction to Written Communication', 'This session helps students analyse the effective use of written communication', 1, 'now', 'f');
INSERT INTO cmsession_module (cmsession_id, module_id) VALUES (151, 83);
INSERT INTO lesson (id, type, duration, tags, title, subject, order_id, created_at, is_deleted) VALUES (901,'PRESENTATION', 20, 'Written Communication', '05_Introduction to Written Communication', 'banking-1', 1, 'now','f');
INSERT INTO lesson_cmsession (lesson_id, cmsession_id) VALUES (901, 151);
INSERT INTO cmsession (id, title, description, order_id, created_at, is_deleted) VALUES (152, '06_Introduction to Written Communication', 'This session helps students analyse the effective use of written communication', 2, 'now', 'f');
INSERT INTO cmsession_module (cmsession_id, module_id) VALUES (152, 83);
INSERT INTO lesson (id, type, duration, tags, title, subject, order_id, created_at, is_deleted) VALUES (907,'PRESENTATION', 20, 'Tricks to writing well', '06_Introduction to Written Communication', 'banking-1', 1, 'now','f');
INSERT INTO lesson_cmsession (lesson_id, cmsession_id) VALUES (907, 152);
INSERT INTO cmsession (id, title, description, order_id, created_at, is_deleted) VALUES (153, '07_Letter Writing', 'This session helps the students understand effective methods to write business letters', 3, 'now', 'f');
INSERT INTO cmsession_module (cmsession_id, module_id) VALUES (153, 83);
INSERT INTO lesson (id, type, duration, tags, title, subject, order_id, created_at, is_deleted) VALUES (917,'PRESENTATION', 20, 'Letter Writing,Evolution', '07_Letter Writing', 'banking-1', 2, 'now','f');
INSERT INTO lesson_cmsession (lesson_id, cmsession_id) VALUES (917, 153);
INSERT INTO cmsession (id, title, description, order_id, created_at, is_deleted) VALUES (154, '08_Types of Letters', 'This session helps the students recognize instances where different types of business letters are needed', 4, 'now', 'f');
INSERT INTO cmsession_module (cmsession_id, module_id) VALUES (154, 83);
INSERT INTO lesson (id, type, duration, tags, title, subject, order_id, created_at, is_deleted) VALUES (919,'PRESENTATION', 20, 'communication', '08_Types of Letter Writing', 'banking-1', 1, 'now','f');
INSERT INTO lesson_cmsession (lesson_id, cmsession_id) VALUES (919, 154);
INSERT INTO cmsession (id, title, description, order_id, created_at, is_deleted) VALUES (155, '09_Emails', 'This session helps the students understand the right etiquette to follow for email writing', 5, 'now', 'f');
INSERT INTO cmsession_module (cmsession_id, module_id) VALUES (155, 83);
INSERT INTO lesson (id, type, duration, tags, title, subject, order_id, created_at, is_deleted) VALUES (925,'PRESENTATION', 20, 'Email,Format,Etiquette', '09_Use of Email_format_etiquette', 'banking-1', 1, 'now','f');
INSERT INTO lesson_cmsession (lesson_id, cmsession_id) VALUES (925, 155);
INSERT INTO cmsession (id, title, description, order_id, created_at, is_deleted) VALUES (156, '10_Memos', 'This session helps the students understand the use of memos and tips to writing effective memos', 6, 'now', 'f');
INSERT INTO cmsession_module (cmsession_id, module_id) VALUES (156, 83);
INSERT INTO lesson (id, type, duration, tags, title, subject, order_id, created_at, is_deleted) VALUES (931,'PRESENTATION', 60, 'memos,business', '10_Memos in Business', 'banking-1', 1, 'now','f');
INSERT INTO lesson_cmsession (lesson_id, cmsession_id) VALUES (931, 156);
INSERT INTO cmsession (id, title, description, order_id, created_at, is_deleted) VALUES (157, '11_Report Writing', 'This session helps the students understand the format and structure to create an efficient report', 7, 'now', 'f');
INSERT INTO cmsession_module (cmsession_id, module_id) VALUES (157, 83);
INSERT INTO lesson (id, type, duration, tags, title, subject, order_id, created_at, is_deleted) VALUES (937,'PRESENTATION', 60, 'Report Writing', '11_Report Writing', 'banking-1', 1, 'now','f');
INSERT INTO lesson_cmsession (lesson_id, cmsession_id) VALUES (937, 157);
INSERT INTO cmsession (id, title, description, order_id, created_at, is_deleted) VALUES (158, '12_Report Writing', 'This session helps the students understand the format and structure to create an efficient report', 8, 'now', 'f');
INSERT INTO cmsession_module (cmsession_id, module_id) VALUES (158, 83);
INSERT INTO lesson (id, type, duration, tags, title, subject, order_id, created_at, is_deleted) VALUES (943,'PRESENTATION', 20, 'Report Writing', '12_Report Writing', 'banking-1', 1, 'now','f');
INSERT INTO lesson_cmsession (lesson_id, cmsession_id) VALUES (943, 158);
INSERT INTO cmsession (id, title, description, order_id, created_at, is_deleted) VALUES (159, '13_Business Proposal', 'This session helps the students understand the importance and provides strategies to write a good business proposal', 9, 'now', 'f');
INSERT INTO cmsession_module (cmsession_id, module_id) VALUES (159, 83);
INSERT INTO lesson (id, type, duration, tags, title, subject, order_id, created_at, is_deleted) VALUES (949,'PRESENTATION', 60, 'Proposal,Business,Planning', '13_Business Proposal', 'banking-1', 1, 'now','f');
INSERT INTO lesson_cmsession (lesson_id, cmsession_id) VALUES (949, 159);
INSERT INTO module (id, module_name, order_id, is_deleted) VALUES (84, 'Technology in Business Communication', 5, 'f');
INSERT INTO module_course (module_id, course_id) VALUES (84, 7);
INSERT INTO cmsession (id, title, description, order_id, created_at, is_deleted) VALUES (160, 'Technology in Business Communication', 'This session helps the students understand the need for use of collaborative tools online', 1, 'now', 'f');
INSERT INTO cmsession_module (cmsession_id, module_id) VALUES (160, 84);
INSERT INTO lesson (id, type, duration, tags, title, subject, order_id, created_at, is_deleted) VALUES (955,'PRESENTATION', 60, 'Technology,Communication,Business', '14_Technology in Business Comm.', 'banking-1', 1, 'now','f');
INSERT INTO lesson_cmsession (lesson_id, cmsession_id) VALUES (955, 160);
INSERT INTO lesson (id, type, duration, tags, title, subject, order_id, created_at, is_deleted) VALUES (956,'PRESENTATION', 20, '', 'LESSON-1', 'NONE', 2, 'now','f');
INSERT INTO lesson_cmsession (lesson_id, cmsession_id) VALUES (956, 160);
INSERT INTO cmsession (id, title, description, order_id, created_at, is_deleted) VALUES (161, 'Technology in Business Communication', 'This session helps the students understand etiquette to follow for teleconferencing and videoconferencing', 2, 'now', 'f');
INSERT INTO cmsession_module (cmsession_id, module_id) VALUES (161, 84);
INSERT INTO lesson (id, type, duration, tags, title, subject, order_id, created_at, is_deleted) VALUES (961,'PRESENTATION', 60, '', '15_Teleconferencing and videoconferencing', 'banking-1', 1, 'now','f');
INSERT INTO lesson_cmsession (lesson_id, cmsession_id) VALUES (961, 161);
INSERT INTO course (id, course_name, course_description, tags, created_at) VALUES (8, 'MS Excel Workshop', 'Excel functions such as arithmetic operations, functions, formatting, sorting, charts.', NULL, 'now');
INSERT INTO module (id, module_name, order_id, is_deleted) VALUES (85, 'Introduction to Excel', 1, 'f');
INSERT INTO module_course (module_id, course_id) VALUES (85, 8);
INSERT INTO cmsession (id, title, description, order_id, created_at, is_deleted) VALUES (162, '01_Introduction to Excel', 'This course introduces MS excel basics to the students', 1, 'now', 'f');
INSERT INTO cmsession_module (cmsession_id, module_id) VALUES (162, 85);
INSERT INTO lesson (id, type, duration, tags, title, subject, order_id, created_at, is_deleted) VALUES (968,'PRESENTATION', 20, 'Excel', '01_Introduction to MS Excel', 'banking-1', 1, 'now','f');
INSERT INTO lesson_cmsession (lesson_id, cmsession_id) VALUES (968, 162);
INSERT INTO module (id, module_name, order_id, is_deleted) VALUES (86, 'Excel Formatting', 2, 'f');
INSERT INTO module_course (module_id, course_id) VALUES (86, 8);
INSERT INTO cmsession (id, title, description, order_id, created_at, is_deleted) VALUES (163, '02_Formatting', 'This session enables the students to format a table using various tools', 1, 'now', 'f');
INSERT INTO cmsession_module (cmsession_id, module_id) VALUES (163, 86);
INSERT INTO lesson (id, type, duration, tags, title, subject, order_id, created_at, is_deleted) VALUES (974,'PRESENTATION', 60, 'formatting', '2_Formatting', 'banking-1', 1, 'now','f');
INSERT INTO lesson_cmsession (lesson_id, cmsession_id) VALUES (974, 163);
INSERT INTO cmsession (id, title, description, order_id, created_at, is_deleted) VALUES (164, '03_Activity 1', 'This is an activity based session where students learn to apply the formatting tools learnt', 2, 'now', 'f');
INSERT INTO cmsession_module (cmsession_id, module_id) VALUES (164, 86);
INSERT INTO lesson (id, type, duration, tags, title, subject, order_id, created_at, is_deleted) VALUES (980,'PRESENTATION', 20, 'Excel', '03_Activity 1', 'banking-1', 1, 'now','f');
INSERT INTO lesson_cmsession (lesson_id, cmsession_id) VALUES (980, 164);
INSERT INTO cmsession (id, title, description, order_id, created_at, is_deleted) VALUES (165, '04_Conditional Formatting', 'This session enables the students to understand and apply conditional formatting', 3, 'now', 'f');
INSERT INTO cmsession_module (cmsession_id, module_id) VALUES (165, 86);
INSERT INTO lesson (id, type, duration, tags, title, subject, order_id, created_at, is_deleted) VALUES (986,'PRESENTATION', 60, 'Conditional,Formatting,table', '4_Conditional formatting and Table style formattin', 'banking-1', 1, 'now','f');
INSERT INTO lesson_cmsession (lesson_id, cmsession_id) VALUES (986, 165);
INSERT INTO module (id, module_name, order_id, is_deleted) VALUES (87, 'Sort & Filter', 3, 'f');
INSERT INTO module_course (module_id, course_id) VALUES (87, 8);
INSERT INTO cmsession (id, title, description, order_id, created_at, is_deleted) VALUES (166, 'Sort & Filter', 'This session enables the students to sort and filter in excel', 1, 'now', 'f');
INSERT INTO cmsession_module (cmsession_id, module_id) VALUES (166, 87);
INSERT INTO lesson (id, type, duration, tags, title, subject, order_id, created_at, is_deleted) VALUES (992,'PRESENTATION', 20, 'Excel,Filters,Sorting', '05_Sorting and Filters', 'banking-1', 1, 'now','f');
INSERT INTO lesson_cmsession (lesson_id, cmsession_id) VALUES (992, 166);
INSERT INTO module (id, module_name, order_id, is_deleted) VALUES (88, 'Charts', 4, 'f');
INSERT INTO module_course (module_id, course_id) VALUES (88, 8);
INSERT INTO cmsession (id, title, description, order_id, created_at, is_deleted) VALUES (167, 'Charts', 'This session teaches the student types of charts in excel', 1, 'now', 'f');
INSERT INTO cmsession_module (cmsession_id, module_id) VALUES (167, 88);
INSERT INTO lesson (id, type, duration, tags, title, subject, order_id, created_at, is_deleted) VALUES (998,'PRESENTATION', 60, 'excel', '6_Charts', 'banking-1', 1, 'now','f');
INSERT INTO lesson_cmsession (lesson_id, cmsession_id) VALUES (998, 167);
INSERT INTO lesson (id, type, duration, tags, title, subject, order_id, created_at, is_deleted) VALUES (999,'PRESENTATION', 20, '', 'LESSON-1', 'NONE', 2, 'now','f');
INSERT INTO lesson_cmsession (lesson_id, cmsession_id) VALUES (999, 167);
INSERT INTO cmsession (id, title, description, order_id, created_at, is_deleted) VALUES (168, 'Insert Charts', 'This session helps the students to select the appropriate chart type and to insert chart', 2, 'now', 'f');
INSERT INTO cmsession_module (cmsession_id, module_id) VALUES (168, 88);
INSERT INTO lesson (id, type, duration, tags, title, subject, order_id, created_at, is_deleted) VALUES (1004,'PRESENTATION', 20, 'Excel', '07_Insert charts', 'banking-1', 1, 'now','f');
INSERT INTO lesson_cmsession (lesson_id, cmsession_id) VALUES (1004, 168);
INSERT INTO lesson (id, type, duration, tags, title, subject, order_id, created_at, is_deleted) VALUES (1005,'PRESENTATION', 20, '', 'LESSON-1', 'NONE', 2, 'now','f');
INSERT INTO lesson_cmsession (lesson_id, cmsession_id) VALUES (1005, 168);
INSERT INTO module (id, module_name, order_id, is_deleted) VALUES (89, 'Excel Functions', 5, 'f');
INSERT INTO module_course (module_id, course_id) VALUES (89, 8);
INSERT INTO cmsession (id, title, description, order_id, created_at, is_deleted) VALUES (169, 'Basic Arithmetic Operations', 'This session teaches the students to perform basic arithmetic functions in excel', 1, 'now', 'f');
INSERT INTO cmsession_module (cmsession_id, module_id) VALUES (169, 89);
INSERT INTO lesson (id, type, duration, tags, title, subject, order_id, created_at, is_deleted) VALUES (1010,'PRESENTATION', 60, 'Basic,Calculations', '8_Basic Calculations', 'banking-1', 1, 'now','f');
INSERT INTO lesson_cmsession (lesson_id, cmsession_id) VALUES (1010, 169);
INSERT INTO lesson (id, type, duration, tags, title, subject, order_id, created_at, is_deleted) VALUES (1011,'PRESENTATION', 20, '', 'LESSON-1', 'NONE', 2, 'now','f');
INSERT INTO lesson_cmsession (lesson_id, cmsession_id) VALUES (1011, 169);
INSERT INTO cmsession (id, title, description, order_id, created_at, is_deleted) VALUES (170, 'Functions', 'This session enables the students to use functions like min, max etc. in excel', 2, 'now', 'f');
INSERT INTO cmsession_module (cmsession_id, module_id) VALUES (170, 89);
INSERT INTO lesson (id, type, duration, tags, title, subject, order_id, created_at, is_deleted) VALUES (1016,'PRESENTATION', 20, 'Functions', '09_Functions', 'banking-1', 1, 'now','f');
INSERT INTO lesson_cmsession (lesson_id, cmsession_id) VALUES (1016, 170);
INSERT INTO lesson (id, type, duration, tags, title, subject, order_id, created_at, is_deleted) VALUES (1017,'PRESENTATION', 20, '', 'LESSON-1', 'NONE', 2, 'now','f');
INSERT INTO lesson_cmsession (lesson_id, cmsession_id) VALUES (1017, 170);
INSERT INTO cmsession (id, title, description, order_id, created_at, is_deleted) VALUES (171, 'Activity 2', 'This is an activity based session which enables the students to use the functions learnt in excel', 3, 'now', 'f');
INSERT INTO cmsession_module (cmsession_id, module_id) VALUES (171, 89);
INSERT INTO lesson (id, type, duration, tags, title, subject, order_id, created_at, is_deleted) VALUES (1022,'PRESENTATION', 20, 'Activity 2', '10_Activity2', 'banking-1', 1, 'now','f');
INSERT INTO lesson_cmsession (lesson_id, cmsession_id) VALUES (1022, 171);
INSERT INTO lesson (id, type, duration, tags, title, subject, order_id, created_at, is_deleted) VALUES (1023,'PRESENTATION', 20, '', 'LESSON-1', 'NONE', 2, 'now','f');
INSERT INTO lesson_cmsession (lesson_id, cmsession_id) VALUES (1023, 171);
INSERT INTO module (id, module_name, order_id, is_deleted) VALUES (90, 'Paste Special', 6, 'f');
INSERT INTO module_course (module_id, course_id) VALUES (90, 8);
INSERT INTO cmsession (id, title, description, order_id, created_at, is_deleted) VALUES (172, 'Paste Special', 'This session teaches the students various paste special functions', 1, 'now', 'f');
INSERT INTO cmsession_module (cmsession_id, module_id) VALUES (172, 90);
INSERT INTO lesson (id, type, duration, tags, title, subject, order_id, created_at, is_deleted) VALUES (1028,'PRESENTATION', 20, '', '11_Paste_special', 'banking-1', 1, 'now','f');
INSERT INTO lesson_cmsession (lesson_id, cmsession_id) VALUES (1028, 172);
INSERT INTO lesson (id, type, duration, tags, title, subject, order_id, created_at, is_deleted) VALUES (1029,'PRESENTATION', 20, '', 'LESSON-1', 'NONE', 2, 'now','f');
INSERT INTO lesson_cmsession (lesson_id, cmsession_id) VALUES (1029, 172);
INSERT INTO module (id, module_name, order_id, is_deleted) VALUES (91, 'Excel Advance functions', 7, 'f');
INSERT INTO module_course (module_id, course_id) VALUES (91, 8);
INSERT INTO cmsession (id, title, description, order_id, created_at, is_deleted) VALUES (173, 'Conditional Functions', 'This session teaches the students conditional functions like if, and , or', 1, 'now', 'f');
INSERT INTO cmsession_module (cmsession_id, module_id) VALUES (173, 91);
INSERT INTO lesson (id, type, duration, tags, title, subject, order_id, created_at, is_deleted) VALUES (1034,'PRESENTATION', 20, 'conditional functions', '12_Conditional functions', 'banking-1', 1, 'now','f');
INSERT INTO lesson_cmsession (lesson_id, cmsession_id) VALUES (1034, 173);
INSERT INTO lesson (id, type, duration, tags, title, subject, order_id, created_at, is_deleted) VALUES (1035,'PRESENTATION', 20, '', 'LESSON-1', 'NONE', 2, 'now','f');
INSERT INTO lesson_cmsession (lesson_id, cmsession_id) VALUES (1035, 173);
INSERT INTO cmsession (id, title, description, order_id, created_at, is_deleted) VALUES (174, 'Lookup functions', 'This session enables the students to use various lookup functions', 2, 'now', 'f');
INSERT INTO cmsession_module (cmsession_id, module_id) VALUES (174, 91);
INSERT INTO lesson (id, type, duration, tags, title, subject, order_id, created_at, is_deleted) VALUES (1040,'PRESENTATION', 20, 'Lookup Functions', '13_Lookup Functions', 'banking-1', 1, 'now','f');
INSERT INTO lesson_cmsession (lesson_id, cmsession_id) VALUES (1040, 174);
INSERT INTO lesson (id, type, duration, tags, title, subject, order_id, created_at, is_deleted) VALUES (1041,'PRESENTATION', 20, '', 'LESSON-1', 'NONE', 2, 'now','f');
INSERT INTO lesson_cmsession (lesson_id, cmsession_id) VALUES (1041, 174);
INSERT INTO module (id, module_name, order_id, is_deleted) VALUES (92, 'Text to columns', 8, 'f');
INSERT INTO module_course (module_id, course_id) VALUES (92, 8);
INSERT INTO cmsession (id, title, description, order_id, created_at, is_deleted) VALUES (175, 'Text to columns', 'This session teaches the students how to use text to columns tool', 1, 'now', 'f');
INSERT INTO cmsession_module (cmsession_id, module_id) VALUES (175, 92);
INSERT INTO lesson (id, type, duration, tags, title, subject, order_id, created_at, is_deleted) VALUES (1046,'PRESENTATION', 60, 'text,columns', '14_Text to columns', 'banking-1', 1, 'now','f');
INSERT INTO lesson_cmsession (lesson_id, cmsession_id) VALUES (1046, 175);
INSERT INTO lesson (id, type, duration, tags, title, subject, order_id, created_at, is_deleted) VALUES (1047,'PRESENTATION', 20, '', 'LESSON-1', 'NONE', 2, 'now','f');
INSERT INTO lesson_cmsession (lesson_id, cmsession_id) VALUES (1047, 175);
INSERT INTO module (id, module_name, order_id, is_deleted) VALUES (93, 'Data validation', 9, 'f');
INSERT INTO module_course (module_id, course_id) VALUES (93, 8);
INSERT INTO cmsession (id, title, description, order_id, created_at, is_deleted) VALUES (176, 'Data validation', 'This session teaches the students how to create a drop down menu and use data validation tool', 1, 'now', 'f');
INSERT INTO cmsession_module (cmsession_id, module_id) VALUES (176, 93);
INSERT INTO lesson (id, type, duration, tags, title, subject, order_id, created_at, is_deleted) VALUES (1052,'PRESENTATION', 20, '', '15_data_validation', 'banking-1', 1, 'now','f');
INSERT INTO lesson_cmsession (lesson_id, cmsession_id) VALUES (1052, 176);
INSERT INTO lesson (id, type, duration, tags, title, subject, order_id, created_at, is_deleted) VALUES (1053,'PRESENTATION', 20, '', 'LESSON-1', 'NONE', 2, 'now','f');
INSERT INTO lesson_cmsession (lesson_id, cmsession_id) VALUES (1053, 176);
INSERT INTO module (id, module_name, order_id, is_deleted) VALUES (94, 'Pivot Table', 10, 'f');
INSERT INTO module_course (module_id, course_id) VALUES (94, 8);
INSERT INTO cmsession (id, title, description, order_id, created_at, is_deleted) VALUES (177, 'Pivot Table', 'This session teaches the students how to draw pivot table in excel', 1, 'now', 'f');
INSERT INTO cmsession_module (cmsession_id, module_id) VALUES (177, 94);
INSERT INTO lesson (id, type, duration, tags, title, subject, order_id, created_at, is_deleted) VALUES (1058,'PRESENTATION', 20, 'Excel', '16_Pivot Tables', 'banking-1', 1, 'now','f');
INSERT INTO lesson_cmsession (lesson_id, cmsession_id) VALUES (1058, 177);
INSERT INTO module (id, module_name, order_id, is_deleted) VALUES (95, 'Page Layout', 11, 'f');
INSERT INTO module_course (module_id, course_id) VALUES (95, 8);
INSERT INTO cmsession (id, title, description, order_id, created_at, is_deleted) VALUES (178, 'Page Layout', 'This session teaches the students various page layout features of excel', 1, 'now', 'f');
INSERT INTO cmsession_module (cmsession_id, module_id) VALUES (178, 95);
INSERT INTO lesson (id, type, duration, tags, title, subject, order_id, created_at, is_deleted) VALUES (1064,'PRESENTATION', 60, 'page,Layout,Ribbon', '17_Page Layout Ribbon', 'banking-1', 1, 'now','f');
INSERT INTO lesson_cmsession (lesson_id, cmsession_id) VALUES (1064, 178);
INSERT INTO module (id, module_name, order_id, is_deleted) VALUES (326, 'Linking and Hyperlinking', 12, 'f');
INSERT INTO module_course (module_id, course_id) VALUES (326, 8);
INSERT INTO cmsession (id, title, description, order_id, created_at, is_deleted) VALUES (1228, 'Hyperlinking', 'This session teaches the usage of hyperlinking function and the various tools associated with it.', 1, 'now', 'f');
INSERT INTO cmsession_module (cmsession_id, module_id) VALUES (1228, 326);
INSERT INTO lesson (id, type, duration, tags, title, subject, order_id, created_at, is_deleted) VALUES (6077,'PRESENTATION', 60, '', '18_Hyperlinking', 'none', 1, 'now','f');
INSERT INTO lesson_cmsession (lesson_id, cmsession_id) VALUES (6077, 1228);
INSERT INTO cmsession (id, title, description, order_id, created_at, is_deleted) VALUES (1386, 'Hyperlinking - II', 'This session teaches the usage of hyperlinking function and the various tools associated with it.', 2, 'now', 'f');
INSERT INTO cmsession_module (cmsession_id, module_id) VALUES (1386, 326);
INSERT INTO lesson (id, type, duration, tags, title, subject, order_id, created_at, is_deleted) VALUES (6432,'PRESENTATION', 60, '', '19_Hyperlinking', 'none', 1, 'now','f');
INSERT INTO lesson_cmsession (lesson_id, cmsession_id) VALUES (6432, 1386);
INSERT INTO module (id, module_name, order_id, is_deleted) VALUES (339, 'Precedents & Dependents', 13, 'f');
INSERT INTO module_course (module_id, course_id) VALUES (339, 8);
INSERT INTO cmsession (id, title, description, order_id, created_at, is_deleted) VALUES (1264, '20_Precedents & Dependents', 'It deals with using Precedents & Dependents in excel', 1, 'now', 'f');
INSERT INTO cmsession_module (cmsession_id, module_id) VALUES (1264, 339);
INSERT INTO lesson (id, type, duration, tags, title, subject, order_id, created_at, is_deleted) VALUES (6186,'PRESENTATION', 60, 'Excel', '20_Precedents & Dependents', 'none', 1, 'now','f');
INSERT INTO lesson_cmsession (lesson_id, cmsession_id) VALUES (6186, 1264);
INSERT INTO module (id, module_name, order_id, is_deleted) VALUES (394, 'What-if Analysis', 14, 'f');
INSERT INTO module_course (module_id, course_id) VALUES (394, 8);
INSERT INTO cmsession (id, title, description, order_id, created_at, is_deleted) VALUES (1373, 'What-if Analysis', 'What-if Analysis', 1, 'now', 'f');
INSERT INTO cmsession_module (cmsession_id, module_id) VALUES (1373, 394);
INSERT INTO lesson (id, type, duration, tags, title, subject, order_id, created_at, is_deleted) VALUES (6382,'PRESENTATION', 60, '', '21_What-if Analysis', 'NONE', 1, 'now','f');
INSERT INTO lesson_cmsession (lesson_id, cmsession_id) VALUES (6382, 1373);
INSERT INTO module (id, module_name, order_id, is_deleted) VALUES (396, 'Use of MS Excel in Finance', 15, 'f');
INSERT INTO module_course (module_id, course_id) VALUES (396, 8);
INSERT INTO cmsession (id, title, description, order_id, created_at, is_deleted) VALUES (1377, '22_Use of MS Excel in Finance', 'Use of MS Excel in Finance', 1, 'now', 'f');
INSERT INTO cmsession_module (cmsession_id, module_id) VALUES (1377, 396);
INSERT INTO lesson (id, type, duration, tags, title, subject, order_id, created_at, is_deleted) VALUES (6388,'PRESENTATION', 60, '', 'Use of MS Excel in Finance', 'NONE', 1, 'now','f');
INSERT INTO lesson_cmsession (lesson_id, cmsession_id) VALUES (6388, 1377);
INSERT INTO module (id, module_name, order_id, is_deleted) VALUES (397, 'Use of Excel in Accounting', 16, 'f');
INSERT INTO module_course (module_id, course_id) VALUES (397, 8);
INSERT INTO cmsession (id, title, description, order_id, created_at, is_deleted) VALUES (1378, '23_Use of Excel in Accounting', 'Use of Excel in Accounting', 1, 'now', 'f');
INSERT INTO cmsession_module (cmsession_id, module_id) VALUES (1378, 397);
INSERT INTO lesson (id, type, duration, tags, title, subject, order_id, created_at, is_deleted) VALUES (6390,'PRESENTATION', 60, '', 'Use of MS Excel in Accounting', 'NONE', 1, 'now','f');
INSERT INTO lesson_cmsession (lesson_id, cmsession_id) VALUES (6390, 1378);
INSERT INTO lesson (id, type, duration, tags, title, subject, order_id, created_at, is_deleted) VALUES (6398,'PRESENTATION', 60, '', 'Use of MS Excel in Accounting II', 'NONE', 2, 'now','f');
INSERT INTO lesson_cmsession (lesson_id, cmsession_id) VALUES (6398, 1378);
INSERT INTO cmsession (id, title, description, order_id, created_at, is_deleted) VALUES (1387, '24_Use of excel in Accounting-II', 'The session teaches the application of various excel functions which can be used in the field of accounting', 2, 'now', 'f');
INSERT INTO cmsession_module (cmsession_id, module_id) VALUES (1387, 397);
INSERT INTO lesson (id, type, duration, tags, title, subject, order_id, created_at, is_deleted) VALUES (6434,'PRESENTATION', 60, '', 'Use of MS Excel in Accounting II', 'NONE', 1, 'now','f');
INSERT INTO lesson_cmsession (lesson_id, cmsession_id) VALUES (6434, 1387);
INSERT INTO module (id, module_name, order_id, is_deleted) VALUES (402, 'Use of Excel in Human Resource', 17, 'f');
INSERT INTO module_course (module_id, course_id) VALUES (402, 8);
INSERT INTO cmsession (id, title, description, order_id, created_at, is_deleted) VALUES (1388, 'Excel for HR - I', 'This session explains the various functions which HR professionals will be able to use in their routine work.', 1, 'now', 'f');
INSERT INTO cmsession_module (cmsession_id, module_id) VALUES (1388, 402);
INSERT INTO lesson (id, type, duration, tags, title, subject, order_id, created_at, is_deleted) VALUES (6543,'PRESENTATION', 60, '', 'Excel for HR - I', 'NONE', 1, 'now','f');
INSERT INTO lesson_cmsession (lesson_id, cmsession_id) VALUES (6543, 1388);
INSERT INTO cmsession (id, title, description, order_id, created_at, is_deleted) VALUES (1389, 'Excel for HR - II', 'This session explains the various functions which HR professionals will be able to use in their routine work.', 2, 'now', 'f');
INSERT INTO cmsession_module (cmsession_id, module_id) VALUES (1389, 402);
INSERT INTO lesson (id, type, duration, tags, title, subject, order_id, created_at, is_deleted) VALUES (6529,'PRESENTATION', 60, '', 'Excel for HR - II', 'none', 1, 'now','f');
INSERT INTO lesson_cmsession (lesson_id, cmsession_id) VALUES (6529, 1389);
INSERT INTO module (id, module_name, order_id, is_deleted) VALUES (403, 'Use of Excel in Market Research', 18, 'f');
INSERT INTO module_course (module_id, course_id) VALUES (403, 8);
INSERT INTO cmsession (id, title, description, order_id, created_at, is_deleted) VALUES (1390, 'Excel for MR - I', 'This session deals with addressing various requirements that a professional working on market research data would need while working on Excel', 1, 'now', 'f');
INSERT INTO cmsession_module (cmsession_id, module_id) VALUES (1390, 403);
INSERT INTO cmsession (id, title, description, order_id, created_at, is_deleted) VALUES (1391, 'Excel for MR - II', 'This session deals with addressing various requirements that a professional working on market research data would need while working on Excel', 2, 'now', 'f');
INSERT INTO cmsession_module (cmsession_id, module_id) VALUES (1391, 403);
INSERT INTO module (id, module_name, order_id, is_deleted) VALUES (404, 'Macros', 19, 'f');
INSERT INTO module_course (module_id, course_id) VALUES (404, 8);
INSERT INTO cmsession (id, title, description, order_id, created_at, is_deleted) VALUES (1392, 'Introduction to Macros', 'This session introduces the Macros and its significance', 1, 'now', 'f');
INSERT INTO cmsession_module (cmsession_id, module_id) VALUES (1392, 404);
INSERT INTO lesson (id, type, duration, tags, title, subject, order_id, created_at, is_deleted) VALUES (6509,'PRESENTATION', 60, '', '29_Introduction to Macros', 'NONE', 1, 'now','f');
INSERT INTO lesson_cmsession (lesson_id, cmsession_id) VALUES (6509, 1392);
INSERT INTO cmsession (id, title, description, order_id, created_at, is_deleted) VALUES (1393, 'Recording Macros in Excel', 'This session teaches how to record Macros in Excel for various situations/functions', 2, 'now', 'f');
INSERT INTO cmsession_module (cmsession_id, module_id) VALUES (1393, 404);
INSERT INTO module (id, module_name, order_id, is_deleted) VALUES (398, 'Delete', 20, 'f');
INSERT INTO module_course (module_id, course_id) VALUES (398, 8);
INSERT INTO module (id, module_name, order_id, is_deleted) VALUES (96, 'Activity 3', 21, 'f');
INSERT INTO module_course (module_id, course_id) VALUES (96, 8);
INSERT INTO cmsession (id, title, description, order_id, created_at, is_deleted) VALUES (179, 'Activity', 'This is an activity based session on how to use excel tools and features learnt', 1, 'now', 'f');
INSERT INTO cmsession_module (cmsession_id, module_id) VALUES (179, 96);
INSERT INTO lesson (id, type, duration, tags, title, subject, order_id, created_at, is_deleted) VALUES (1070,'PRESENTATION', 20, '', 'LESSON-0', 'NONE', 1, 'now','f');
INSERT INTO lesson_cmsession (lesson_id, cmsession_id) VALUES (1070, 179);
INSERT INTO cmsession (id, title, description, order_id, created_at, is_deleted) VALUES (1003, 'Mid-term assessments- Excel', 'Mid term assessments for MS Excel', 2, 'now', 'f');
INSERT INTO cmsession_module (cmsession_id, module_id) VALUES (1003, 96);
INSERT INTO course (id, course_name, course_description, tags, created_at) VALUES (9, 'Asset Management ', 'Equity & debt markets, portfolio management, SEBI regulations, entry & exit documentation, sales procedures for mutual fund investment', NULL, 'now');
INSERT INTO module (id, module_name, order_id, is_deleted) VALUES (97, 'Risk vs Uncertainty', 1, 'f');
INSERT INTO module_course (module_id, course_id) VALUES (97, 9);
INSERT INTO cmsession (id, title, description, order_id, created_at, is_deleted) VALUES (360, '01 Risk vs Uncertainty', 'This session teaches the concept of risk and the difference between risk and uncertainty.', 1, 'now', 'f');
INSERT INTO cmsession_module (cmsession_id, module_id) VALUES (360, 97);
INSERT INTO lesson (id, type, duration, tags, title, subject, order_id, created_at, is_deleted) VALUES (2157,'PRESENTATION', 20, 'risk,uncertainity', '01_risk vs uncertainity', 'banking-1', 1, 'now','f');
INSERT INTO lesson_cmsession (lesson_id, cmsession_id) VALUES (2157, 360);
INSERT INTO module (id, module_name, order_id, is_deleted) VALUES (98, 'Identification of Risk', 2, 'f');
INSERT INTO module_course (module_id, course_id) VALUES (98, 9);
INSERT INTO cmsession (id, title, description, order_id, created_at, is_deleted) VALUES (361, '02 Identification of Risk', 'The course aims to teach the various layers of risk and also how to identify and assess risks.', 1, 'now', 'f');
INSERT INTO cmsession_module (cmsession_id, module_id) VALUES (361, 98);
INSERT INTO lesson (id, type, duration, tags, title, subject, order_id, created_at, is_deleted) VALUES (2163,'PRESENTATION', 20, 'Identification of Risk,Controllable & Uncontrollable Risk', '02_Identification of Risk', 'banking-1', 1, 'now','f');
INSERT INTO lesson_cmsession (lesson_id, cmsession_id) VALUES (2163, 361);
INSERT INTO module (id, module_name, order_id, is_deleted) VALUES (99, 'Assessing Risk', 3, 'f');
INSERT INTO module_course (module_id, course_id) VALUES (99, 9);
INSERT INTO cmsession (id, title, description, order_id, created_at, is_deleted) VALUES (362, '03 Identifying and assessing Risk', 'The session covers understanding of various types of risk and its assessment', 1, 'now', 'f');
INSERT INTO cmsession_module (cmsession_id, module_id) VALUES (362, 99);
INSERT INTO lesson (id, type, duration, tags, title, subject, order_id, created_at, is_deleted) VALUES (2169,'PRESENTATION', 20, 'identifying risk,assessing risk', '03_identifying and assessing risk', 'banking-1', 1, 'now','f');
INSERT INTO lesson_cmsession (lesson_id, cmsession_id) VALUES (2169, 362);
INSERT INTO module (id, module_name, order_id, is_deleted) VALUES (100, 'The Risk Game', 4, 'f');
INSERT INTO module_course (module_id, course_id) VALUES (100, 9);
INSERT INTO cmsession (id, title, description, order_id, created_at, is_deleted) VALUES (363, '04 The Risk Game', 'This session teaches the concept of risk assessment through a game', 1, 'now', 'f');
INSERT INTO cmsession_module (cmsession_id, module_id) VALUES (363, 100);
INSERT INTO lesson (id, type, duration, tags, title, subject, order_id, created_at, is_deleted) VALUES (2175,'PRESENTATION', 20, 'risk game', '04_The risk game', 'banking-1', 1, 'now','f');
INSERT INTO lesson_cmsession (lesson_id, cmsession_id) VALUES (2175, 363);
INSERT INTO module (id, module_name, order_id, is_deleted) VALUES (101, 'Time Value of Money-I', 5, 'f');
INSERT INTO module_course (module_id, course_id) VALUES (101, 9);
INSERT INTO cmsession (id, title, description, order_id, created_at, is_deleted) VALUES (364, '05 Time Value of Money-I', 'This session teaches the concept of time value of money, simple interest, compound interest, present & future value of money', 1, 'now', 'f');
INSERT INTO cmsession_module (cmsession_id, module_id) VALUES (364, 101);
INSERT INTO lesson (id, type, duration, tags, title, subject, order_id, created_at, is_deleted) VALUES (2181,'PRESENTATION', 20, 'Time value of money', '05_Time value of Money', 'banking-1', 1, 'now','f');
INSERT INTO lesson_cmsession (lesson_id, cmsession_id) VALUES (2181, 364);
INSERT INTO module (id, module_name, order_id, is_deleted) VALUES (102, 'Time Value of Money-II', 6, 'f');
INSERT INTO module_course (module_id, course_id) VALUES (102, 9);
INSERT INTO cmsession (id, title, description, order_id, created_at, is_deleted) VALUES (365, '06 Time Value of Money-II', 'This session aims to teach the computation aspect of present value, future value of money', 1, 'now', 'f');
INSERT INTO cmsession_module (cmsession_id, module_id) VALUES (365, 102);
INSERT INTO lesson (id, type, duration, tags, title, subject, order_id, created_at, is_deleted) VALUES (2187,'PRESENTATION', 20, '', '06_time value of money-II', 'banking-1', 1, 'now','f');
INSERT INTO lesson_cmsession (lesson_id, cmsession_id) VALUES (2187, 365);
INSERT INTO module (id, module_name, order_id, is_deleted) VALUES (103, 'Equities', 7, 'f');
INSERT INTO module_course (module_id, course_id) VALUES (103, 9);
INSERT INTO cmsession (id, title, description, order_id, created_at, is_deleted) VALUES (366, '07 Equities', 'This session aims to teach the concept of risk free rate of return, introduction to equity and why it is riskier than debt.', 1, 'now', 'f');
INSERT INTO cmsession_module (cmsession_id, module_id) VALUES (366, 103);
INSERT INTO lesson (id, type, duration, tags, title, subject, order_id, created_at, is_deleted) VALUES (2193,'PRESENTATION', 20, 'MFP,equities', '07_Introduction to Equities', 'banking-1', 1, 'now','f');
INSERT INTO lesson_cmsession (lesson_id, cmsession_id) VALUES (2193, 366);
INSERT INTO cmsession (id, title, description, order_id, created_at, is_deleted) VALUES (367, '08 Returns on Equity', 'The session covers the understanding of returns on equities and its computation aspects.', 2, 'now', 'f');
INSERT INTO cmsession_module (cmsession_id, module_id) VALUES (367, 103);
INSERT INTO lesson (id, type, duration, tags, title, subject, order_id, created_at, is_deleted) VALUES (2199,'PRESENTATION', 20, 'return on equity', '08_Rate of return', 'banking-1', 1, 'now','f');
INSERT INTO lesson_cmsession (lesson_id, cmsession_id) VALUES (2199, 367);
INSERT INTO cmsession (id, title, description, order_id, created_at, is_deleted) VALUES (368, '09 Stock Shock Game 1', 'The session helps understand how to apply concepts of equity through a mock share purchase game.', 3, 'now', 'f');
INSERT INTO cmsession_module (cmsession_id, module_id) VALUES (368, 103);
INSERT INTO lesson (id, type, duration, tags, title, subject, order_id, created_at, is_deleted) VALUES (2205,'PRESENTATION', 20, 'Stock Shock', '09_Stock Shock', 'banking-1', 1, 'now','f');
INSERT INTO lesson_cmsession (lesson_id, cmsession_id) VALUES (2205, 368);
INSERT INTO cmsession (id, title, description, order_id, created_at, is_deleted) VALUES (369, '10 Stock Shock Game 2', 'The session helps understand how to apply concepts of equity through a mock share purchase game', 4, 'now', 'f');
INSERT INTO cmsession_module (cmsession_id, module_id) VALUES (369, 103);
INSERT INTO lesson (id, type, duration, tags, title, subject, order_id, created_at, is_deleted) VALUES (2211,'PRESENTATION', 20, 'stock shock', '10_Stock Shock', 'banking-1', 1, 'now','f');
INSERT INTO lesson_cmsession (lesson_id, cmsession_id) VALUES (2211, 369);
INSERT INTO lesson (id, type, duration, tags, title, subject, order_id, created_at, is_deleted) VALUES (2212,'PRESENTATION', 20, '', 'mfp_assessment10', 'none', 2, 'now','f');
INSERT INTO lesson_cmsession (lesson_id, cmsession_id) VALUES (2212, 369);
INSERT INTO module (id, module_name, order_id, is_deleted) VALUES (104, 'Debt', 8, 'f');
INSERT INTO module_course (module_id, course_id) VALUES (104, 9);
INSERT INTO cmsession (id, title, description, order_id, created_at, is_deleted) VALUES (370, 'Debt Instruments', 'This session explains the meaning and need for debt instruments (Bond) and also the risks associated with it.', 1, 'now', 'f');
INSERT INTO cmsession_module (cmsession_id, module_id) VALUES (370, 104);
INSERT INTO lesson (id, type, duration, tags, title, subject, order_id, created_at, is_deleted) VALUES (2217,'PRESENTATION', 20, 'Debt Instruments', '11_Debt Instruments', 'banking-1', 1, 'now','f');
INSERT INTO lesson_cmsession (lesson_id, cmsession_id) VALUES (2217, 370);
INSERT INTO cmsession (id, title, description, order_id, created_at, is_deleted) VALUES (371, 'Bond Pricing', 'This session explains the various types of bonds, rating of bonds, yield and its computation.', 2, 'now', 'f');
INSERT INTO cmsession_module (cmsession_id, module_id) VALUES (371, 104);
INSERT INTO lesson (id, type, duration, tags, title, subject, order_id, created_at, is_deleted) VALUES (2223,'PRESENTATION', 20, 'Bond Pricing,Types of bonds', '12_Bond Pricing', 'banking-1', 1, 'now','f');
INSERT INTO lesson_cmsession (lesson_id, cmsession_id) VALUES (2223, 371);
INSERT INTO cmsession (id, title, description, order_id, created_at, is_deleted) VALUES (372, 'Debt Game - 1', 'The session helps understand and application of concepts of debt, through a mock bond purchase game.', 3, 'now', 'f');
INSERT INTO cmsession_module (cmsession_id, module_id) VALUES (372, 104);
INSERT INTO lesson (id, type, duration, tags, title, subject, order_id, created_at, is_deleted) VALUES (2229,'PRESENTATION', 20, 'Debt Bet Game', '13_Debt Bet Game 1', 'banking-1', 1, 'now','f');
INSERT INTO lesson_cmsession (lesson_id, cmsession_id) VALUES (2229, 372);
INSERT INTO lesson (id, type, duration, tags, title, subject, order_id, created_at, is_deleted) VALUES (2230,'PRESENTATION', 20, '', 'mfp_assessment13', 'none', 2, 'now','f');
INSERT INTO lesson_cmsession (lesson_id, cmsession_id) VALUES (2230, 372);
INSERT INTO cmsession (id, title, description, order_id, created_at, is_deleted) VALUES (373, 'Debt Game - 2', 'The session helps understand and application of concepts of debt, through a mock bond purchase game.', 4, 'now', 'f');
INSERT INTO cmsession_module (cmsession_id, module_id) VALUES (373, 104);
INSERT INTO lesson (id, type, duration, tags, title, subject, order_id, created_at, is_deleted) VALUES (2235,'PRESENTATION', 20, 'debt bet game', '14_Debt Bet game 2', 'banking-1', 1, 'now','f');
INSERT INTO lesson_cmsession (lesson_id, cmsession_id) VALUES (2235, 373);
INSERT INTO lesson (id, type, duration, tags, title, subject, order_id, created_at, is_deleted) VALUES (2236,'PRESENTATION', 20, '', 'mfp_assessment14', 'none', 2, 'now','f');
INSERT INTO lesson_cmsession (lesson_id, cmsession_id) VALUES (2236, 373);
INSERT INTO module (id, module_name, order_id, is_deleted) VALUES (105, 'Diversification', 9, 'f');
INSERT INTO module_course (module_id, course_id) VALUES (105, 9);
INSERT INTO cmsession (id, title, description, order_id, created_at, is_deleted) VALUES (374, 'Diversification of Risk', 'This session introduces the concept of a portfolio and its diversification strategies.', 1, 'now', 'f');
INSERT INTO cmsession_module (cmsession_id, module_id) VALUES (374, 105);
INSERT INTO lesson (id, type, duration, tags, title, subject, order_id, created_at, is_deleted) VALUES (2241,'PRESENTATION', 20, '', '15_Diversification of risk', 'none', 1, 'now','f');
INSERT INTO lesson_cmsession (lesson_id, cmsession_id) VALUES (2241, 374);
INSERT INTO module (id, module_name, order_id, is_deleted) VALUES (106, 'Mutual Funds', 10, 'f');
INSERT INTO module_course (module_id, course_id) VALUES (106, 9);
INSERT INTO cmsession (id, title, description, order_id, created_at, is_deleted) VALUES (375, 'Introduction to Mutual Funds - 1', 'The sessions aims to explain what a Mutual Fund is, its features and various types of Mutual Funds.', 1, 'now', 'f');
INSERT INTO cmsession_module (cmsession_id, module_id) VALUES (375, 106);
INSERT INTO lesson (id, type, duration, tags, title, subject, order_id, created_at, is_deleted) VALUES (2247,'PRESENTATION', 20, '', '16_Introduction to Mutual Funds -1', 'none', 1, 'now','f');
INSERT INTO lesson_cmsession (lesson_id, cmsession_id) VALUES (2247, 375);
INSERT INTO cmsession (id, title, description, order_id, created_at, is_deleted) VALUES (376, 'Introduction to Mutual Funds - 2', 'The sessions aims to explain what a Mutual Fund is, its features and various types of Mutual Funds.', 2, 'now', 'f');
INSERT INTO cmsession_module (cmsession_id, module_id) VALUES (376, 106);
INSERT INTO lesson (id, type, duration, tags, title, subject, order_id, created_at, is_deleted) VALUES (2253,'PRESENTATION', 20, '', '17_Introduction to Mutual Funds -2', 'none', 1, 'now','f');
INSERT INTO lesson_cmsession (lesson_id, cmsession_id) VALUES (2253, 376);
INSERT INTO cmsession (id, title, description, order_id, created_at, is_deleted) VALUES (378, 'Mutual Fund Regulations -1', 'This session highlights the importance and functioning of regulatory authorities of a Mutual Fund.', 3, 'now', 'f');
INSERT INTO cmsession_module (cmsession_id, module_id) VALUES (378, 106);
INSERT INTO lesson (id, type, duration, tags, title, subject, order_id, created_at, is_deleted) VALUES (5513,'PRESENTATION', 60, '', '18_Mutual Fund Regulations', 'NONE', 2, 'now','f');
INSERT INTO lesson_cmsession (lesson_id, cmsession_id) VALUES (5513, 378);
INSERT INTO cmsession (id, title, description, order_id, created_at, is_deleted) VALUES (377, 'Mutual Fund Regulations -2', 'This session highlights the importance and functioning of regulatory authorities of a Mutual Fund.', 4, 'now', 'f');
INSERT INTO cmsession_module (cmsession_id, module_id) VALUES (377, 106);
INSERT INTO lesson (id, type, duration, tags, title, subject, order_id, created_at, is_deleted) VALUES (5514,'PRESENTATION', 60, '', '19_Mutual Fund Regulations', 'NONE', 2, 'now','f');
INSERT INTO lesson_cmsession (lesson_id, cmsession_id) VALUES (5514, 377);
INSERT INTO cmsession (id, title, description, order_id, created_at, is_deleted) VALUES (386, 'Net Asset Value 1', 'This session aims to teach concept of NAV and how to calculate the same', 5, 'now', 'f');
INSERT INTO cmsession_module (cmsession_id, module_id) VALUES (386, 106);
INSERT INTO lesson (id, type, duration, tags, title, subject, order_id, created_at, is_deleted) VALUES (5510,'PRESENTATION', 20, '', '20_Net asset Value 1', 'none', 1, 'now','f');
INSERT INTO lesson_cmsession (lesson_id, cmsession_id) VALUES (5510, 386);
INSERT INTO cmsession (id, title, description, order_id, created_at, is_deleted) VALUES (383, 'Net Asset Value 2', 'This session aims to teach concept of NAV and how to calculate the same', 6, 'now', 'f');
INSERT INTO cmsession_module (cmsession_id, module_id) VALUES (383, 106);
INSERT INTO lesson (id, type, duration, tags, title, subject, order_id, created_at, is_deleted) VALUES (2295,'PRESENTATION', 20, '', '21_Net asset Value 2', 'none', 1, 'now','f');
INSERT INTO lesson_cmsession (lesson_id, cmsession_id) VALUES (2295, 383);
INSERT INTO cmsession (id, title, description, order_id, created_at, is_deleted) VALUES (385, 'Selecting a Mutual Fund - 1', 'This session aims to teach concepts such as fund performance, fund risk analysis, selection of appropriate mutual funds and matching customer profiles.', 7, 'now', 'f');
INSERT INTO cmsession_module (cmsession_id, module_id) VALUES (385, 106);
INSERT INTO lesson (id, type, duration, tags, title, subject, order_id, created_at, is_deleted) VALUES (2307,'PRESENTATION', 20, '', '22_Pick a fund', 'none', 1, 'now','f');
INSERT INTO lesson_cmsession (lesson_id, cmsession_id) VALUES (2307, 385);
INSERT INTO cmsession (id, title, description, order_id, created_at, is_deleted) VALUES (387, 'Selecting a Mutual Fund - 2', 'This session aims to teach concepts such as fund performance, fund risk analysis, selection of appropriate mutual funds and matching customer profiles.', 8, 'now', 'f');
INSERT INTO cmsession_module (cmsession_id, module_id) VALUES (387, 106);
INSERT INTO lesson (id, type, duration, tags, title, subject, order_id, created_at, is_deleted) VALUES (2319,'PRESENTATION', 20, '', '23_Pick a fund', 'none', 1, 'now','f');
INSERT INTO lesson_cmsession (lesson_id, cmsession_id) VALUES (2319, 387);
INSERT INTO lesson (id, type, duration, tags, title, subject, order_id, created_at, is_deleted) VALUES (2320,'PRESENTATION', 20, '', 'LESSON-1', 'NONE', 2, 'now','f');
INSERT INTO lesson_cmsession (lesson_id, cmsession_id) VALUES (2320, 387);
INSERT INTO cmsession (id, title, description, order_id, created_at, is_deleted) VALUES (379, 'Picking the right fund', 'This session aims to get students to be able to suggest appropriate mutual fund schemes which match the investor needs', 9, 'now', 'f');
INSERT INTO cmsession_module (cmsession_id, module_id) VALUES (379, 106);
INSERT INTO lesson (id, type, duration, tags, title, subject, order_id, created_at, is_deleted) VALUES (2271,'PRESENTATION', 20, '', '24_Investment Process -1', 'none', 1, 'now','f');
INSERT INTO lesson_cmsession (lesson_id, cmsession_id) VALUES (2271, 379);
INSERT INTO lesson (id, type, duration, tags, title, subject, order_id, created_at, is_deleted) VALUES (5550,'PRESENTATION', 60, 'fund', '24_Pick a fund', 'none', 3, 'now','f');
INSERT INTO lesson_cmsession (lesson_id, cmsession_id) VALUES (5550, 379);
INSERT INTO cmsession (id, title, description, order_id, created_at, is_deleted) VALUES (380, 'Investment Process - 1', 'This session explains the technical terminologies w.r.t Mutual funds and also teaches the procedure of investing in mutual funds.', 10, 'now', 'f');
INSERT INTO cmsession_module (cmsession_id, module_id) VALUES (380, 106);
INSERT INTO lesson (id, type, duration, tags, title, subject, order_id, created_at, is_deleted) VALUES (2277,'PRESENTATION', 20, '', '25_Investment Process -2', 'none', 1, 'now','f');
INSERT INTO lesson_cmsession (lesson_id, cmsession_id) VALUES (2277, 380);
INSERT INTO lesson (id, type, duration, tags, title, subject, order_id, created_at, is_deleted) VALUES (2278,'PRESENTATION', 20, '', 'mfp_assessment25', 'none', 2, 'now','f');
INSERT INTO lesson_cmsession (lesson_id, cmsession_id) VALUES (2278, 380);
INSERT INTO lesson (id, type, duration, tags, title, subject, order_id, created_at, is_deleted) VALUES (5552,'PRESENTATION', 60, '', '25_Investment process 1', 'none', 3, 'now','f');
INSERT INTO lesson_cmsession (lesson_id, cmsession_id) VALUES (5552, 380);
INSERT INTO cmsession (id, title, description, order_id, created_at, is_deleted) VALUES (381, 'Investment process - 2', 'This session aims to explain the process of investing in a mutual fund. Various key terms that an agent is required to know have been explained.', 11, 'now', 'f');
INSERT INTO cmsession_module (cmsession_id, module_id) VALUES (381, 106);
INSERT INTO lesson (id, type, duration, tags, title, subject, order_id, created_at, is_deleted) VALUES (2283,'PRESENTATION', 20, '', '26_Investment process -2', 'none', 1, 'now','f');
INSERT INTO lesson_cmsession (lesson_id, cmsession_id) VALUES (2283, 381);
INSERT INTO lesson (id, type, duration, tags, title, subject, order_id, created_at, is_deleted) VALUES (2284,'PRESENTATION', 20, '', 'mfp_assessment26', 'none', 2, 'now','f');
INSERT INTO lesson_cmsession (lesson_id, cmsession_id) VALUES (2284, 381);
INSERT INTO cmsession (id, title, description, order_id, created_at, is_deleted) VALUES (382, 'Divestment Process', 'This session aims to teach the process of divesting from a mutual fund.', 12, 'now', 'f');
INSERT INTO cmsession_module (cmsession_id, module_id) VALUES (382, 106);
INSERT INTO lesson (id, type, duration, tags, title, subject, order_id, created_at, is_deleted) VALUES (2289,'PRESENTATION', 20, '', '27_Helping Investors Invest', 'none', 1, 'now','f');
INSERT INTO lesson_cmsession (lesson_id, cmsession_id) VALUES (2289, 382);
INSERT INTO lesson (id, type, duration, tags, title, subject, order_id, created_at, is_deleted) VALUES (2290,'PRESENTATION', 20, '', 'LESSON-1', 'NONE', 2, 'now','f');
INSERT INTO lesson_cmsession (lesson_id, cmsession_id) VALUES (2290, 382);
INSERT INTO cmsession (id, title, description, order_id, created_at, is_deleted) VALUES (384, 'Maintenance Process', 'The session highlights key terms w.r.t Mutual Funds and also explains the process involved in maintaining a fund.', 13, 'now', 'f');
INSERT INTO cmsession_module (cmsession_id, module_id) VALUES (384, 106);
INSERT INTO lesson (id, type, duration, tags, title, subject, order_id, created_at, is_deleted) VALUES (2301,'PRESENTATION', 20, '', '28_Redemption of Mutual Funds', 'none', 1, 'now','f');
INSERT INTO lesson_cmsession (lesson_id, cmsession_id) VALUES (2301, 384);
INSERT INTO lesson (id, type, duration, tags, title, subject, order_id, created_at, is_deleted) VALUES (2302,'PRESENTATION', 20, '', 'LESSON-1', 'NONE', 2, 'now','f');
INSERT INTO lesson_cmsession (lesson_id, cmsession_id) VALUES (2302, 384);
INSERT INTO cmsession (id, title, description, order_id, created_at, is_deleted) VALUES (388, '29_Taxation of Mutual Funds', 'This session covers various aspects of taxation laws governing the Mutual Funds.', 14, 'now', 'f');
INSERT INTO cmsession_module (cmsession_id, module_id) VALUES (388, 106);
INSERT INTO lesson (id, type, duration, tags, title, subject, order_id, created_at, is_deleted) VALUES (2325,'PRESENTATION', 20, '', '29_Taxation of MF', 'none', 1, 'now','f');
INSERT INTO lesson_cmsession (lesson_id, cmsession_id) VALUES (2325, 388);
INSERT INTO cmsession (id, title, description, order_id, created_at, is_deleted) VALUES (389, '30_Tax planning in MF', 'This session covers various aspects of taxation laws governing the Mutual Funds.', 15, 'now', 'f');
INSERT INTO cmsession_module (cmsession_id, module_id) VALUES (389, 106);
INSERT INTO lesson (id, type, duration, tags, title, subject, order_id, created_at, is_deleted) VALUES (2331,'PRESENTATION', 20, '', '30_Tax planning of MF', 'none', 1, 'now','f');
INSERT INTO lesson_cmsession (lesson_id, cmsession_id) VALUES (2331, 389);
INSERT INTO module (id, module_name, order_id, is_deleted) VALUES (254, 'DDUGKY assessment', 11, 'f');
INSERT INTO module_course (module_id, course_id) VALUES (254, 9);
INSERT INTO cmsession (id, title, description, order_id, created_at, is_deleted) VALUES (1034, 'DDUGKY pre assessment', 'Basic concepts in finance and accounting', 1, 'now', 'f');
INSERT INTO cmsession_module (cmsession_id, module_id) VALUES (1034, 254);
INSERT INTO module (id, module_name, order_id, is_deleted) VALUES (257, 'Mid term assessment', 12, 'f');
INSERT INTO module_course (module_id, course_id) VALUES (257, 9);
INSERT INTO cmsession (id, title, description, order_id, created_at, is_deleted) VALUES (1523, 'AssetManagement_MidtermAssessment', 'The mid-term assessment tests the students on the topics covered from session 1 to 15 of this course', null, 'now', 'f');
INSERT INTO cmsession_module (cmsession_id, module_id) VALUES (1523, 257);
INSERT INTO module (id, module_name, order_id, is_deleted) VALUES (486, 'Final Assessment_Asset Management', null, 'f');
INSERT INTO module_course (module_id, course_id) VALUES (486, 9);
INSERT INTO cmsession (id, title, description, order_id, created_at, is_deleted) VALUES (1524, 'AM_FinalAssessment', 'The session contains 30 questions, covering all the topics covered in this course', null, 'now', 'f');
INSERT INTO cmsession_module (cmsession_id, module_id) VALUES (1524, 486);
INSERT INTO course (id, course_name, course_description, tags, created_at) VALUES (10, 'Direct Tax Theory', 'Introduction to the various heads of income and computation of tax liability.', NULL, 'now');
INSERT INTO module (id, module_name, order_id, is_deleted) VALUES (107, 'Introduction to Tax', 1, 'f');
INSERT INTO module_course (module_id, course_id) VALUES (107, 10);
INSERT INTO cmsession (id, title, description, order_id, created_at, is_deleted) VALUES (480, '01_Introduction to Tax', 'This session introduces tax to the students through a case', 1, 'now', 'f');
INSERT INTO cmsession_module (cmsession_id, module_id) VALUES (480, 107);
INSERT INTO lesson (id, type, duration, tags, title, subject, order_id, created_at, is_deleted) VALUES (2877,'PRESENTATION', 20, '', '01_Introduction to Tax', 'none', 1, 'now','f');
INSERT INTO lesson_cmsession (lesson_id, cmsession_id) VALUES (2877, 480);
INSERT INTO module (id, module_name, order_id, is_deleted) VALUES (108, 'Direct Tax vs Indirect Tax', 2, 'f');
INSERT INTO module_course (module_id, course_id) VALUES (108, 10);
INSERT INTO cmsession (id, title, description, order_id, created_at, is_deleted) VALUES (481, '02_Types of taxes', 'This session enables the students to differentiate between direct and indirect taxes', 1, 'now', 'f');
INSERT INTO cmsession_module (cmsession_id, module_id) VALUES (481, 108);
INSERT INTO lesson (id, type, duration, tags, title, subject, order_id, created_at, is_deleted) VALUES (2883,'PRESENTATION', 20, '', '02_Types of Taxes', 'banking-1', 1, 'now','f');
INSERT INTO lesson_cmsession (lesson_id, cmsession_id) VALUES (2883, 481);
INSERT INTO module (id, module_name, order_id, is_deleted) VALUES (109, 'Important Concepts', 3, 'f');
INSERT INTO module_course (module_id, course_id) VALUES (109, 10);
INSERT INTO cmsession (id, title, description, order_id, created_at, is_deleted) VALUES (482, '03_Concepts in Direct Tax', 'This session helps the students to understand various terms and concepts in tax', 1, 'now', 'f');
INSERT INTO cmsession_module (cmsession_id, module_id) VALUES (482, 109);
INSERT INTO lesson (id, type, duration, tags, title, subject, order_id, created_at, is_deleted) VALUES (2889,'PRESENTATION', 20, 'DIRECT TAX', '03_CONCEPTS IN DIRECT TAX', 'banking-1', 1, 'now','f');
INSERT INTO lesson_cmsession (lesson_id, cmsession_id) VALUES (2889, 482);
INSERT INTO cmsession (id, title, description, order_id, created_at, is_deleted) VALUES (483, '04_Residential Status', 'This session enables the students to assess the residential status of an assessee', 2, 'now', 'f');
INSERT INTO cmsession_module (cmsession_id, module_id) VALUES (483, 109);
INSERT INTO lesson (id, type, duration, tags, title, subject, order_id, created_at, is_deleted) VALUES (2895,'PRESENTATION', 20, 'Residential Status', '04_Residential Status', 'banking-1', 1, 'now','f');
INSERT INTO lesson_cmsession (lesson_id, cmsession_id) VALUES (2895, 483);
INSERT INTO module (id, module_name, order_id, is_deleted) VALUES (110, 'Heads of Income', 4, 'f');
INSERT INTO module_course (module_id, course_id) VALUES (110, 10);
INSERT INTO cmsession (id, title, description, order_id, created_at, is_deleted) VALUES (484, 'Income from Salary', 'This session teaches the students how to calculate taxable salary income', 1, 'now', 'f');
INSERT INTO cmsession_module (cmsession_id, module_id) VALUES (484, 110);
INSERT INTO lesson (id, type, duration, tags, title, subject, order_id, created_at, is_deleted) VALUES (2901,'PRESENTATION', 20, 'Income,Tax,Chargeable', '05_Income Chargeable', 'banking-1', 1, 'now','f');
INSERT INTO lesson_cmsession (lesson_id, cmsession_id) VALUES (2901, 484);
INSERT INTO cmsession (id, title, description, order_id, created_at, is_deleted) VALUES (485, 'Computation of salary', 'This session enables the students to calculate income under the head salary', 2, 'now', 'f');
INSERT INTO cmsession_module (cmsession_id, module_id) VALUES (485, 110);
INSERT INTO lesson (id, type, duration, tags, title, subject, order_id, created_at, is_deleted) VALUES (2907,'PRESENTATION', 20, 'Heads Of Income', '06_Income chargeable under the head Salaries', 'banking-1', 1, 'now','f');
INSERT INTO lesson_cmsession (lesson_id, cmsession_id) VALUES (2907, 485);
INSERT INTO cmsession (id, title, description, order_id, created_at, is_deleted) VALUES (486, 'Heads of income- House Property Income', 'This session enables the students to calculate taxable income from house property', 3, 'now', 'f');
INSERT INTO cmsession_module (cmsession_id, module_id) VALUES (486, 110);
INSERT INTO lesson (id, type, duration, tags, title, subject, order_id, created_at, is_deleted) VALUES (2913,'PRESENTATION', 20, 'Income From House Property,Heads Of Income', '07_Income From House Property', 'banking-1', 1, 'now','f');
INSERT INTO lesson_cmsession (lesson_id, cmsession_id) VALUES (2913, 486);
INSERT INTO cmsession (id, title, description, order_id, created_at, is_deleted) VALUES (487, 'Heads of income- PGBP', 'This session enables the students to calculate taxable income from business or profession', 4, 'now', 'f');
INSERT INTO cmsession_module (cmsession_id, module_id) VALUES (487, 110);
INSERT INTO lesson (id, type, duration, tags, title, subject, order_id, created_at, is_deleted) VALUES (2919,'PRESENTATION', 20, 'Profits and Gains,from business and profession', '08_Profits and Gains', 'banking-1', 1, 'now','f');
INSERT INTO lesson_cmsession (lesson_id, cmsession_id) VALUES (2919, 487);
INSERT INTO cmsession (id, title, description, order_id, created_at, is_deleted) VALUES (488, 'Heads of income- Capital gains', 'This session enables the students to calculate taxable income from capital gains', 5, 'now', 'f');
INSERT INTO cmsession_module (cmsession_id, module_id) VALUES (488, 110);
INSERT INTO lesson (id, type, duration, tags, title, subject, order_id, created_at, is_deleted) VALUES (2925,'PRESENTATION', 20, 'DTT,Capital Gains', '09_DTT Capital Gains', 'banking-1', 1, 'now','f');
INSERT INTO lesson_cmsession (lesson_id, cmsession_id) VALUES (2925, 488);
INSERT INTO module (id, module_name, order_id, is_deleted) VALUES (111, 'Heads of Income, Set off & carry forward & Computation of Tax', 5, 'f');
INSERT INTO module_course (module_id, course_id) VALUES (111, 10);
INSERT INTO cmsession (id, title, description, order_id, created_at, is_deleted) VALUES (489, 'Heads of income- Income from other sources, set off carry forward & Computation of tax', 'This session enables the students to calculate taxable income from other sources, set off and carry forward provisions', 1, 'now', 'f');
INSERT INTO cmsession_module (cmsession_id, module_id) VALUES (489, 111);
INSERT INTO lesson (id, type, duration, tags, title, subject, order_id, created_at, is_deleted) VALUES (2931,'PRESENTATION', 20, 'Income From Other Sources,Heads of Income', '10_Income From Other Sources', 'none', 1, 'now','f');
INSERT INTO lesson_cmsession (lesson_id, cmsession_id) VALUES (2931, 489);
INSERT INTO module (id, module_name, order_id, is_deleted) VALUES (256, 'Midterm assessments', 6, 'f');
INSERT INTO module_course (module_id, course_id) VALUES (256, 10);
INSERT INTO cmsession (id, title, description, order_id, created_at, is_deleted) VALUES (1038, 'Midterm assessments- DT Theory', 'Mid term assessments- DT theory', 2, 'now', 'f');
INSERT INTO cmsession_module (cmsession_id, module_id) VALUES (1038, 256);
INSERT INTO course (id, course_name, course_description, tags, created_at) VALUES (11, 'Business Mathematics 1', 'Applied concepts in business math such as simple interest, percentages, loan EMIs', NULL, 'now');
INSERT INTO module (id, module_name, order_id, is_deleted) VALUES (112, 'Mathematics Basics', 1, 'f');
INSERT INTO module_course (module_id, course_id) VALUES (112, 11);
INSERT INTO cmsession (id, title, description, order_id, created_at, is_deleted) VALUES (490, 'Mathematics Basics', 'Mathematics Basics', 1, 'now', 'f');
INSERT INTO cmsession_module (cmsession_id, module_id) VALUES (490, 112);
INSERT INTO lesson (id, type, duration, tags, title, subject, order_id, created_at, is_deleted) VALUES (2937,'PRESENTATION', 20, 'place values,numbers', '01_place values and numbers', 'banking-1', 1, 'now','f');
INSERT INTO lesson_cmsession (lesson_id, cmsession_id) VALUES (2937, 490);
INSERT INTO lesson (id, type, duration, tags, title, subject, order_id, created_at, is_deleted) VALUES (2938,'PRESENTATION', 20, '', 'LESSON-1', 'NONE', 2, 'now','f');
INSERT INTO lesson_cmsession (lesson_id, cmsession_id) VALUES (2938, 490);
INSERT INTO lesson (id, type, duration, tags, title, subject, order_id, created_at, is_deleted) VALUES (2939,'PRESENTATION', 20, '', 'LESSON-2', 'NONE', 3, 'now','f');
INSERT INTO lesson_cmsession (lesson_id, cmsession_id) VALUES (2939, 490);
INSERT INTO lesson (id, type, duration, tags, title, subject, order_id, created_at, is_deleted) VALUES (2940,'PRESENTATION', 20, '', 'LESSON-3', 'NONE', 4, 'now','f');
INSERT INTO lesson_cmsession (lesson_id, cmsession_id) VALUES (2940, 490);
INSERT INTO lesson (id, type, duration, tags, title, subject, order_id, created_at, is_deleted) VALUES (2941,'PRESENTATION', 20, '', 'LESSON-4', 'NONE', 5, 'now','f');
INSERT INTO lesson_cmsession (lesson_id, cmsession_id) VALUES (2941, 490);
INSERT INTO lesson (id, type, duration, tags, title, subject, order_id, created_at, is_deleted) VALUES (2942,'PRESENTATION', 20, '', 'LESSON-5', 'NONE', 6, 'now','f');
INSERT INTO lesson_cmsession (lesson_id, cmsession_id) VALUES (2942, 490);
INSERT INTO cmsession (id, title, description, order_id, created_at, is_deleted) VALUES (491, 'Mathematics Basics', 'Mathematics Basics', 2, 'now', 'f');
INSERT INTO cmsession_module (cmsession_id, module_id) VALUES (491, 112);
INSERT INTO lesson (id, type, duration, tags, title, subject, order_id, created_at, is_deleted) VALUES (2943,'PRESENTATION', 20, 'place values,numbers', '02_place values and numbers', 'banking-1', 1, 'now','f');
INSERT INTO lesson_cmsession (lesson_id, cmsession_id) VALUES (2943, 491);
INSERT INTO lesson (id, type, duration, tags, title, subject, order_id, created_at, is_deleted) VALUES (2944,'PRESENTATION', 20, '', 'LESSON-1', 'NONE', 2, 'now','f');
INSERT INTO lesson_cmsession (lesson_id, cmsession_id) VALUES (2944, 491);
INSERT INTO lesson (id, type, duration, tags, title, subject, order_id, created_at, is_deleted) VALUES (2945,'PRESENTATION', 20, '', 'LESSON-2', 'NONE', 3, 'now','f');
INSERT INTO lesson_cmsession (lesson_id, cmsession_id) VALUES (2945, 491);
INSERT INTO lesson (id, type, duration, tags, title, subject, order_id, created_at, is_deleted) VALUES (2946,'PRESENTATION', 20, '', 'LESSON-3', 'NONE', 4, 'now','f');
INSERT INTO lesson_cmsession (lesson_id, cmsession_id) VALUES (2946, 491);
INSERT INTO lesson (id, type, duration, tags, title, subject, order_id, created_at, is_deleted) VALUES (2947,'PRESENTATION', 20, '', 'LESSON-4', 'NONE', 5, 'now','f');
INSERT INTO lesson_cmsession (lesson_id, cmsession_id) VALUES (2947, 491);
INSERT INTO lesson (id, type, duration, tags, title, subject, order_id, created_at, is_deleted) VALUES (2948,'PRESENTATION', 20, '', 'LESSON-5', 'NONE', 6, 'now','f');
INSERT INTO lesson_cmsession (lesson_id, cmsession_id) VALUES (2948, 491);
INSERT INTO cmsession (id, title, description, order_id, created_at, is_deleted) VALUES (492, 'Mathematics Basics', 'Mathematics Basics', 3, 'now', 'f');
INSERT INTO cmsession_module (cmsession_id, module_id) VALUES (492, 112);
INSERT INTO lesson (id, type, duration, tags, title, subject, order_id, created_at, is_deleted) VALUES (2949,'PRESENTATION', 20, 'Subtraction', '03_Mathematics_Basics', 'banking-1', 1, 'now','f');
INSERT INTO lesson_cmsession (lesson_id, cmsession_id) VALUES (2949, 492);
INSERT INTO lesson (id, type, duration, tags, title, subject, order_id, created_at, is_deleted) VALUES (2950,'PRESENTATION', 20, '', 'LESSON-1', 'NONE', 2, 'now','f');
INSERT INTO lesson_cmsession (lesson_id, cmsession_id) VALUES (2950, 492);
INSERT INTO lesson (id, type, duration, tags, title, subject, order_id, created_at, is_deleted) VALUES (2951,'PRESENTATION', 20, '', 'LESSON-2', 'NONE', 3, 'now','f');
INSERT INTO lesson_cmsession (lesson_id, cmsession_id) VALUES (2951, 492);
INSERT INTO lesson (id, type, duration, tags, title, subject, order_id, created_at, is_deleted) VALUES (2952,'PRESENTATION', 20, '', 'LESSON-3', 'NONE', 4, 'now','f');
INSERT INTO lesson_cmsession (lesson_id, cmsession_id) VALUES (2952, 492);
INSERT INTO lesson (id, type, duration, tags, title, subject, order_id, created_at, is_deleted) VALUES (2953,'PRESENTATION', 20, '', 'LESSON-4', 'NONE', 5, 'now','f');
INSERT INTO lesson_cmsession (lesson_id, cmsession_id) VALUES (2953, 492);
INSERT INTO lesson (id, type, duration, tags, title, subject, order_id, created_at, is_deleted) VALUES (2954,'PRESENTATION', 20, '', 'LESSON-5', 'NONE', 6, 'now','f');
INSERT INTO lesson_cmsession (lesson_id, cmsession_id) VALUES (2954, 492);
INSERT INTO cmsession (id, title, description, order_id, created_at, is_deleted) VALUES (494, 'Mathematics Basics', 'Mathematics Basics', 4, 'now', 'f');
INSERT INTO cmsession_module (cmsession_id, module_id) VALUES (494, 112);
INSERT INTO lesson (id, type, duration, tags, title, subject, order_id, created_at, is_deleted) VALUES (2961,'PRESENTATION', 20, 'Equality', '04_Concepts_Of_Equality', 'banking-1', 1, 'now','f');
INSERT INTO lesson_cmsession (lesson_id, cmsession_id) VALUES (2961, 494);
INSERT INTO lesson (id, type, duration, tags, title, subject, order_id, created_at, is_deleted) VALUES (2962,'PRESENTATION', 20, '', 'LESSON-1', 'NONE', 2, 'now','f');
INSERT INTO lesson_cmsession (lesson_id, cmsession_id) VALUES (2962, 494);
INSERT INTO lesson (id, type, duration, tags, title, subject, order_id, created_at, is_deleted) VALUES (2963,'PRESENTATION', 20, '', 'LESSON-2', 'NONE', 3, 'now','f');
INSERT INTO lesson_cmsession (lesson_id, cmsession_id) VALUES (2963, 494);
INSERT INTO lesson (id, type, duration, tags, title, subject, order_id, created_at, is_deleted) VALUES (2964,'PRESENTATION', 20, '', 'LESSON-3', 'NONE', 4, 'now','f');
INSERT INTO lesson_cmsession (lesson_id, cmsession_id) VALUES (2964, 494);
INSERT INTO lesson (id, type, duration, tags, title, subject, order_id, created_at, is_deleted) VALUES (2965,'PRESENTATION', 20, '', 'LESSON-4', 'NONE', 5, 'now','f');
INSERT INTO lesson_cmsession (lesson_id, cmsession_id) VALUES (2965, 494);
INSERT INTO lesson (id, type, duration, tags, title, subject, order_id, created_at, is_deleted) VALUES (2966,'PRESENTATION', 20, '', 'LESSON-5', 'NONE', 6, 'now','f');
INSERT INTO lesson_cmsession (lesson_id, cmsession_id) VALUES (2966, 494);
INSERT INTO cmsession (id, title, description, order_id, created_at, is_deleted) VALUES (495, 'Mathematics Basics', 'Mathematics Basics', 5, 'now', 'f');
INSERT INTO cmsession_module (cmsession_id, module_id) VALUES (495, 112);
INSERT INTO lesson (id, type, duration, tags, title, subject, order_id, created_at, is_deleted) VALUES (2967,'PRESENTATION', 20, 'fractions ,equivalent fractions', '05_fractions', 'banking-1', 1, 'now','f');
INSERT INTO lesson_cmsession (lesson_id, cmsession_id) VALUES (2967, 495);
INSERT INTO lesson (id, type, duration, tags, title, subject, order_id, created_at, is_deleted) VALUES (2968,'PRESENTATION', 20, '', 'LESSON-1', 'NONE', 2, 'now','f');
INSERT INTO lesson_cmsession (lesson_id, cmsession_id) VALUES (2968, 495);
INSERT INTO lesson (id, type, duration, tags, title, subject, order_id, created_at, is_deleted) VALUES (2969,'PRESENTATION', 20, '', 'LESSON-2', 'NONE', 3, 'now','f');
INSERT INTO lesson_cmsession (lesson_id, cmsession_id) VALUES (2969, 495);
INSERT INTO lesson (id, type, duration, tags, title, subject, order_id, created_at, is_deleted) VALUES (2970,'PRESENTATION', 20, '', 'LESSON-3', 'NONE', 4, 'now','f');
INSERT INTO lesson_cmsession (lesson_id, cmsession_id) VALUES (2970, 495);
INSERT INTO lesson (id, type, duration, tags, title, subject, order_id, created_at, is_deleted) VALUES (2971,'PRESENTATION', 20, '', 'LESSON-4', 'NONE', 5, 'now','f');
INSERT INTO lesson_cmsession (lesson_id, cmsession_id) VALUES (2971, 495);
INSERT INTO lesson (id, type, duration, tags, title, subject, order_id, created_at, is_deleted) VALUES (2972,'PRESENTATION', 20, '', 'LESSON-5', 'NONE', 6, 'now','f');
INSERT INTO lesson_cmsession (lesson_id, cmsession_id) VALUES (2972, 495);
INSERT INTO module (id, module_name, order_id, is_deleted) VALUES (113, 'Concept of equality', 2, 'f');
INSERT INTO module_course (module_id, course_id) VALUES (113, 11);
INSERT INTO cmsession (id, title, description, order_id, created_at, is_deleted) VALUES (493, 'Concept of equality', 'Concept of equality', 1, 'now', 'f');
INSERT INTO cmsession_module (cmsession_id, module_id) VALUES (493, 113);
INSERT INTO lesson (id, type, duration, tags, title, subject, order_id, created_at, is_deleted) VALUES (2955,'PRESENTATION', 20, '', 'LESSON-0', 'NONE', 1, 'now','f');
INSERT INTO lesson_cmsession (lesson_id, cmsession_id) VALUES (2955, 493);
INSERT INTO lesson (id, type, duration, tags, title, subject, order_id, created_at, is_deleted) VALUES (2956,'PRESENTATION', 20, '', 'LESSON-1', 'NONE', 2, 'now','f');
INSERT INTO lesson_cmsession (lesson_id, cmsession_id) VALUES (2956, 493);
INSERT INTO lesson (id, type, duration, tags, title, subject, order_id, created_at, is_deleted) VALUES (2957,'PRESENTATION', 20, '', 'LESSON-2', 'NONE', 3, 'now','f');
INSERT INTO lesson_cmsession (lesson_id, cmsession_id) VALUES (2957, 493);
INSERT INTO lesson (id, type, duration, tags, title, subject, order_id, created_at, is_deleted) VALUES (2958,'PRESENTATION', 20, '', 'LESSON-3', 'NONE', 4, 'now','f');
INSERT INTO lesson_cmsession (lesson_id, cmsession_id) VALUES (2958, 493);
INSERT INTO lesson (id, type, duration, tags, title, subject, order_id, created_at, is_deleted) VALUES (2959,'PRESENTATION', 20, '', 'LESSON-4', 'NONE', 5, 'now','f');
INSERT INTO lesson_cmsession (lesson_id, cmsession_id) VALUES (2959, 493);
INSERT INTO lesson (id, type, duration, tags, title, subject, order_id, created_at, is_deleted) VALUES (2960,'PRESENTATION', 20, '', 'LESSON-5', 'NONE', 6, 'now','f');
INSERT INTO lesson_cmsession (lesson_id, cmsession_id) VALUES (2960, 493);
INSERT INTO module (id, module_name, order_id, is_deleted) VALUES (114, 'Divisions', 3, 'f');
INSERT INTO module_course (module_id, course_id) VALUES (114, 11);
INSERT INTO cmsession (id, title, description, order_id, created_at, is_deleted) VALUES (496, 'Divisions', 'Divisions', 1, 'now', 'f');
INSERT INTO cmsession_module (cmsession_id, module_id) VALUES (496, 114);
INSERT INTO lesson (id, type, duration, tags, title, subject, order_id, created_at, is_deleted) VALUES (2973,'PRESENTATION', 20, '', 'LESSON-0', 'NONE', 1, 'now','f');
INSERT INTO lesson_cmsession (lesson_id, cmsession_id) VALUES (2973, 496);
INSERT INTO lesson (id, type, duration, tags, title, subject, order_id, created_at, is_deleted) VALUES (2974,'PRESENTATION', 20, '', 'LESSON-1', 'NONE', 2, 'now','f');
INSERT INTO lesson_cmsession (lesson_id, cmsession_id) VALUES (2974, 496);
INSERT INTO lesson (id, type, duration, tags, title, subject, order_id, created_at, is_deleted) VALUES (2975,'PRESENTATION', 20, '', 'LESSON-2', 'NONE', 3, 'now','f');
INSERT INTO lesson_cmsession (lesson_id, cmsession_id) VALUES (2975, 496);
INSERT INTO lesson (id, type, duration, tags, title, subject, order_id, created_at, is_deleted) VALUES (2976,'PRESENTATION', 20, '', 'LESSON-3', 'NONE', 4, 'now','f');
INSERT INTO lesson_cmsession (lesson_id, cmsession_id) VALUES (2976, 496);
INSERT INTO lesson (id, type, duration, tags, title, subject, order_id, created_at, is_deleted) VALUES (2977,'PRESENTATION', 20, '', 'LESSON-4', 'NONE', 5, 'now','f');
INSERT INTO lesson_cmsession (lesson_id, cmsession_id) VALUES (2977, 496);
INSERT INTO lesson (id, type, duration, tags, title, subject, order_id, created_at, is_deleted) VALUES (2978,'PRESENTATION', 20, '', 'LESSON-5', 'NONE', 6, 'now','f');
INSERT INTO lesson_cmsession (lesson_id, cmsession_id) VALUES (2978, 496);
INSERT INTO cmsession (id, title, description, order_id, created_at, is_deleted) VALUES (497, 'Divisions', 'Divisions', 2, 'now', 'f');
INSERT INTO cmsession_module (cmsession_id, module_id) VALUES (497, 114);
INSERT INTO lesson (id, type, duration, tags, title, subject, order_id, created_at, is_deleted) VALUES (2979,'PRESENTATION', 20, '', 'LESSON-0', 'NONE', 1, 'now','f');
INSERT INTO lesson_cmsession (lesson_id, cmsession_id) VALUES (2979, 497);
INSERT INTO lesson (id, type, duration, tags, title, subject, order_id, created_at, is_deleted) VALUES (2980,'PRESENTATION', 20, '', 'LESSON-1', 'NONE', 2, 'now','f');
INSERT INTO lesson_cmsession (lesson_id, cmsession_id) VALUES (2980, 497);
INSERT INTO lesson (id, type, duration, tags, title, subject, order_id, created_at, is_deleted) VALUES (2981,'PRESENTATION', 20, '', 'LESSON-2', 'NONE', 3, 'now','f');
INSERT INTO lesson_cmsession (lesson_id, cmsession_id) VALUES (2981, 497);
INSERT INTO lesson (id, type, duration, tags, title, subject, order_id, created_at, is_deleted) VALUES (2982,'PRESENTATION', 20, '', 'LESSON-3', 'NONE', 4, 'now','f');
INSERT INTO lesson_cmsession (lesson_id, cmsession_id) VALUES (2982, 497);
INSERT INTO lesson (id, type, duration, tags, title, subject, order_id, created_at, is_deleted) VALUES (2983,'PRESENTATION', 20, '', 'LESSON-4', 'NONE', 5, 'now','f');
INSERT INTO lesson_cmsession (lesson_id, cmsession_id) VALUES (2983, 497);
INSERT INTO lesson (id, type, duration, tags, title, subject, order_id, created_at, is_deleted) VALUES (2984,'PRESENTATION', 20, '', 'LESSON-5', 'NONE', 6, 'now','f');
INSERT INTO lesson_cmsession (lesson_id, cmsession_id) VALUES (2984, 497);
INSERT INTO cmsession (id, title, description, order_id, created_at, is_deleted) VALUES (498, 'Divisions', 'Divisions', 3, 'now', 'f');
INSERT INTO cmsession_module (cmsession_id, module_id) VALUES (498, 114);
INSERT INTO lesson (id, type, duration, tags, title, subject, order_id, created_at, is_deleted) VALUES (2985,'PRESENTATION', 20, '', 'LESSON-0', 'NONE', 1, 'now','f');
INSERT INTO lesson_cmsession (lesson_id, cmsession_id) VALUES (2985, 498);
INSERT INTO lesson (id, type, duration, tags, title, subject, order_id, created_at, is_deleted) VALUES (2986,'PRESENTATION', 20, '', 'LESSON-1', 'NONE', 2, 'now','f');
INSERT INTO lesson_cmsession (lesson_id, cmsession_id) VALUES (2986, 498);
INSERT INTO lesson (id, type, duration, tags, title, subject, order_id, created_at, is_deleted) VALUES (2987,'PRESENTATION', 20, '', 'LESSON-2', 'NONE', 3, 'now','f');
INSERT INTO lesson_cmsession (lesson_id, cmsession_id) VALUES (2987, 498);
INSERT INTO lesson (id, type, duration, tags, title, subject, order_id, created_at, is_deleted) VALUES (2988,'PRESENTATION', 20, '', 'LESSON-3', 'NONE', 4, 'now','f');
INSERT INTO lesson_cmsession (lesson_id, cmsession_id) VALUES (2988, 498);
INSERT INTO lesson (id, type, duration, tags, title, subject, order_id, created_at, is_deleted) VALUES (2989,'PRESENTATION', 20, '', 'LESSON-4', 'NONE', 5, 'now','f');
INSERT INTO lesson_cmsession (lesson_id, cmsession_id) VALUES (2989, 498);
INSERT INTO lesson (id, type, duration, tags, title, subject, order_id, created_at, is_deleted) VALUES (2990,'PRESENTATION', 20, '', 'LESSON-5', 'NONE', 6, 'now','f');
INSERT INTO lesson_cmsession (lesson_id, cmsession_id) VALUES (2990, 498);
INSERT INTO cmsession (id, title, description, order_id, created_at, is_deleted) VALUES (499, 'Divisions', 'Divisions', 4, 'now', 'f');
INSERT INTO cmsession_module (cmsession_id, module_id) VALUES (499, 114);
INSERT INTO lesson (id, type, duration, tags, title, subject, order_id, created_at, is_deleted) VALUES (2991,'PRESENTATION', 20, '', 'LESSON-0', 'NONE', 1, 'now','f');
INSERT INTO lesson_cmsession (lesson_id, cmsession_id) VALUES (2991, 499);
INSERT INTO lesson (id, type, duration, tags, title, subject, order_id, created_at, is_deleted) VALUES (2992,'PRESENTATION', 20, '', 'LESSON-1', 'NONE', 2, 'now','f');
INSERT INTO lesson_cmsession (lesson_id, cmsession_id) VALUES (2992, 499);
INSERT INTO lesson (id, type, duration, tags, title, subject, order_id, created_at, is_deleted) VALUES (2993,'PRESENTATION', 20, '', 'LESSON-2', 'NONE', 3, 'now','f');
INSERT INTO lesson_cmsession (lesson_id, cmsession_id) VALUES (2993, 499);
INSERT INTO lesson (id, type, duration, tags, title, subject, order_id, created_at, is_deleted) VALUES (2994,'PRESENTATION', 20, '', 'LESSON-3', 'NONE', 4, 'now','f');
INSERT INTO lesson_cmsession (lesson_id, cmsession_id) VALUES (2994, 499);
INSERT INTO lesson (id, type, duration, tags, title, subject, order_id, created_at, is_deleted) VALUES (2995,'PRESENTATION', 20, '', 'LESSON-4', 'NONE', 5, 'now','f');
INSERT INTO lesson_cmsession (lesson_id, cmsession_id) VALUES (2995, 499);
INSERT INTO lesson (id, type, duration, tags, title, subject, order_id, created_at, is_deleted) VALUES (2996,'PRESENTATION', 20, '', 'LESSON-5', 'NONE', 6, 'now','f');
INSERT INTO lesson_cmsession (lesson_id, cmsession_id) VALUES (2996, 499);
INSERT INTO module (id, module_name, order_id, is_deleted) VALUES (115, 'BODMAS', 4, 'f');
INSERT INTO module_course (module_id, course_id) VALUES (115, 11);
INSERT INTO cmsession (id, title, description, order_id, created_at, is_deleted) VALUES (500, 'BODMAS', 'BODMAS', 1, 'now', 'f');
INSERT INTO cmsession_module (cmsession_id, module_id) VALUES (500, 115);
INSERT INTO lesson (id, type, duration, tags, title, subject, order_id, created_at, is_deleted) VALUES (2997,'PRESENTATION', 20, 'Bodmas', '04_Bodmas', 'banking-1', 1, 'now','f');
INSERT INTO lesson_cmsession (lesson_id, cmsession_id) VALUES (2997, 500);
INSERT INTO lesson (id, type, duration, tags, title, subject, order_id, created_at, is_deleted) VALUES (2998,'PRESENTATION', 20, '', 'LESSON-1', 'NONE', 2, 'now','f');
INSERT INTO lesson_cmsession (lesson_id, cmsession_id) VALUES (2998, 500);
INSERT INTO lesson (id, type, duration, tags, title, subject, order_id, created_at, is_deleted) VALUES (2999,'PRESENTATION', 20, '', 'LESSON-2', 'NONE', 3, 'now','f');
INSERT INTO lesson_cmsession (lesson_id, cmsession_id) VALUES (2999, 500);
INSERT INTO lesson (id, type, duration, tags, title, subject, order_id, created_at, is_deleted) VALUES (3000,'PRESENTATION', 20, '', 'LESSON-3', 'NONE', 4, 'now','f');
INSERT INTO lesson_cmsession (lesson_id, cmsession_id) VALUES (3000, 500);
INSERT INTO lesson (id, type, duration, tags, title, subject, order_id, created_at, is_deleted) VALUES (3001,'PRESENTATION', 20, '', 'LESSON-4', 'NONE', 5, 'now','f');
INSERT INTO lesson_cmsession (lesson_id, cmsession_id) VALUES (3001, 500);
INSERT INTO lesson (id, type, duration, tags, title, subject, order_id, created_at, is_deleted) VALUES (3002,'PRESENTATION', 20, '', 'LESSON-5', 'NONE', 6, 'now','f');
INSERT INTO lesson_cmsession (lesson_id, cmsession_id) VALUES (3002, 500);
INSERT INTO cmsession (id, title, description, order_id, created_at, is_deleted) VALUES (501, 'BODMAS', 'BODMAS', 2, 'now', 'f');
INSERT INTO cmsession_module (cmsession_id, module_id) VALUES (501, 115);
INSERT INTO lesson (id, type, duration, tags, title, subject, order_id, created_at, is_deleted) VALUES (3003,'PRESENTATION', 20, '', 'LESSON-0', 'NONE', 1, 'now','f');
INSERT INTO lesson_cmsession (lesson_id, cmsession_id) VALUES (3003, 501);
INSERT INTO lesson (id, type, duration, tags, title, subject, order_id, created_at, is_deleted) VALUES (3004,'PRESENTATION', 20, '', 'LESSON-1', 'NONE', 2, 'now','f');
INSERT INTO lesson_cmsession (lesson_id, cmsession_id) VALUES (3004, 501);
INSERT INTO lesson (id, type, duration, tags, title, subject, order_id, created_at, is_deleted) VALUES (3005,'PRESENTATION', 20, '', 'LESSON-2', 'NONE', 3, 'now','f');
INSERT INTO lesson_cmsession (lesson_id, cmsession_id) VALUES (3005, 501);
INSERT INTO lesson (id, type, duration, tags, title, subject, order_id, created_at, is_deleted) VALUES (3006,'PRESENTATION', 20, '', 'LESSON-3', 'NONE', 4, 'now','f');
INSERT INTO lesson_cmsession (lesson_id, cmsession_id) VALUES (3006, 501);
INSERT INTO lesson (id, type, duration, tags, title, subject, order_id, created_at, is_deleted) VALUES (3007,'PRESENTATION', 20, '', 'LESSON-4', 'NONE', 5, 'now','f');
INSERT INTO lesson_cmsession (lesson_id, cmsession_id) VALUES (3007, 501);
INSERT INTO lesson (id, type, duration, tags, title, subject, order_id, created_at, is_deleted) VALUES (3008,'PRESENTATION', 20, '', 'LESSON-5', 'NONE', 6, 'now','f');
INSERT INTO lesson_cmsession (lesson_id, cmsession_id) VALUES (3008, 501);
INSERT INTO module (id, module_name, order_id, is_deleted) VALUES (116, 'Fractions', 5, 'f');
INSERT INTO module_course (module_id, course_id) VALUES (116, 11);
INSERT INTO cmsession (id, title, description, order_id, created_at, is_deleted) VALUES (502, 'Fractions', 'Fractions', 1, 'now', 'f');
INSERT INTO cmsession_module (cmsession_id, module_id) VALUES (502, 116);
INSERT INTO lesson (id, type, duration, tags, title, subject, order_id, created_at, is_deleted) VALUES (3009,'PRESENTATION', 20, '', 'LESSON-0', 'NONE', 1, 'now','f');
INSERT INTO lesson_cmsession (lesson_id, cmsession_id) VALUES (3009, 502);
INSERT INTO lesson (id, type, duration, tags, title, subject, order_id, created_at, is_deleted) VALUES (3010,'PRESENTATION', 20, '', 'LESSON-1', 'NONE', 2, 'now','f');
INSERT INTO lesson_cmsession (lesson_id, cmsession_id) VALUES (3010, 502);
INSERT INTO lesson (id, type, duration, tags, title, subject, order_id, created_at, is_deleted) VALUES (3011,'PRESENTATION', 20, '', 'LESSON-2', 'NONE', 3, 'now','f');
INSERT INTO lesson_cmsession (lesson_id, cmsession_id) VALUES (3011, 502);
INSERT INTO lesson (id, type, duration, tags, title, subject, order_id, created_at, is_deleted) VALUES (3012,'PRESENTATION', 20, '', 'LESSON-3', 'NONE', 4, 'now','f');
INSERT INTO lesson_cmsession (lesson_id, cmsession_id) VALUES (3012, 502);
INSERT INTO lesson (id, type, duration, tags, title, subject, order_id, created_at, is_deleted) VALUES (3013,'PRESENTATION', 20, '', 'LESSON-4', 'NONE', 5, 'now','f');
INSERT INTO lesson_cmsession (lesson_id, cmsession_id) VALUES (3013, 502);
INSERT INTO lesson (id, type, duration, tags, title, subject, order_id, created_at, is_deleted) VALUES (3014,'PRESENTATION', 20, '', 'LESSON-5', 'NONE', 6, 'now','f');
INSERT INTO lesson_cmsession (lesson_id, cmsession_id) VALUES (3014, 502);
INSERT INTO cmsession (id, title, description, order_id, created_at, is_deleted) VALUES (503, 'Fractions', 'Fractions', 2, 'now', 'f');
INSERT INTO cmsession_module (cmsession_id, module_id) VALUES (503, 116);
INSERT INTO lesson (id, type, duration, tags, title, subject, order_id, created_at, is_deleted) VALUES (3015,'PRESENTATION', 20, '', 'LESSON-0', 'NONE', 1, 'now','f');
INSERT INTO lesson_cmsession (lesson_id, cmsession_id) VALUES (3015, 503);
INSERT INTO lesson (id, type, duration, tags, title, subject, order_id, created_at, is_deleted) VALUES (3016,'PRESENTATION', 20, '', 'LESSON-1', 'NONE', 2, 'now','f');
INSERT INTO lesson_cmsession (lesson_id, cmsession_id) VALUES (3016, 503);
INSERT INTO lesson (id, type, duration, tags, title, subject, order_id, created_at, is_deleted) VALUES (3017,'PRESENTATION', 20, '', 'LESSON-2', 'NONE', 3, 'now','f');
INSERT INTO lesson_cmsession (lesson_id, cmsession_id) VALUES (3017, 503);
INSERT INTO lesson (id, type, duration, tags, title, subject, order_id, created_at, is_deleted) VALUES (3018,'PRESENTATION', 20, '', 'LESSON-3', 'NONE', 4, 'now','f');
INSERT INTO lesson_cmsession (lesson_id, cmsession_id) VALUES (3018, 503);
INSERT INTO lesson (id, type, duration, tags, title, subject, order_id, created_at, is_deleted) VALUES (3019,'PRESENTATION', 20, '', 'LESSON-4', 'NONE', 5, 'now','f');
INSERT INTO lesson_cmsession (lesson_id, cmsession_id) VALUES (3019, 503);
INSERT INTO lesson (id, type, duration, tags, title, subject, order_id, created_at, is_deleted) VALUES (3020,'PRESENTATION', 20, '', 'LESSON-5', 'NONE', 6, 'now','f');
INSERT INTO lesson_cmsession (lesson_id, cmsession_id) VALUES (3020, 503);
INSERT INTO cmsession (id, title, description, order_id, created_at, is_deleted) VALUES (504, 'Fractions', 'Fractions', 3, 'now', 'f');
INSERT INTO cmsession_module (cmsession_id, module_id) VALUES (504, 116);
INSERT INTO lesson (id, type, duration, tags, title, subject, order_id, created_at, is_deleted) VALUES (3021,'PRESENTATION', 20, '', 'LESSON-0', 'NONE', 1, 'now','f');
INSERT INTO lesson_cmsession (lesson_id, cmsession_id) VALUES (3021, 504);
INSERT INTO lesson (id, type, duration, tags, title, subject, order_id, created_at, is_deleted) VALUES (3022,'PRESENTATION', 20, '', 'LESSON-1', 'NONE', 2, 'now','f');
INSERT INTO lesson_cmsession (lesson_id, cmsession_id) VALUES (3022, 504);
INSERT INTO lesson (id, type, duration, tags, title, subject, order_id, created_at, is_deleted) VALUES (3023,'PRESENTATION', 20, '', 'LESSON-2', 'NONE', 3, 'now','f');
INSERT INTO lesson_cmsession (lesson_id, cmsession_id) VALUES (3023, 504);
INSERT INTO lesson (id, type, duration, tags, title, subject, order_id, created_at, is_deleted) VALUES (3024,'PRESENTATION', 20, '', 'LESSON-3', 'NONE', 4, 'now','f');
INSERT INTO lesson_cmsession (lesson_id, cmsession_id) VALUES (3024, 504);
INSERT INTO lesson (id, type, duration, tags, title, subject, order_id, created_at, is_deleted) VALUES (3025,'PRESENTATION', 20, '', 'LESSON-4', 'NONE', 5, 'now','f');
INSERT INTO lesson_cmsession (lesson_id, cmsession_id) VALUES (3025, 504);
INSERT INTO lesson (id, type, duration, tags, title, subject, order_id, created_at, is_deleted) VALUES (3026,'PRESENTATION', 20, '', 'LESSON-5', 'NONE', 6, 'now','f');
INSERT INTO lesson_cmsession (lesson_id, cmsession_id) VALUES (3026, 504);
INSERT INTO cmsession (id, title, description, order_id, created_at, is_deleted) VALUES (505, 'Fractions', 'Fractions', 4, 'now', 'f');
INSERT INTO cmsession_module (cmsession_id, module_id) VALUES (505, 116);
INSERT INTO lesson (id, type, duration, tags, title, subject, order_id, created_at, is_deleted) VALUES (3027,'PRESENTATION', 20, '', 'LESSON-0', 'NONE', 1, 'now','f');
INSERT INTO lesson_cmsession (lesson_id, cmsession_id) VALUES (3027, 505);
INSERT INTO lesson (id, type, duration, tags, title, subject, order_id, created_at, is_deleted) VALUES (3028,'PRESENTATION', 20, '', 'LESSON-1', 'NONE', 2, 'now','f');
INSERT INTO lesson_cmsession (lesson_id, cmsession_id) VALUES (3028, 505);
INSERT INTO lesson (id, type, duration, tags, title, subject, order_id, created_at, is_deleted) VALUES (3029,'PRESENTATION', 20, '', 'LESSON-2', 'NONE', 3, 'now','f');
INSERT INTO lesson_cmsession (lesson_id, cmsession_id) VALUES (3029, 505);
INSERT INTO lesson (id, type, duration, tags, title, subject, order_id, created_at, is_deleted) VALUES (3030,'PRESENTATION', 20, '', 'LESSON-3', 'NONE', 4, 'now','f');
INSERT INTO lesson_cmsession (lesson_id, cmsession_id) VALUES (3030, 505);
INSERT INTO lesson (id, type, duration, tags, title, subject, order_id, created_at, is_deleted) VALUES (3031,'PRESENTATION', 20, '', 'LESSON-4', 'NONE', 5, 'now','f');
INSERT INTO lesson_cmsession (lesson_id, cmsession_id) VALUES (3031, 505);
INSERT INTO lesson (id, type, duration, tags, title, subject, order_id, created_at, is_deleted) VALUES (3032,'PRESENTATION', 20, '', 'LESSON-5', 'NONE', 6, 'now','f');
INSERT INTO lesson_cmsession (lesson_id, cmsession_id) VALUES (3032, 505);
INSERT INTO cmsession (id, title, description, order_id, created_at, is_deleted) VALUES (506, 'Fractions', 'Fractions', 5, 'now', 'f');
INSERT INTO cmsession_module (cmsession_id, module_id) VALUES (506, 116);
INSERT INTO lesson (id, type, duration, tags, title, subject, order_id, created_at, is_deleted) VALUES (3033,'PRESENTATION', 20, '', 'LESSON-0', 'NONE', 1, 'now','f');
INSERT INTO lesson_cmsession (lesson_id, cmsession_id) VALUES (3033, 506);
INSERT INTO lesson (id, type, duration, tags, title, subject, order_id, created_at, is_deleted) VALUES (3034,'PRESENTATION', 20, '', 'LESSON-1', 'NONE', 2, 'now','f');
INSERT INTO lesson_cmsession (lesson_id, cmsession_id) VALUES (3034, 506);
INSERT INTO lesson (id, type, duration, tags, title, subject, order_id, created_at, is_deleted) VALUES (3035,'PRESENTATION', 20, '', 'LESSON-2', 'NONE', 3, 'now','f');
INSERT INTO lesson_cmsession (lesson_id, cmsession_id) VALUES (3035, 506);
INSERT INTO lesson (id, type, duration, tags, title, subject, order_id, created_at, is_deleted) VALUES (3036,'PRESENTATION', 20, '', 'LESSON-3', 'NONE', 4, 'now','f');
INSERT INTO lesson_cmsession (lesson_id, cmsession_id) VALUES (3036, 506);
INSERT INTO lesson (id, type, duration, tags, title, subject, order_id, created_at, is_deleted) VALUES (3037,'PRESENTATION', 20, '', 'LESSON-4', 'NONE', 5, 'now','f');
INSERT INTO lesson_cmsession (lesson_id, cmsession_id) VALUES (3037, 506);
INSERT INTO lesson (id, type, duration, tags, title, subject, order_id, created_at, is_deleted) VALUES (3038,'PRESENTATION', 20, '', 'LESSON-5', 'NONE', 6, 'now','f');
INSERT INTO lesson_cmsession (lesson_id, cmsession_id) VALUES (3038, 506);
INSERT INTO module (id, module_name, order_id, is_deleted) VALUES (117, 'Decimals', 6, 'f');
INSERT INTO module_course (module_id, course_id) VALUES (117, 11);
INSERT INTO cmsession (id, title, description, order_id, created_at, is_deleted) VALUES (507, 'Decimals', 'Decimals', 1, 'now', 'f');
INSERT INTO cmsession_module (cmsession_id, module_id) VALUES (507, 117);
INSERT INTO lesson (id, type, duration, tags, title, subject, order_id, created_at, is_deleted) VALUES (3039,'PRESENTATION', 20, 'decimals', '06_decimals', 'banking-1', 1, 'now','f');
INSERT INTO lesson_cmsession (lesson_id, cmsession_id) VALUES (3039, 507);
INSERT INTO lesson (id, type, duration, tags, title, subject, order_id, created_at, is_deleted) VALUES (3040,'PRESENTATION', 20, '', 'LESSON-1', 'NONE', 2, 'now','f');
INSERT INTO lesson_cmsession (lesson_id, cmsession_id) VALUES (3040, 507);
INSERT INTO lesson (id, type, duration, tags, title, subject, order_id, created_at, is_deleted) VALUES (3041,'PRESENTATION', 20, '', 'LESSON-2', 'NONE', 3, 'now','f');
INSERT INTO lesson_cmsession (lesson_id, cmsession_id) VALUES (3041, 507);
INSERT INTO lesson (id, type, duration, tags, title, subject, order_id, created_at, is_deleted) VALUES (3042,'PRESENTATION', 20, '', 'LESSON-3', 'NONE', 4, 'now','f');
INSERT INTO lesson_cmsession (lesson_id, cmsession_id) VALUES (3042, 507);
INSERT INTO lesson (id, type, duration, tags, title, subject, order_id, created_at, is_deleted) VALUES (3043,'PRESENTATION', 20, '', 'LESSON-4', 'NONE', 5, 'now','f');
INSERT INTO lesson_cmsession (lesson_id, cmsession_id) VALUES (3043, 507);
INSERT INTO lesson (id, type, duration, tags, title, subject, order_id, created_at, is_deleted) VALUES (3044,'PRESENTATION', 20, '', 'LESSON-5', 'NONE', 6, 'now','f');
INSERT INTO lesson_cmsession (lesson_id, cmsession_id) VALUES (3044, 507);
INSERT INTO cmsession (id, title, description, order_id, created_at, is_deleted) VALUES (508, 'Decimals', 'Decimals', 2, 'now', 'f');
INSERT INTO cmsession_module (cmsession_id, module_id) VALUES (508, 117);
INSERT INTO lesson (id, type, duration, tags, title, subject, order_id, created_at, is_deleted) VALUES (3045,'PRESENTATION', 20, '', 'LESSON-0', 'NONE', 1, 'now','f');
INSERT INTO lesson_cmsession (lesson_id, cmsession_id) VALUES (3045, 508);
INSERT INTO lesson (id, type, duration, tags, title, subject, order_id, created_at, is_deleted) VALUES (3046,'PRESENTATION', 20, '', 'LESSON-1', 'NONE', 2, 'now','f');
INSERT INTO lesson_cmsession (lesson_id, cmsession_id) VALUES (3046, 508);
INSERT INTO lesson (id, type, duration, tags, title, subject, order_id, created_at, is_deleted) VALUES (3047,'PRESENTATION', 20, '', 'LESSON-2', 'NONE', 3, 'now','f');
INSERT INTO lesson_cmsession (lesson_id, cmsession_id) VALUES (3047, 508);
INSERT INTO lesson (id, type, duration, tags, title, subject, order_id, created_at, is_deleted) VALUES (3048,'PRESENTATION', 20, '', 'LESSON-3', 'NONE', 4, 'now','f');
INSERT INTO lesson_cmsession (lesson_id, cmsession_id) VALUES (3048, 508);
INSERT INTO lesson (id, type, duration, tags, title, subject, order_id, created_at, is_deleted) VALUES (3049,'PRESENTATION', 20, '', 'LESSON-4', 'NONE', 5, 'now','f');
INSERT INTO lesson_cmsession (lesson_id, cmsession_id) VALUES (3049, 508);
INSERT INTO lesson (id, type, duration, tags, title, subject, order_id, created_at, is_deleted) VALUES (3050,'PRESENTATION', 20, '', 'LESSON-5', 'NONE', 6, 'now','f');
INSERT INTO lesson_cmsession (lesson_id, cmsession_id) VALUES (3050, 508);
INSERT INTO cmsession (id, title, description, order_id, created_at, is_deleted) VALUES (509, 'Decimals', 'Decimals', 3, 'now', 'f');
INSERT INTO cmsession_module (cmsession_id, module_id) VALUES (509, 117);
INSERT INTO lesson (id, type, duration, tags, title, subject, order_id, created_at, is_deleted) VALUES (3051,'PRESENTATION', 20, '', 'LESSON-0', 'NONE', 1, 'now','f');
INSERT INTO lesson_cmsession (lesson_id, cmsession_id) VALUES (3051, 509);
INSERT INTO lesson (id, type, duration, tags, title, subject, order_id, created_at, is_deleted) VALUES (3052,'PRESENTATION', 20, '', 'LESSON-1', 'NONE', 2, 'now','f');
INSERT INTO lesson_cmsession (lesson_id, cmsession_id) VALUES (3052, 509);
INSERT INTO lesson (id, type, duration, tags, title, subject, order_id, created_at, is_deleted) VALUES (3053,'PRESENTATION', 20, '', 'LESSON-2', 'NONE', 3, 'now','f');
INSERT INTO lesson_cmsession (lesson_id, cmsession_id) VALUES (3053, 509);
INSERT INTO lesson (id, type, duration, tags, title, subject, order_id, created_at, is_deleted) VALUES (3054,'PRESENTATION', 20, '', 'LESSON-3', 'NONE', 4, 'now','f');
INSERT INTO lesson_cmsession (lesson_id, cmsession_id) VALUES (3054, 509);
INSERT INTO lesson (id, type, duration, tags, title, subject, order_id, created_at, is_deleted) VALUES (3055,'PRESENTATION', 20, '', 'LESSON-4', 'NONE', 5, 'now','f');
INSERT INTO lesson_cmsession (lesson_id, cmsession_id) VALUES (3055, 509);
INSERT INTO lesson (id, type, duration, tags, title, subject, order_id, created_at, is_deleted) VALUES (3056,'PRESENTATION', 20, '', 'LESSON-5', 'NONE', 6, 'now','f');
INSERT INTO lesson_cmsession (lesson_id, cmsession_id) VALUES (3056, 509);
INSERT INTO cmsession (id, title, description, order_id, created_at, is_deleted) VALUES (510, 'Decimals', 'Decimals', 4, 'now', 'f');
INSERT INTO cmsession_module (cmsession_id, module_id) VALUES (510, 117);
INSERT INTO lesson (id, type, duration, tags, title, subject, order_id, created_at, is_deleted) VALUES (3057,'PRESENTATION', 20, '', 'LESSON-0', 'NONE', 1, 'now','f');
INSERT INTO lesson_cmsession (lesson_id, cmsession_id) VALUES (3057, 510);
INSERT INTO lesson (id, type, duration, tags, title, subject, order_id, created_at, is_deleted) VALUES (3058,'PRESENTATION', 20, '', 'LESSON-1', 'NONE', 2, 'now','f');
INSERT INTO lesson_cmsession (lesson_id, cmsession_id) VALUES (3058, 510);
INSERT INTO lesson (id, type, duration, tags, title, subject, order_id, created_at, is_deleted) VALUES (3059,'PRESENTATION', 20, '', 'LESSON-2', 'NONE', 3, 'now','f');
INSERT INTO lesson_cmsession (lesson_id, cmsession_id) VALUES (3059, 510);
INSERT INTO lesson (id, type, duration, tags, title, subject, order_id, created_at, is_deleted) VALUES (3060,'PRESENTATION', 20, '', 'LESSON-3', 'NONE', 4, 'now','f');
INSERT INTO lesson_cmsession (lesson_id, cmsession_id) VALUES (3060, 510);
INSERT INTO lesson (id, type, duration, tags, title, subject, order_id, created_at, is_deleted) VALUES (3061,'PRESENTATION', 20, '', 'LESSON-4', 'NONE', 5, 'now','f');
INSERT INTO lesson_cmsession (lesson_id, cmsession_id) VALUES (3061, 510);
INSERT INTO lesson (id, type, duration, tags, title, subject, order_id, created_at, is_deleted) VALUES (3062,'PRESENTATION', 20, '', 'LESSON-5', 'NONE', 6, 'now','f');
INSERT INTO lesson_cmsession (lesson_id, cmsession_id) VALUES (3062, 510);
INSERT INTO module (id, module_name, order_id, is_deleted) VALUES (118, 'Percentages', 7, 'f');
INSERT INTO module_course (module_id, course_id) VALUES (118, 11);
INSERT INTO cmsession (id, title, description, order_id, created_at, is_deleted) VALUES (511, 'Percentages', 'Percentages', 1, 'now', 'f');
INSERT INTO cmsession_module (cmsession_id, module_id) VALUES (511, 118);
INSERT INTO lesson (id, type, duration, tags, title, subject, order_id, created_at, is_deleted) VALUES (3063,'PRESENTATION', 20, '', 'LESSON-0', 'NONE', 1, 'now','f');
INSERT INTO lesson_cmsession (lesson_id, cmsession_id) VALUES (3063, 511);
INSERT INTO lesson (id, type, duration, tags, title, subject, order_id, created_at, is_deleted) VALUES (3064,'PRESENTATION', 20, '', 'LESSON-1', 'NONE', 2, 'now','f');
INSERT INTO lesson_cmsession (lesson_id, cmsession_id) VALUES (3064, 511);
INSERT INTO lesson (id, type, duration, tags, title, subject, order_id, created_at, is_deleted) VALUES (3065,'PRESENTATION', 20, '', 'LESSON-2', 'NONE', 3, 'now','f');
INSERT INTO lesson_cmsession (lesson_id, cmsession_id) VALUES (3065, 511);
INSERT INTO lesson (id, type, duration, tags, title, subject, order_id, created_at, is_deleted) VALUES (3066,'PRESENTATION', 20, '', 'LESSON-3', 'NONE', 4, 'now','f');
INSERT INTO lesson_cmsession (lesson_id, cmsession_id) VALUES (3066, 511);
INSERT INTO lesson (id, type, duration, tags, title, subject, order_id, created_at, is_deleted) VALUES (3067,'PRESENTATION', 20, '', 'LESSON-4', 'NONE', 5, 'now','f');
INSERT INTO lesson_cmsession (lesson_id, cmsession_id) VALUES (3067, 511);
INSERT INTO lesson (id, type, duration, tags, title, subject, order_id, created_at, is_deleted) VALUES (3068,'PRESENTATION', 20, '', 'LESSON-5', 'NONE', 6, 'now','f');
INSERT INTO lesson_cmsession (lesson_id, cmsession_id) VALUES (3068, 511);
INSERT INTO cmsession (id, title, description, order_id, created_at, is_deleted) VALUES (512, 'Percentages', 'Percentages', 2, 'now', 'f');
INSERT INTO cmsession_module (cmsession_id, module_id) VALUES (512, 118);
INSERT INTO lesson (id, type, duration, tags, title, subject, order_id, created_at, is_deleted) VALUES (3069,'PRESENTATION', 20, '', 'LESSON-0', 'NONE', 1, 'now','f');
INSERT INTO lesson_cmsession (lesson_id, cmsession_id) VALUES (3069, 512);
INSERT INTO lesson (id, type, duration, tags, title, subject, order_id, created_at, is_deleted) VALUES (3070,'PRESENTATION', 20, '', 'LESSON-1', 'NONE', 2, 'now','f');
INSERT INTO lesson_cmsession (lesson_id, cmsession_id) VALUES (3070, 512);
INSERT INTO lesson (id, type, duration, tags, title, subject, order_id, created_at, is_deleted) VALUES (3071,'PRESENTATION', 20, '', 'LESSON-2', 'NONE', 3, 'now','f');
INSERT INTO lesson_cmsession (lesson_id, cmsession_id) VALUES (3071, 512);
INSERT INTO lesson (id, type, duration, tags, title, subject, order_id, created_at, is_deleted) VALUES (3072,'PRESENTATION', 20, '', 'LESSON-3', 'NONE', 4, 'now','f');
INSERT INTO lesson_cmsession (lesson_id, cmsession_id) VALUES (3072, 512);
INSERT INTO lesson (id, type, duration, tags, title, subject, order_id, created_at, is_deleted) VALUES (3073,'PRESENTATION', 20, '', 'LESSON-4', 'NONE', 5, 'now','f');
INSERT INTO lesson_cmsession (lesson_id, cmsession_id) VALUES (3073, 512);
INSERT INTO lesson (id, type, duration, tags, title, subject, order_id, created_at, is_deleted) VALUES (3074,'PRESENTATION', 20, '', 'LESSON-5', 'NONE', 6, 'now','f');
INSERT INTO lesson_cmsession (lesson_id, cmsession_id) VALUES (3074, 512);
INSERT INTO module (id, module_name, order_id, is_deleted) VALUES (119, 'Exponents', 8, 'f');
INSERT INTO module_course (module_id, course_id) VALUES (119, 11);
INSERT INTO cmsession (id, title, description, order_id, created_at, is_deleted) VALUES (513, 'Exponents', 'Exponents', 1, 'now', 'f');
INSERT INTO cmsession_module (cmsession_id, module_id) VALUES (513, 119);
INSERT INTO lesson (id, type, duration, tags, title, subject, order_id, created_at, is_deleted) VALUES (3075,'PRESENTATION', 20, '', 'LESSON-0', 'NONE', 1, 'now','f');
INSERT INTO lesson_cmsession (lesson_id, cmsession_id) VALUES (3075, 513);
INSERT INTO lesson (id, type, duration, tags, title, subject, order_id, created_at, is_deleted) VALUES (3076,'PRESENTATION', 20, '', 'LESSON-1', 'NONE', 2, 'now','f');
INSERT INTO lesson_cmsession (lesson_id, cmsession_id) VALUES (3076, 513);
INSERT INTO lesson (id, type, duration, tags, title, subject, order_id, created_at, is_deleted) VALUES (3077,'PRESENTATION', 20, '', 'LESSON-2', 'NONE', 3, 'now','f');
INSERT INTO lesson_cmsession (lesson_id, cmsession_id) VALUES (3077, 513);
INSERT INTO lesson (id, type, duration, tags, title, subject, order_id, created_at, is_deleted) VALUES (3078,'PRESENTATION', 20, '', 'LESSON-3', 'NONE', 4, 'now','f');
INSERT INTO lesson_cmsession (lesson_id, cmsession_id) VALUES (3078, 513);
INSERT INTO lesson (id, type, duration, tags, title, subject, order_id, created_at, is_deleted) VALUES (3079,'PRESENTATION', 20, '', 'LESSON-4', 'NONE', 5, 'now','f');
INSERT INTO lesson_cmsession (lesson_id, cmsession_id) VALUES (3079, 513);
INSERT INTO lesson (id, type, duration, tags, title, subject, order_id, created_at, is_deleted) VALUES (3080,'PRESENTATION', 20, '', 'LESSON-5', 'NONE', 6, 'now','f');
INSERT INTO lesson_cmsession (lesson_id, cmsession_id) VALUES (3080, 513);
INSERT INTO cmsession (id, title, description, order_id, created_at, is_deleted) VALUES (514, 'Exponents', 'Exponents', 2, 'now', 'f');
INSERT INTO cmsession_module (cmsession_id, module_id) VALUES (514, 119);
INSERT INTO lesson (id, type, duration, tags, title, subject, order_id, created_at, is_deleted) VALUES (3081,'PRESENTATION', 20, '', 'LESSON-0', 'NONE', 1, 'now','f');
INSERT INTO lesson_cmsession (lesson_id, cmsession_id) VALUES (3081, 514);
INSERT INTO lesson (id, type, duration, tags, title, subject, order_id, created_at, is_deleted) VALUES (3082,'PRESENTATION', 20, '', 'LESSON-1', 'NONE', 2, 'now','f');
INSERT INTO lesson_cmsession (lesson_id, cmsession_id) VALUES (3082, 514);
INSERT INTO lesson (id, type, duration, tags, title, subject, order_id, created_at, is_deleted) VALUES (3083,'PRESENTATION', 20, '', 'LESSON-2', 'NONE', 3, 'now','f');
INSERT INTO lesson_cmsession (lesson_id, cmsession_id) VALUES (3083, 514);
INSERT INTO lesson (id, type, duration, tags, title, subject, order_id, created_at, is_deleted) VALUES (3084,'PRESENTATION', 20, '', 'LESSON-3', 'NONE', 4, 'now','f');
INSERT INTO lesson_cmsession (lesson_id, cmsession_id) VALUES (3084, 514);
INSERT INTO lesson (id, type, duration, tags, title, subject, order_id, created_at, is_deleted) VALUES (3085,'PRESENTATION', 20, '', 'LESSON-4', 'NONE', 5, 'now','f');
INSERT INTO lesson_cmsession (lesson_id, cmsession_id) VALUES (3085, 514);
INSERT INTO lesson (id, type, duration, tags, title, subject, order_id, created_at, is_deleted) VALUES (3086,'PRESENTATION', 20, '', 'LESSON-5', 'NONE', 6, 'now','f');
INSERT INTO lesson_cmsession (lesson_id, cmsession_id) VALUES (3086, 514);
INSERT INTO cmsession (id, title, description, order_id, created_at, is_deleted) VALUES (515, 'Exponents', 'Exponents', 3, 'now', 'f');
INSERT INTO cmsession_module (cmsession_id, module_id) VALUES (515, 119);
INSERT INTO lesson (id, type, duration, tags, title, subject, order_id, created_at, is_deleted) VALUES (3087,'PRESENTATION', 20, '', 'LESSON-0', 'NONE', 1, 'now','f');
INSERT INTO lesson_cmsession (lesson_id, cmsession_id) VALUES (3087, 515);
INSERT INTO lesson (id, type, duration, tags, title, subject, order_id, created_at, is_deleted) VALUES (3088,'PRESENTATION', 20, '', 'LESSON-1', 'NONE', 2, 'now','f');
INSERT INTO lesson_cmsession (lesson_id, cmsession_id) VALUES (3088, 515);
INSERT INTO lesson (id, type, duration, tags, title, subject, order_id, created_at, is_deleted) VALUES (3089,'PRESENTATION', 20, '', 'LESSON-2', 'NONE', 3, 'now','f');
INSERT INTO lesson_cmsession (lesson_id, cmsession_id) VALUES (3089, 515);
INSERT INTO lesson (id, type, duration, tags, title, subject, order_id, created_at, is_deleted) VALUES (3090,'PRESENTATION', 20, '', 'LESSON-3', 'NONE', 4, 'now','f');
INSERT INTO lesson_cmsession (lesson_id, cmsession_id) VALUES (3090, 515);
INSERT INTO lesson (id, type, duration, tags, title, subject, order_id, created_at, is_deleted) VALUES (3091,'PRESENTATION', 20, '', 'LESSON-4', 'NONE', 5, 'now','f');
INSERT INTO lesson_cmsession (lesson_id, cmsession_id) VALUES (3091, 515);
INSERT INTO lesson (id, type, duration, tags, title, subject, order_id, created_at, is_deleted) VALUES (3092,'PRESENTATION', 20, '', 'LESSON-5', 'NONE', 6, 'now','f');
INSERT INTO lesson_cmsession (lesson_id, cmsession_id) VALUES (3092, 515);
INSERT INTO module (id, module_name, order_id, is_deleted) VALUES (120, 'Ratio and Proportions', 9, 'f');
INSERT INTO module_course (module_id, course_id) VALUES (120, 11);
INSERT INTO cmsession (id, title, description, order_id, created_at, is_deleted) VALUES (516, 'Ratio and Proportions', 'Ratio and Proportions', 1, 'now', 'f');
INSERT INTO cmsession_module (cmsession_id, module_id) VALUES (516, 120);
INSERT INTO lesson (id, type, duration, tags, title, subject, order_id, created_at, is_deleted) VALUES (3093,'PRESENTATION', 20, '', 'LESSON-0', 'NONE', 1, 'now','f');
INSERT INTO lesson_cmsession (lesson_id, cmsession_id) VALUES (3093, 516);
INSERT INTO lesson (id, type, duration, tags, title, subject, order_id, created_at, is_deleted) VALUES (3094,'PRESENTATION', 20, '', 'LESSON-1', 'NONE', 2, 'now','f');
INSERT INTO lesson_cmsession (lesson_id, cmsession_id) VALUES (3094, 516);
INSERT INTO lesson (id, type, duration, tags, title, subject, order_id, created_at, is_deleted) VALUES (3095,'PRESENTATION', 20, '', 'LESSON-2', 'NONE', 3, 'now','f');
INSERT INTO lesson_cmsession (lesson_id, cmsession_id) VALUES (3095, 516);
INSERT INTO lesson (id, type, duration, tags, title, subject, order_id, created_at, is_deleted) VALUES (3096,'PRESENTATION', 20, '', 'LESSON-3', 'NONE', 4, 'now','f');
INSERT INTO lesson_cmsession (lesson_id, cmsession_id) VALUES (3096, 516);
INSERT INTO lesson (id, type, duration, tags, title, subject, order_id, created_at, is_deleted) VALUES (3097,'PRESENTATION', 20, '', 'LESSON-4', 'NONE', 5, 'now','f');
INSERT INTO lesson_cmsession (lesson_id, cmsession_id) VALUES (3097, 516);
INSERT INTO lesson (id, type, duration, tags, title, subject, order_id, created_at, is_deleted) VALUES (3098,'PRESENTATION', 20, '', 'LESSON-5', 'NONE', 6, 'now','f');
INSERT INTO lesson_cmsession (lesson_id, cmsession_id) VALUES (3098, 516);
INSERT INTO cmsession (id, title, description, order_id, created_at, is_deleted) VALUES (517, 'Ratio and Proportions', 'Ratio and Proportions', 2, 'now', 'f');
INSERT INTO cmsession_module (cmsession_id, module_id) VALUES (517, 120);
INSERT INTO lesson (id, type, duration, tags, title, subject, order_id, created_at, is_deleted) VALUES (3099,'PRESENTATION', 20, '', 'LESSON-0', 'NONE', 1, 'now','f');
INSERT INTO lesson_cmsession (lesson_id, cmsession_id) VALUES (3099, 517);
INSERT INTO lesson (id, type, duration, tags, title, subject, order_id, created_at, is_deleted) VALUES (3100,'PRESENTATION', 20, '', 'LESSON-1', 'NONE', 2, 'now','f');
INSERT INTO lesson_cmsession (lesson_id, cmsession_id) VALUES (3100, 517);
INSERT INTO lesson (id, type, duration, tags, title, subject, order_id, created_at, is_deleted) VALUES (3101,'PRESENTATION', 20, '', 'LESSON-2', 'NONE', 3, 'now','f');
INSERT INTO lesson_cmsession (lesson_id, cmsession_id) VALUES (3101, 517);
INSERT INTO lesson (id, type, duration, tags, title, subject, order_id, created_at, is_deleted) VALUES (3102,'PRESENTATION', 20, '', 'LESSON-3', 'NONE', 4, 'now','f');
INSERT INTO lesson_cmsession (lesson_id, cmsession_id) VALUES (3102, 517);
INSERT INTO lesson (id, type, duration, tags, title, subject, order_id, created_at, is_deleted) VALUES (3103,'PRESENTATION', 20, '', 'LESSON-4', 'NONE', 5, 'now','f');
INSERT INTO lesson_cmsession (lesson_id, cmsession_id) VALUES (3103, 517);
INSERT INTO lesson (id, type, duration, tags, title, subject, order_id, created_at, is_deleted) VALUES (3104,'PRESENTATION', 20, '', 'LESSON-5', 'NONE', 6, 'now','f');
INSERT INTO lesson_cmsession (lesson_id, cmsession_id) VALUES (3104, 517);
INSERT INTO cmsession (id, title, description, order_id, created_at, is_deleted) VALUES (518, 'Ratio and Proportions', 'Ratio and Proportions', 3, 'now', 'f');
INSERT INTO cmsession_module (cmsession_id, module_id) VALUES (518, 120);
INSERT INTO lesson (id, type, duration, tags, title, subject, order_id, created_at, is_deleted) VALUES (3105,'PRESENTATION', 20, '', 'LESSON-0', 'NONE', 1, 'now','f');
INSERT INTO lesson_cmsession (lesson_id, cmsession_id) VALUES (3105, 518);
INSERT INTO lesson (id, type, duration, tags, title, subject, order_id, created_at, is_deleted) VALUES (3106,'PRESENTATION', 20, '', 'LESSON-1', 'NONE', 2, 'now','f');
INSERT INTO lesson_cmsession (lesson_id, cmsession_id) VALUES (3106, 518);
INSERT INTO lesson (id, type, duration, tags, title, subject, order_id, created_at, is_deleted) VALUES (3107,'PRESENTATION', 20, '', 'LESSON-2', 'NONE', 3, 'now','f');
INSERT INTO lesson_cmsession (lesson_id, cmsession_id) VALUES (3107, 518);
INSERT INTO lesson (id, type, duration, tags, title, subject, order_id, created_at, is_deleted) VALUES (3108,'PRESENTATION', 20, '', 'LESSON-3', 'NONE', 4, 'now','f');
INSERT INTO lesson_cmsession (lesson_id, cmsession_id) VALUES (3108, 518);
INSERT INTO lesson (id, type, duration, tags, title, subject, order_id, created_at, is_deleted) VALUES (3109,'PRESENTATION', 20, '', 'LESSON-4', 'NONE', 5, 'now','f');
INSERT INTO lesson_cmsession (lesson_id, cmsession_id) VALUES (3109, 518);
INSERT INTO lesson (id, type, duration, tags, title, subject, order_id, created_at, is_deleted) VALUES (3110,'PRESENTATION', 20, '', 'LESSON-5', 'NONE', 6, 'now','f');
INSERT INTO lesson_cmsession (lesson_id, cmsession_id) VALUES (3110, 518);
INSERT INTO cmsession (id, title, description, order_id, created_at, is_deleted) VALUES (519, 'Ratio and Proportions', 'Ratio and Proportions', 4, 'now', 'f');
INSERT INTO cmsession_module (cmsession_id, module_id) VALUES (519, 120);
INSERT INTO lesson (id, type, duration, tags, title, subject, order_id, created_at, is_deleted) VALUES (3111,'PRESENTATION', 20, '', 'LESSON-0', 'NONE', 1, 'now','f');
INSERT INTO lesson_cmsession (lesson_id, cmsession_id) VALUES (3111, 519);
INSERT INTO lesson (id, type, duration, tags, title, subject, order_id, created_at, is_deleted) VALUES (3112,'PRESENTATION', 20, '', 'LESSON-1', 'NONE', 2, 'now','f');
INSERT INTO lesson_cmsession (lesson_id, cmsession_id) VALUES (3112, 519);
INSERT INTO lesson (id, type, duration, tags, title, subject, order_id, created_at, is_deleted) VALUES (3113,'PRESENTATION', 20, '', 'LESSON-2', 'NONE', 3, 'now','f');
INSERT INTO lesson_cmsession (lesson_id, cmsession_id) VALUES (3113, 519);
INSERT INTO lesson (id, type, duration, tags, title, subject, order_id, created_at, is_deleted) VALUES (3114,'PRESENTATION', 20, '', 'LESSON-3', 'NONE', 4, 'now','f');
INSERT INTO lesson_cmsession (lesson_id, cmsession_id) VALUES (3114, 519);
INSERT INTO lesson (id, type, duration, tags, title, subject, order_id, created_at, is_deleted) VALUES (3115,'PRESENTATION', 20, '', 'LESSON-4', 'NONE', 5, 'now','f');
INSERT INTO lesson_cmsession (lesson_id, cmsession_id) VALUES (3115, 519);
INSERT INTO lesson (id, type, duration, tags, title, subject, order_id, created_at, is_deleted) VALUES (3116,'PRESENTATION', 20, '', 'LESSON-5', 'NONE', 6, 'now','f');
INSERT INTO lesson_cmsession (lesson_id, cmsession_id) VALUES (3116, 519);
INSERT INTO module (id, module_name, order_id, is_deleted) VALUES (121, 'Basic Algebra', 10, 'f');
INSERT INTO module_course (module_id, course_id) VALUES (121, 11);
INSERT INTO cmsession (id, title, description, order_id, created_at, is_deleted) VALUES (520, 'Basic Algebra', 'Basic Algebra', 1, 'now', 'f');
INSERT INTO cmsession_module (cmsession_id, module_id) VALUES (520, 121);
INSERT INTO lesson (id, type, duration, tags, title, subject, order_id, created_at, is_deleted) VALUES (3117,'PRESENTATION', 20, '', 'LESSON-0', 'NONE', 1, 'now','f');
INSERT INTO lesson_cmsession (lesson_id, cmsession_id) VALUES (3117, 520);
INSERT INTO lesson (id, type, duration, tags, title, subject, order_id, created_at, is_deleted) VALUES (3118,'PRESENTATION', 20, '', 'LESSON-1', 'NONE', 2, 'now','f');
INSERT INTO lesson_cmsession (lesson_id, cmsession_id) VALUES (3118, 520);
INSERT INTO lesson (id, type, duration, tags, title, subject, order_id, created_at, is_deleted) VALUES (3119,'PRESENTATION', 20, '', 'LESSON-2', 'NONE', 3, 'now','f');
INSERT INTO lesson_cmsession (lesson_id, cmsession_id) VALUES (3119, 520);
INSERT INTO lesson (id, type, duration, tags, title, subject, order_id, created_at, is_deleted) VALUES (3120,'PRESENTATION', 20, '', 'LESSON-3', 'NONE', 4, 'now','f');
INSERT INTO lesson_cmsession (lesson_id, cmsession_id) VALUES (3120, 520);
INSERT INTO lesson (id, type, duration, tags, title, subject, order_id, created_at, is_deleted) VALUES (3121,'PRESENTATION', 20, '', 'LESSON-4', 'NONE', 5, 'now','f');
INSERT INTO lesson_cmsession (lesson_id, cmsession_id) VALUES (3121, 520);
INSERT INTO lesson (id, type, duration, tags, title, subject, order_id, created_at, is_deleted) VALUES (3122,'PRESENTATION', 20, '', 'LESSON-5', 'NONE', 6, 'now','f');
INSERT INTO lesson_cmsession (lesson_id, cmsession_id) VALUES (3122, 520);
INSERT INTO cmsession (id, title, description, order_id, created_at, is_deleted) VALUES (521, 'Basic Algebra', 'Basic Algebra', 2, 'now', 'f');
INSERT INTO cmsession_module (cmsession_id, module_id) VALUES (521, 121);
INSERT INTO lesson (id, type, duration, tags, title, subject, order_id, created_at, is_deleted) VALUES (3123,'PRESENTATION', 20, '', 'LESSON-0', 'NONE', 1, 'now','f');
INSERT INTO lesson_cmsession (lesson_id, cmsession_id) VALUES (3123, 521);
INSERT INTO lesson (id, type, duration, tags, title, subject, order_id, created_at, is_deleted) VALUES (3124,'PRESENTATION', 20, '', 'LESSON-1', 'NONE', 2, 'now','f');
INSERT INTO lesson_cmsession (lesson_id, cmsession_id) VALUES (3124, 521);
INSERT INTO lesson (id, type, duration, tags, title, subject, order_id, created_at, is_deleted) VALUES (3125,'PRESENTATION', 20, '', 'LESSON-2', 'NONE', 3, 'now','f');
INSERT INTO lesson_cmsession (lesson_id, cmsession_id) VALUES (3125, 521);
INSERT INTO lesson (id, type, duration, tags, title, subject, order_id, created_at, is_deleted) VALUES (3126,'PRESENTATION', 20, '', 'LESSON-3', 'NONE', 4, 'now','f');
INSERT INTO lesson_cmsession (lesson_id, cmsession_id) VALUES (3126, 521);
INSERT INTO lesson (id, type, duration, tags, title, subject, order_id, created_at, is_deleted) VALUES (3127,'PRESENTATION', 20, '', 'LESSON-4', 'NONE', 5, 'now','f');
INSERT INTO lesson_cmsession (lesson_id, cmsession_id) VALUES (3127, 521);
INSERT INTO lesson (id, type, duration, tags, title, subject, order_id, created_at, is_deleted) VALUES (3128,'PRESENTATION', 20, '', 'LESSON-5', 'NONE', 6, 'now','f');
INSERT INTO lesson_cmsession (lesson_id, cmsession_id) VALUES (3128, 521);
INSERT INTO cmsession (id, title, description, order_id, created_at, is_deleted) VALUES (522, 'Basic Algebra', 'Basic Algebra', 3, 'now', 'f');
INSERT INTO cmsession_module (cmsession_id, module_id) VALUES (522, 121);
INSERT INTO lesson (id, type, duration, tags, title, subject, order_id, created_at, is_deleted) VALUES (3129,'PRESENTATION', 20, '', 'LESSON-0', 'NONE', 1, 'now','f');
INSERT INTO lesson_cmsession (lesson_id, cmsession_id) VALUES (3129, 522);
INSERT INTO lesson (id, type, duration, tags, title, subject, order_id, created_at, is_deleted) VALUES (3130,'PRESENTATION', 20, '', 'LESSON-1', 'NONE', 2, 'now','f');
INSERT INTO lesson_cmsession (lesson_id, cmsession_id) VALUES (3130, 522);
INSERT INTO lesson (id, type, duration, tags, title, subject, order_id, created_at, is_deleted) VALUES (3131,'PRESENTATION', 20, '', 'LESSON-2', 'NONE', 3, 'now','f');
INSERT INTO lesson_cmsession (lesson_id, cmsession_id) VALUES (3131, 522);
INSERT INTO lesson (id, type, duration, tags, title, subject, order_id, created_at, is_deleted) VALUES (3132,'PRESENTATION', 20, '', 'LESSON-3', 'NONE', 4, 'now','f');
INSERT INTO lesson_cmsession (lesson_id, cmsession_id) VALUES (3132, 522);
INSERT INTO lesson (id, type, duration, tags, title, subject, order_id, created_at, is_deleted) VALUES (3133,'PRESENTATION', 20, '', 'LESSON-4', 'NONE', 5, 'now','f');
INSERT INTO lesson_cmsession (lesson_id, cmsession_id) VALUES (3133, 522);
INSERT INTO lesson (id, type, duration, tags, title, subject, order_id, created_at, is_deleted) VALUES (3134,'PRESENTATION', 20, '', 'LESSON-5', 'NONE', 6, 'now','f');
INSERT INTO lesson_cmsession (lesson_id, cmsession_id) VALUES (3134, 522);
INSERT INTO cmsession (id, title, description, order_id, created_at, is_deleted) VALUES (523, 'Basic Algebra', 'Basic Algebra', 4, 'now', 'f');
INSERT INTO cmsession_module (cmsession_id, module_id) VALUES (523, 121);
INSERT INTO lesson (id, type, duration, tags, title, subject, order_id, created_at, is_deleted) VALUES (3135,'PRESENTATION', 20, '', 'LESSON-0', 'NONE', 1, 'now','f');
INSERT INTO lesson_cmsession (lesson_id, cmsession_id) VALUES (3135, 523);
INSERT INTO lesson (id, type, duration, tags, title, subject, order_id, created_at, is_deleted) VALUES (3136,'PRESENTATION', 20, '', 'LESSON-1', 'NONE', 2, 'now','f');
INSERT INTO lesson_cmsession (lesson_id, cmsession_id) VALUES (3136, 523);
INSERT INTO lesson (id, type, duration, tags, title, subject, order_id, created_at, is_deleted) VALUES (3137,'PRESENTATION', 20, '', 'LESSON-2', 'NONE', 3, 'now','f');
INSERT INTO lesson_cmsession (lesson_id, cmsession_id) VALUES (3137, 523);
INSERT INTO lesson (id, type, duration, tags, title, subject, order_id, created_at, is_deleted) VALUES (3138,'PRESENTATION', 20, '', 'LESSON-3', 'NONE', 4, 'now','f');
INSERT INTO lesson_cmsession (lesson_id, cmsession_id) VALUES (3138, 523);
INSERT INTO lesson (id, type, duration, tags, title, subject, order_id, created_at, is_deleted) VALUES (3139,'PRESENTATION', 20, '', 'LESSON-4', 'NONE', 5, 'now','f');
INSERT INTO lesson_cmsession (lesson_id, cmsession_id) VALUES (3139, 523);
INSERT INTO lesson (id, type, duration, tags, title, subject, order_id, created_at, is_deleted) VALUES (3140,'PRESENTATION', 20, '', 'LESSON-5', 'NONE', 6, 'now','f');
INSERT INTO lesson_cmsession (lesson_id, cmsession_id) VALUES (3140, 523);
INSERT INTO cmsession (id, title, description, order_id, created_at, is_deleted) VALUES (524, 'Basic Algebra', 'Basic Algebra', 5, 'now', 'f');
INSERT INTO cmsession_module (cmsession_id, module_id) VALUES (524, 121);
INSERT INTO lesson (id, type, duration, tags, title, subject, order_id, created_at, is_deleted) VALUES (3141,'PRESENTATION', 20, '', 'LESSON-0', 'NONE', 1, 'now','f');
INSERT INTO lesson_cmsession (lesson_id, cmsession_id) VALUES (3141, 524);
INSERT INTO lesson (id, type, duration, tags, title, subject, order_id, created_at, is_deleted) VALUES (3142,'PRESENTATION', 20, '', 'LESSON-1', 'NONE', 2, 'now','f');
INSERT INTO lesson_cmsession (lesson_id, cmsession_id) VALUES (3142, 524);
INSERT INTO lesson (id, type, duration, tags, title, subject, order_id, created_at, is_deleted) VALUES (3143,'PRESENTATION', 20, '', 'LESSON-2', 'NONE', 3, 'now','f');
INSERT INTO lesson_cmsession (lesson_id, cmsession_id) VALUES (3143, 524);
INSERT INTO lesson (id, type, duration, tags, title, subject, order_id, created_at, is_deleted) VALUES (3144,'PRESENTATION', 20, '', 'LESSON-3', 'NONE', 4, 'now','f');
INSERT INTO lesson_cmsession (lesson_id, cmsession_id) VALUES (3144, 524);
INSERT INTO lesson (id, type, duration, tags, title, subject, order_id, created_at, is_deleted) VALUES (3145,'PRESENTATION', 20, '', 'LESSON-4', 'NONE', 5, 'now','f');
INSERT INTO lesson_cmsession (lesson_id, cmsession_id) VALUES (3145, 524);
INSERT INTO lesson (id, type, duration, tags, title, subject, order_id, created_at, is_deleted) VALUES (3146,'PRESENTATION', 20, '', 'LESSON-5', 'NONE', 6, 'now','f');
INSERT INTO lesson_cmsession (lesson_id, cmsession_id) VALUES (3146, 524);
INSERT INTO module (id, module_name, order_id, is_deleted) VALUES (122, 'Business Mathematics', 11, 'f');
INSERT INTO module_course (module_id, course_id) VALUES (122, 11);
INSERT INTO cmsession (id, title, description, order_id, created_at, is_deleted) VALUES (525, 'Business Mathematics', 'Business Mathematics', 1, 'now', 'f');
INSERT INTO cmsession_module (cmsession_id, module_id) VALUES (525, 122);
INSERT INTO lesson (id, type, duration, tags, title, subject, order_id, created_at, is_deleted) VALUES (3147,'PRESENTATION', 20, '', 'LESSON-0', 'NONE', 1, 'now','f');
INSERT INTO lesson_cmsession (lesson_id, cmsession_id) VALUES (3147, 525);
INSERT INTO lesson (id, type, duration, tags, title, subject, order_id, created_at, is_deleted) VALUES (3148,'PRESENTATION', 20, '', 'LESSON-1', 'NONE', 2, 'now','f');
INSERT INTO lesson_cmsession (lesson_id, cmsession_id) VALUES (3148, 525);
INSERT INTO lesson (id, type, duration, tags, title, subject, order_id, created_at, is_deleted) VALUES (3149,'PRESENTATION', 20, '', 'LESSON-2', 'NONE', 3, 'now','f');
INSERT INTO lesson_cmsession (lesson_id, cmsession_id) VALUES (3149, 525);
INSERT INTO lesson (id, type, duration, tags, title, subject, order_id, created_at, is_deleted) VALUES (3150,'PRESENTATION', 20, '', 'LESSON-3', 'NONE', 4, 'now','f');
INSERT INTO lesson_cmsession (lesson_id, cmsession_id) VALUES (3150, 525);
INSERT INTO lesson (id, type, duration, tags, title, subject, order_id, created_at, is_deleted) VALUES (3151,'PRESENTATION', 20, '', 'LESSON-4', 'NONE', 5, 'now','f');
INSERT INTO lesson_cmsession (lesson_id, cmsession_id) VALUES (3151, 525);
INSERT INTO lesson (id, type, duration, tags, title, subject, order_id, created_at, is_deleted) VALUES (3152,'PRESENTATION', 20, '', 'LESSON-5', 'NONE', 6, 'now','f');
INSERT INTO lesson_cmsession (lesson_id, cmsession_id) VALUES (3152, 525);
INSERT INTO cmsession (id, title, description, order_id, created_at, is_deleted) VALUES (526, 'Business Mathematics', 'Business Mathematics', 2, 'now', 'f');
INSERT INTO cmsession_module (cmsession_id, module_id) VALUES (526, 122);
INSERT INTO lesson (id, type, duration, tags, title, subject, order_id, created_at, is_deleted) VALUES (3153,'PRESENTATION', 20, '', 'LESSON-0', 'NONE', 1, 'now','f');
INSERT INTO lesson_cmsession (lesson_id, cmsession_id) VALUES (3153, 526);
INSERT INTO lesson (id, type, duration, tags, title, subject, order_id, created_at, is_deleted) VALUES (3154,'PRESENTATION', 20, '', 'LESSON-1', 'NONE', 2, 'now','f');
INSERT INTO lesson_cmsession (lesson_id, cmsession_id) VALUES (3154, 526);
INSERT INTO lesson (id, type, duration, tags, title, subject, order_id, created_at, is_deleted) VALUES (3155,'PRESENTATION', 20, '', 'LESSON-2', 'NONE', 3, 'now','f');
INSERT INTO lesson_cmsession (lesson_id, cmsession_id) VALUES (3155, 526);
INSERT INTO lesson (id, type, duration, tags, title, subject, order_id, created_at, is_deleted) VALUES (3156,'PRESENTATION', 20, '', 'LESSON-3', 'NONE', 4, 'now','f');
INSERT INTO lesson_cmsession (lesson_id, cmsession_id) VALUES (3156, 526);
INSERT INTO lesson (id, type, duration, tags, title, subject, order_id, created_at, is_deleted) VALUES (3157,'PRESENTATION', 20, '', 'LESSON-4', 'NONE', 5, 'now','f');
INSERT INTO lesson_cmsession (lesson_id, cmsession_id) VALUES (3157, 526);
INSERT INTO lesson (id, type, duration, tags, title, subject, order_id, created_at, is_deleted) VALUES (3158,'PRESENTATION', 20, '', 'LESSON-5', 'NONE', 6, 'now','f');
INSERT INTO lesson_cmsession (lesson_id, cmsession_id) VALUES (3158, 526);
INSERT INTO cmsession (id, title, description, order_id, created_at, is_deleted) VALUES (527, 'Business Mathematics', 'Business Mathematics', 3, 'now', 'f');
INSERT INTO cmsession_module (cmsession_id, module_id) VALUES (527, 122);
INSERT INTO lesson (id, type, duration, tags, title, subject, order_id, created_at, is_deleted) VALUES (3159,'PRESENTATION', 20, '', 'LESSON-0', 'NONE', 1, 'now','f');
INSERT INTO lesson_cmsession (lesson_id, cmsession_id) VALUES (3159, 527);
INSERT INTO lesson (id, type, duration, tags, title, subject, order_id, created_at, is_deleted) VALUES (3160,'PRESENTATION', 20, '', 'LESSON-1', 'NONE', 2, 'now','f');
INSERT INTO lesson_cmsession (lesson_id, cmsession_id) VALUES (3160, 527);
INSERT INTO lesson (id, type, duration, tags, title, subject, order_id, created_at, is_deleted) VALUES (3161,'PRESENTATION', 20, '', 'LESSON-2', 'NONE', 3, 'now','f');
INSERT INTO lesson_cmsession (lesson_id, cmsession_id) VALUES (3161, 527);
INSERT INTO lesson (id, type, duration, tags, title, subject, order_id, created_at, is_deleted) VALUES (3162,'PRESENTATION', 20, '', 'LESSON-3', 'NONE', 4, 'now','f');
INSERT INTO lesson_cmsession (lesson_id, cmsession_id) VALUES (3162, 527);
INSERT INTO lesson (id, type, duration, tags, title, subject, order_id, created_at, is_deleted) VALUES (3163,'PRESENTATION', 20, '', 'LESSON-4', 'NONE', 5, 'now','f');
INSERT INTO lesson_cmsession (lesson_id, cmsession_id) VALUES (3163, 527);
INSERT INTO lesson (id, type, duration, tags, title, subject, order_id, created_at, is_deleted) VALUES (3164,'PRESENTATION', 20, '', 'LESSON-5', 'NONE', 6, 'now','f');
INSERT INTO lesson_cmsession (lesson_id, cmsession_id) VALUES (3164, 527);
INSERT INTO cmsession (id, title, description, order_id, created_at, is_deleted) VALUES (528, 'Business Mathematics', 'Business Mathematics', 4, 'now', 'f');
INSERT INTO cmsession_module (cmsession_id, module_id) VALUES (528, 122);
INSERT INTO lesson (id, type, duration, tags, title, subject, order_id, created_at, is_deleted) VALUES (3165,'PRESENTATION', 20, '', 'LESSON-0', 'NONE', 1, 'now','f');
INSERT INTO lesson_cmsession (lesson_id, cmsession_id) VALUES (3165, 528);
INSERT INTO lesson (id, type, duration, tags, title, subject, order_id, created_at, is_deleted) VALUES (3166,'PRESENTATION', 20, '', 'LESSON-1', 'NONE', 2, 'now','f');
INSERT INTO lesson_cmsession (lesson_id, cmsession_id) VALUES (3166, 528);
INSERT INTO lesson (id, type, duration, tags, title, subject, order_id, created_at, is_deleted) VALUES (3167,'PRESENTATION', 20, '', 'LESSON-2', 'NONE', 3, 'now','f');
INSERT INTO lesson_cmsession (lesson_id, cmsession_id) VALUES (3167, 528);
INSERT INTO lesson (id, type, duration, tags, title, subject, order_id, created_at, is_deleted) VALUES (3168,'PRESENTATION', 20, '', 'LESSON-3', 'NONE', 4, 'now','f');
INSERT INTO lesson_cmsession (lesson_id, cmsession_id) VALUES (3168, 528);
INSERT INTO lesson (id, type, duration, tags, title, subject, order_id, created_at, is_deleted) VALUES (3169,'PRESENTATION', 20, '', 'LESSON-4', 'NONE', 5, 'now','f');
INSERT INTO lesson_cmsession (lesson_id, cmsession_id) VALUES (3169, 528);
INSERT INTO lesson (id, type, duration, tags, title, subject, order_id, created_at, is_deleted) VALUES (3170,'PRESENTATION', 20, '', 'LESSON-5', 'NONE', 6, 'now','f');
INSERT INTO lesson_cmsession (lesson_id, cmsession_id) VALUES (3170, 528);
INSERT INTO cmsession (id, title, description, order_id, created_at, is_deleted) VALUES (529, 'Business Mathematics', 'Business Mathematics', 5, 'now', 'f');
INSERT INTO cmsession_module (cmsession_id, module_id) VALUES (529, 122);
INSERT INTO lesson (id, type, duration, tags, title, subject, order_id, created_at, is_deleted) VALUES (3171,'PRESENTATION', 20, '', 'LESSON-0', 'NONE', 1, 'now','f');
INSERT INTO lesson_cmsession (lesson_id, cmsession_id) VALUES (3171, 529);
INSERT INTO lesson (id, type, duration, tags, title, subject, order_id, created_at, is_deleted) VALUES (3172,'PRESENTATION', 20, '', 'LESSON-1', 'NONE', 2, 'now','f');
INSERT INTO lesson_cmsession (lesson_id, cmsession_id) VALUES (3172, 529);
INSERT INTO lesson (id, type, duration, tags, title, subject, order_id, created_at, is_deleted) VALUES (3173,'PRESENTATION', 20, '', 'LESSON-2', 'NONE', 3, 'now','f');
INSERT INTO lesson_cmsession (lesson_id, cmsession_id) VALUES (3173, 529);
INSERT INTO lesson (id, type, duration, tags, title, subject, order_id, created_at, is_deleted) VALUES (3174,'PRESENTATION', 20, '', 'LESSON-3', 'NONE', 4, 'now','f');
INSERT INTO lesson_cmsession (lesson_id, cmsession_id) VALUES (3174, 529);
INSERT INTO lesson (id, type, duration, tags, title, subject, order_id, created_at, is_deleted) VALUES (3175,'PRESENTATION', 20, '', 'LESSON-4', 'NONE', 5, 'now','f');
INSERT INTO lesson_cmsession (lesson_id, cmsession_id) VALUES (3175, 529);
INSERT INTO lesson (id, type, duration, tags, title, subject, order_id, created_at, is_deleted) VALUES (3176,'PRESENTATION', 20, '', 'LESSON-5', 'NONE', 6, 'now','f');
INSERT INTO lesson_cmsession (lesson_id, cmsession_id) VALUES (3176, 529);
INSERT INTO cmsession (id, title, description, order_id, created_at, is_deleted) VALUES (530, 'Business Mathematics', 'Business Mathematics', 6, 'now', 'f');
INSERT INTO cmsession_module (cmsession_id, module_id) VALUES (530, 122);
INSERT INTO lesson (id, type, duration, tags, title, subject, order_id, created_at, is_deleted) VALUES (3177,'PRESENTATION', 20, '', 'LESSON-0', 'NONE', 1, 'now','f');
INSERT INTO lesson_cmsession (lesson_id, cmsession_id) VALUES (3177, 530);
INSERT INTO lesson (id, type, duration, tags, title, subject, order_id, created_at, is_deleted) VALUES (3178,'PRESENTATION', 20, '', 'LESSON-1', 'NONE', 2, 'now','f');
INSERT INTO lesson_cmsession (lesson_id, cmsession_id) VALUES (3178, 530);
INSERT INTO lesson (id, type, duration, tags, title, subject, order_id, created_at, is_deleted) VALUES (3179,'PRESENTATION', 20, '', 'LESSON-2', 'NONE', 3, 'now','f');
INSERT INTO lesson_cmsession (lesson_id, cmsession_id) VALUES (3179, 530);
INSERT INTO lesson (id, type, duration, tags, title, subject, order_id, created_at, is_deleted) VALUES (3180,'PRESENTATION', 20, '', 'LESSON-3', 'NONE', 4, 'now','f');
INSERT INTO lesson_cmsession (lesson_id, cmsession_id) VALUES (3180, 530);
INSERT INTO lesson (id, type, duration, tags, title, subject, order_id, created_at, is_deleted) VALUES (3181,'PRESENTATION', 20, '', 'LESSON-4', 'NONE', 5, 'now','f');
INSERT INTO lesson_cmsession (lesson_id, cmsession_id) VALUES (3181, 530);
INSERT INTO lesson (id, type, duration, tags, title, subject, order_id, created_at, is_deleted) VALUES (3182,'PRESENTATION', 20, '', 'LESSON-5', 'NONE', 6, 'now','f');
INSERT INTO lesson_cmsession (lesson_id, cmsession_id) VALUES (3182, 530);
INSERT INTO module (id, module_name, order_id, is_deleted) VALUES (123, 'Time Value of Money', 12, 'f');
INSERT INTO module_course (module_id, course_id) VALUES (123, 11);
INSERT INTO cmsession (id, title, description, order_id, created_at, is_deleted) VALUES (531, 'Time Value of Money', 'Time Value of Money', 1, 'now', 'f');
INSERT INTO cmsession_module (cmsession_id, module_id) VALUES (531, 123);
INSERT INTO lesson (id, type, duration, tags, title, subject, order_id, created_at, is_deleted) VALUES (3183,'PRESENTATION', 20, '', 'LESSON-0', 'NONE', 1, 'now','f');
INSERT INTO lesson_cmsession (lesson_id, cmsession_id) VALUES (3183, 531);
INSERT INTO lesson (id, type, duration, tags, title, subject, order_id, created_at, is_deleted) VALUES (3184,'PRESENTATION', 20, '', 'LESSON-1', 'NONE', 2, 'now','f');
INSERT INTO lesson_cmsession (lesson_id, cmsession_id) VALUES (3184, 531);
INSERT INTO lesson (id, type, duration, tags, title, subject, order_id, created_at, is_deleted) VALUES (3185,'PRESENTATION', 20, '', 'LESSON-2', 'NONE', 3, 'now','f');
INSERT INTO lesson_cmsession (lesson_id, cmsession_id) VALUES (3185, 531);
INSERT INTO lesson (id, type, duration, tags, title, subject, order_id, created_at, is_deleted) VALUES (3186,'PRESENTATION', 20, '', 'LESSON-3', 'NONE', 4, 'now','f');
INSERT INTO lesson_cmsession (lesson_id, cmsession_id) VALUES (3186, 531);
INSERT INTO lesson (id, type, duration, tags, title, subject, order_id, created_at, is_deleted) VALUES (3187,'PRESENTATION', 20, '', 'LESSON-4', 'NONE', 5, 'now','f');
INSERT INTO lesson_cmsession (lesson_id, cmsession_id) VALUES (3187, 531);
INSERT INTO lesson (id, type, duration, tags, title, subject, order_id, created_at, is_deleted) VALUES (3188,'PRESENTATION', 20, '', 'LESSON-5', 'NONE', 6, 'now','f');
INSERT INTO lesson_cmsession (lesson_id, cmsession_id) VALUES (3188, 531);
INSERT INTO cmsession (id, title, description, order_id, created_at, is_deleted) VALUES (532, 'Time Value of Money', 'Time Value of Money', 2, 'now', 'f');
INSERT INTO cmsession_module (cmsession_id, module_id) VALUES (532, 123);
INSERT INTO lesson (id, type, duration, tags, title, subject, order_id, created_at, is_deleted) VALUES (3189,'PRESENTATION', 20, '', 'LESSON-0', 'NONE', 1, 'now','f');
INSERT INTO lesson_cmsession (lesson_id, cmsession_id) VALUES (3189, 532);
INSERT INTO lesson (id, type, duration, tags, title, subject, order_id, created_at, is_deleted) VALUES (3190,'PRESENTATION', 20, '', 'LESSON-1', 'NONE', 2, 'now','f');
INSERT INTO lesson_cmsession (lesson_id, cmsession_id) VALUES (3190, 532);
INSERT INTO lesson (id, type, duration, tags, title, subject, order_id, created_at, is_deleted) VALUES (3191,'PRESENTATION', 20, '', 'LESSON-2', 'NONE', 3, 'now','f');
INSERT INTO lesson_cmsession (lesson_id, cmsession_id) VALUES (3191, 532);
INSERT INTO lesson (id, type, duration, tags, title, subject, order_id, created_at, is_deleted) VALUES (3192,'PRESENTATION', 20, '', 'LESSON-3', 'NONE', 4, 'now','f');
INSERT INTO lesson_cmsession (lesson_id, cmsession_id) VALUES (3192, 532);
INSERT INTO lesson (id, type, duration, tags, title, subject, order_id, created_at, is_deleted) VALUES (3193,'PRESENTATION', 20, '', 'LESSON-4', 'NONE', 5, 'now','f');
INSERT INTO lesson_cmsession (lesson_id, cmsession_id) VALUES (3193, 532);
INSERT INTO lesson (id, type, duration, tags, title, subject, order_id, created_at, is_deleted) VALUES (3194,'PRESENTATION', 20, '', 'LESSON-5', 'NONE', 6, 'now','f');
INSERT INTO lesson_cmsession (lesson_id, cmsession_id) VALUES (3194, 532);
INSERT INTO cmsession (id, title, description, order_id, created_at, is_deleted) VALUES (533, 'Time Value of Money', 'Time Value of Money', 3, 'now', 'f');
INSERT INTO cmsession_module (cmsession_id, module_id) VALUES (533, 123);
INSERT INTO lesson (id, type, duration, tags, title, subject, order_id, created_at, is_deleted) VALUES (3195,'PRESENTATION', 20, '', 'LESSON-0', 'NONE', 1, 'now','f');
INSERT INTO lesson_cmsession (lesson_id, cmsession_id) VALUES (3195, 533);
INSERT INTO lesson (id, type, duration, tags, title, subject, order_id, created_at, is_deleted) VALUES (3196,'PRESENTATION', 20, '', 'LESSON-1', 'NONE', 2, 'now','f');
INSERT INTO lesson_cmsession (lesson_id, cmsession_id) VALUES (3196, 533);
INSERT INTO lesson (id, type, duration, tags, title, subject, order_id, created_at, is_deleted) VALUES (3197,'PRESENTATION', 20, '', 'LESSON-2', 'NONE', 3, 'now','f');
INSERT INTO lesson_cmsession (lesson_id, cmsession_id) VALUES (3197, 533);
INSERT INTO lesson (id, type, duration, tags, title, subject, order_id, created_at, is_deleted) VALUES (3198,'PRESENTATION', 20, '', 'LESSON-3', 'NONE', 4, 'now','f');
INSERT INTO lesson_cmsession (lesson_id, cmsession_id) VALUES (3198, 533);
INSERT INTO lesson (id, type, duration, tags, title, subject, order_id, created_at, is_deleted) VALUES (3199,'PRESENTATION', 20, '', 'LESSON-4', 'NONE', 5, 'now','f');
INSERT INTO lesson_cmsession (lesson_id, cmsession_id) VALUES (3199, 533);
INSERT INTO lesson (id, type, duration, tags, title, subject, order_id, created_at, is_deleted) VALUES (3200,'PRESENTATION', 20, '', 'LESSON-5', 'NONE', 6, 'now','f');
INSERT INTO lesson_cmsession (lesson_id, cmsession_id) VALUES (3200, 533);
INSERT INTO cmsession (id, title, description, order_id, created_at, is_deleted) VALUES (534, 'Time Value of Money', 'Time Value of Money', 4, 'now', 'f');
INSERT INTO cmsession_module (cmsession_id, module_id) VALUES (534, 123);
INSERT INTO lesson (id, type, duration, tags, title, subject, order_id, created_at, is_deleted) VALUES (3201,'PRESENTATION', 20, '', 'LESSON-0', 'NONE', 1, 'now','f');
INSERT INTO lesson_cmsession (lesson_id, cmsession_id) VALUES (3201, 534);
INSERT INTO lesson (id, type, duration, tags, title, subject, order_id, created_at, is_deleted) VALUES (3202,'PRESENTATION', 20, '', 'LESSON-1', 'NONE', 2, 'now','f');
INSERT INTO lesson_cmsession (lesson_id, cmsession_id) VALUES (3202, 534);
INSERT INTO lesson (id, type, duration, tags, title, subject, order_id, created_at, is_deleted) VALUES (3203,'PRESENTATION', 20, '', 'LESSON-2', 'NONE', 3, 'now','f');
INSERT INTO lesson_cmsession (lesson_id, cmsession_id) VALUES (3203, 534);
INSERT INTO lesson (id, type, duration, tags, title, subject, order_id, created_at, is_deleted) VALUES (3204,'PRESENTATION', 20, '', 'LESSON-3', 'NONE', 4, 'now','f');
INSERT INTO lesson_cmsession (lesson_id, cmsession_id) VALUES (3204, 534);
INSERT INTO lesson (id, type, duration, tags, title, subject, order_id, created_at, is_deleted) VALUES (3205,'PRESENTATION', 20, '', 'LESSON-4', 'NONE', 5, 'now','f');
INSERT INTO lesson_cmsession (lesson_id, cmsession_id) VALUES (3205, 534);
INSERT INTO lesson (id, type, duration, tags, title, subject, order_id, created_at, is_deleted) VALUES (3206,'PRESENTATION', 20, '', 'LESSON-5', 'NONE', 6, 'now','f');
INSERT INTO lesson_cmsession (lesson_id, cmsession_id) VALUES (3206, 534);
INSERT INTO cmsession (id, title, description, order_id, created_at, is_deleted) VALUES (535, 'Time Value of Money', 'Time Value of Money', 5, 'now', 'f');
INSERT INTO cmsession_module (cmsession_id, module_id) VALUES (535, 123);
INSERT INTO lesson (id, type, duration, tags, title, subject, order_id, created_at, is_deleted) VALUES (3207,'PRESENTATION', 20, '', 'LESSON-0', 'NONE', 1, 'now','f');
INSERT INTO lesson_cmsession (lesson_id, cmsession_id) VALUES (3207, 535);
INSERT INTO lesson (id, type, duration, tags, title, subject, order_id, created_at, is_deleted) VALUES (3208,'PRESENTATION', 20, '', 'LESSON-1', 'NONE', 2, 'now','f');
INSERT INTO lesson_cmsession (lesson_id, cmsession_id) VALUES (3208, 535);
INSERT INTO lesson (id, type, duration, tags, title, subject, order_id, created_at, is_deleted) VALUES (3209,'PRESENTATION', 20, '', 'LESSON-2', 'NONE', 3, 'now','f');
INSERT INTO lesson_cmsession (lesson_id, cmsession_id) VALUES (3209, 535);
INSERT INTO lesson (id, type, duration, tags, title, subject, order_id, created_at, is_deleted) VALUES (3210,'PRESENTATION', 20, '', 'LESSON-3', 'NONE', 4, 'now','f');
INSERT INTO lesson_cmsession (lesson_id, cmsession_id) VALUES (3210, 535);
INSERT INTO lesson (id, type, duration, tags, title, subject, order_id, created_at, is_deleted) VALUES (3211,'PRESENTATION', 20, '', 'LESSON-4', 'NONE', 5, 'now','f');
INSERT INTO lesson_cmsession (lesson_id, cmsession_id) VALUES (3211, 535);
INSERT INTO lesson (id, type, duration, tags, title, subject, order_id, created_at, is_deleted) VALUES (3212,'PRESENTATION', 20, '', 'LESSON-5', 'NONE', 6, 'now','f');
INSERT INTO lesson_cmsession (lesson_id, cmsession_id) VALUES (3212, 535);
INSERT INTO module (id, module_name, order_id, is_deleted) VALUES (124, 'Permutation and Combination', 13, 'f');
INSERT INTO module_course (module_id, course_id) VALUES (124, 11);
INSERT INTO cmsession (id, title, description, order_id, created_at, is_deleted) VALUES (536, 'Permutation and Combination', 'Permutation and Combination', 1, 'now', 'f');
INSERT INTO cmsession_module (cmsession_id, module_id) VALUES (536, 124);
INSERT INTO lesson (id, type, duration, tags, title, subject, order_id, created_at, is_deleted) VALUES (3213,'PRESENTATION', 20, '', 'LESSON-0', 'NONE', 1, 'now','f');
INSERT INTO lesson_cmsession (lesson_id, cmsession_id) VALUES (3213, 536);
INSERT INTO lesson (id, type, duration, tags, title, subject, order_id, created_at, is_deleted) VALUES (3214,'PRESENTATION', 20, '', 'LESSON-1', 'NONE', 2, 'now','f');
INSERT INTO lesson_cmsession (lesson_id, cmsession_id) VALUES (3214, 536);
INSERT INTO lesson (id, type, duration, tags, title, subject, order_id, created_at, is_deleted) VALUES (3215,'PRESENTATION', 20, '', 'LESSON-2', 'NONE', 3, 'now','f');
INSERT INTO lesson_cmsession (lesson_id, cmsession_id) VALUES (3215, 536);
INSERT INTO lesson (id, type, duration, tags, title, subject, order_id, created_at, is_deleted) VALUES (3216,'PRESENTATION', 20, '', 'LESSON-3', 'NONE', 4, 'now','f');
INSERT INTO lesson_cmsession (lesson_id, cmsession_id) VALUES (3216, 536);
INSERT INTO lesson (id, type, duration, tags, title, subject, order_id, created_at, is_deleted) VALUES (3217,'PRESENTATION', 20, '', 'LESSON-4', 'NONE', 5, 'now','f');
INSERT INTO lesson_cmsession (lesson_id, cmsession_id) VALUES (3217, 536);
INSERT INTO lesson (id, type, duration, tags, title, subject, order_id, created_at, is_deleted) VALUES (3218,'PRESENTATION', 20, '', 'LESSON-5', 'NONE', 6, 'now','f');
INSERT INTO lesson_cmsession (lesson_id, cmsession_id) VALUES (3218, 536);
INSERT INTO cmsession (id, title, description, order_id, created_at, is_deleted) VALUES (537, 'Permutation and Combination', 'Permutation and Combination', 2, 'now', 'f');
INSERT INTO cmsession_module (cmsession_id, module_id) VALUES (537, 124);
INSERT INTO lesson (id, type, duration, tags, title, subject, order_id, created_at, is_deleted) VALUES (3219,'PRESENTATION', 20, '', 'LESSON-0', 'NONE', 1, 'now','f');
INSERT INTO lesson_cmsession (lesson_id, cmsession_id) VALUES (3219, 537);
INSERT INTO lesson (id, type, duration, tags, title, subject, order_id, created_at, is_deleted) VALUES (3220,'PRESENTATION', 20, '', 'LESSON-1', 'NONE', 2, 'now','f');
INSERT INTO lesson_cmsession (lesson_id, cmsession_id) VALUES (3220, 537);
INSERT INTO lesson (id, type, duration, tags, title, subject, order_id, created_at, is_deleted) VALUES (3221,'PRESENTATION', 20, '', 'LESSON-2', 'NONE', 3, 'now','f');
INSERT INTO lesson_cmsession (lesson_id, cmsession_id) VALUES (3221, 537);
INSERT INTO lesson (id, type, duration, tags, title, subject, order_id, created_at, is_deleted) VALUES (3222,'PRESENTATION', 20, '', 'LESSON-3', 'NONE', 4, 'now','f');
INSERT INTO lesson_cmsession (lesson_id, cmsession_id) VALUES (3222, 537);
INSERT INTO lesson (id, type, duration, tags, title, subject, order_id, created_at, is_deleted) VALUES (3223,'PRESENTATION', 20, '', 'LESSON-4', 'NONE', 5, 'now','f');
INSERT INTO lesson_cmsession (lesson_id, cmsession_id) VALUES (3223, 537);
INSERT INTO lesson (id, type, duration, tags, title, subject, order_id, created_at, is_deleted) VALUES (3224,'PRESENTATION', 20, '', 'LESSON-5', 'NONE', 6, 'now','f');
INSERT INTO lesson_cmsession (lesson_id, cmsession_id) VALUES (3224, 537);
INSERT INTO cmsession (id, title, description, order_id, created_at, is_deleted) VALUES (538, 'Permutation and Combination', 'Permutation and Combination', 3, 'now', 'f');
INSERT INTO cmsession_module (cmsession_id, module_id) VALUES (538, 124);
INSERT INTO lesson (id, type, duration, tags, title, subject, order_id, created_at, is_deleted) VALUES (3225,'PRESENTATION', 20, '', 'LESSON-0', 'NONE', 1, 'now','f');
INSERT INTO lesson_cmsession (lesson_id, cmsession_id) VALUES (3225, 538);
INSERT INTO lesson (id, type, duration, tags, title, subject, order_id, created_at, is_deleted) VALUES (3226,'PRESENTATION', 20, '', 'LESSON-1', 'NONE', 2, 'now','f');
INSERT INTO lesson_cmsession (lesson_id, cmsession_id) VALUES (3226, 538);
INSERT INTO lesson (id, type, duration, tags, title, subject, order_id, created_at, is_deleted) VALUES (3227,'PRESENTATION', 20, '', 'LESSON-2', 'NONE', 3, 'now','f');
INSERT INTO lesson_cmsession (lesson_id, cmsession_id) VALUES (3227, 538);
INSERT INTO lesson (id, type, duration, tags, title, subject, order_id, created_at, is_deleted) VALUES (3228,'PRESENTATION', 20, '', 'LESSON-3', 'NONE', 4, 'now','f');
INSERT INTO lesson_cmsession (lesson_id, cmsession_id) VALUES (3228, 538);
INSERT INTO lesson (id, type, duration, tags, title, subject, order_id, created_at, is_deleted) VALUES (3229,'PRESENTATION', 20, '', 'LESSON-4', 'NONE', 5, 'now','f');
INSERT INTO lesson_cmsession (lesson_id, cmsession_id) VALUES (3229, 538);
INSERT INTO lesson (id, type, duration, tags, title, subject, order_id, created_at, is_deleted) VALUES (3230,'PRESENTATION', 20, '', 'LESSON-5', 'NONE', 6, 'now','f');
INSERT INTO lesson_cmsession (lesson_id, cmsession_id) VALUES (3230, 538);
INSERT INTO cmsession (id, title, description, order_id, created_at, is_deleted) VALUES (539, 'Permutation and Combination', 'Permutation and Combination', 4, 'now', 'f');
INSERT INTO cmsession_module (cmsession_id, module_id) VALUES (539, 124);
INSERT INTO lesson (id, type, duration, tags, title, subject, order_id, created_at, is_deleted) VALUES (3231,'PRESENTATION', 20, '', 'LESSON-0', 'NONE', 1, 'now','f');
INSERT INTO lesson_cmsession (lesson_id, cmsession_id) VALUES (3231, 539);
INSERT INTO lesson (id, type, duration, tags, title, subject, order_id, created_at, is_deleted) VALUES (3232,'PRESENTATION', 20, '', 'LESSON-1', 'NONE', 2, 'now','f');
INSERT INTO lesson_cmsession (lesson_id, cmsession_id) VALUES (3232, 539);
INSERT INTO lesson (id, type, duration, tags, title, subject, order_id, created_at, is_deleted) VALUES (3233,'PRESENTATION', 20, '', 'LESSON-2', 'NONE', 3, 'now','f');
INSERT INTO lesson_cmsession (lesson_id, cmsession_id) VALUES (3233, 539);
INSERT INTO lesson (id, type, duration, tags, title, subject, order_id, created_at, is_deleted) VALUES (3234,'PRESENTATION', 20, '', 'LESSON-3', 'NONE', 4, 'now','f');
INSERT INTO lesson_cmsession (lesson_id, cmsession_id) VALUES (3234, 539);
INSERT INTO lesson (id, type, duration, tags, title, subject, order_id, created_at, is_deleted) VALUES (3235,'PRESENTATION', 20, '', 'LESSON-4', 'NONE', 5, 'now','f');
INSERT INTO lesson_cmsession (lesson_id, cmsession_id) VALUES (3235, 539);
INSERT INTO lesson (id, type, duration, tags, title, subject, order_id, created_at, is_deleted) VALUES (3236,'PRESENTATION', 20, '', 'LESSON-5', 'NONE', 6, 'now','f');
INSERT INTO lesson_cmsession (lesson_id, cmsession_id) VALUES (3236, 539);
INSERT INTO module (id, module_name, order_id, is_deleted) VALUES (125, 'Progressions', 14, 'f');
INSERT INTO module_course (module_id, course_id) VALUES (125, 11);
INSERT INTO cmsession (id, title, description, order_id, created_at, is_deleted) VALUES (540, 'Progressions', 'Progressions', 1, 'now', 'f');
INSERT INTO cmsession_module (cmsession_id, module_id) VALUES (540, 125);
INSERT INTO lesson (id, type, duration, tags, title, subject, order_id, created_at, is_deleted) VALUES (3237,'PRESENTATION', 20, '', 'LESSON-0', 'NONE', 1, 'now','f');
INSERT INTO lesson_cmsession (lesson_id, cmsession_id) VALUES (3237, 540);
INSERT INTO lesson (id, type, duration, tags, title, subject, order_id, created_at, is_deleted) VALUES (3238,'PRESENTATION', 20, '', 'LESSON-1', 'NONE', 2, 'now','f');
INSERT INTO lesson_cmsession (lesson_id, cmsession_id) VALUES (3238, 540);
INSERT INTO lesson (id, type, duration, tags, title, subject, order_id, created_at, is_deleted) VALUES (3239,'PRESENTATION', 20, '', 'LESSON-2', 'NONE', 3, 'now','f');
INSERT INTO lesson_cmsession (lesson_id, cmsession_id) VALUES (3239, 540);
INSERT INTO lesson (id, type, duration, tags, title, subject, order_id, created_at, is_deleted) VALUES (3240,'PRESENTATION', 20, '', 'LESSON-3', 'NONE', 4, 'now','f');
INSERT INTO lesson_cmsession (lesson_id, cmsession_id) VALUES (3240, 540);
INSERT INTO lesson (id, type, duration, tags, title, subject, order_id, created_at, is_deleted) VALUES (3241,'PRESENTATION', 20, '', 'LESSON-4', 'NONE', 5, 'now','f');
INSERT INTO lesson_cmsession (lesson_id, cmsession_id) VALUES (3241, 540);
INSERT INTO lesson (id, type, duration, tags, title, subject, order_id, created_at, is_deleted) VALUES (3242,'PRESENTATION', 20, '', 'LESSON-5', 'NONE', 6, 'now','f');
INSERT INTO lesson_cmsession (lesson_id, cmsession_id) VALUES (3242, 540);
INSERT INTO cmsession (id, title, description, order_id, created_at, is_deleted) VALUES (541, 'Progressions', 'Progressions', 2, 'now', 'f');
INSERT INTO cmsession_module (cmsession_id, module_id) VALUES (541, 125);
INSERT INTO lesson (id, type, duration, tags, title, subject, order_id, created_at, is_deleted) VALUES (3243,'PRESENTATION', 20, '', 'LESSON-0', 'NONE', 1, 'now','f');
INSERT INTO lesson_cmsession (lesson_id, cmsession_id) VALUES (3243, 541);
INSERT INTO lesson (id, type, duration, tags, title, subject, order_id, created_at, is_deleted) VALUES (3244,'PRESENTATION', 20, '', 'LESSON-1', 'NONE', 2, 'now','f');
INSERT INTO lesson_cmsession (lesson_id, cmsession_id) VALUES (3244, 541);
INSERT INTO lesson (id, type, duration, tags, title, subject, order_id, created_at, is_deleted) VALUES (3245,'PRESENTATION', 20, '', 'LESSON-2', 'NONE', 3, 'now','f');
INSERT INTO lesson_cmsession (lesson_id, cmsession_id) VALUES (3245, 541);
INSERT INTO lesson (id, type, duration, tags, title, subject, order_id, created_at, is_deleted) VALUES (3246,'PRESENTATION', 20, '', 'LESSON-3', 'NONE', 4, 'now','f');
INSERT INTO lesson_cmsession (lesson_id, cmsession_id) VALUES (3246, 541);
INSERT INTO lesson (id, type, duration, tags, title, subject, order_id, created_at, is_deleted) VALUES (3247,'PRESENTATION', 20, '', 'LESSON-4', 'NONE', 5, 'now','f');
INSERT INTO lesson_cmsession (lesson_id, cmsession_id) VALUES (3247, 541);
INSERT INTO lesson (id, type, duration, tags, title, subject, order_id, created_at, is_deleted) VALUES (3248,'PRESENTATION', 20, '', 'LESSON-5', 'NONE', 6, 'now','f');
INSERT INTO lesson_cmsession (lesson_id, cmsession_id) VALUES (3248, 541);
INSERT INTO cmsession (id, title, description, order_id, created_at, is_deleted) VALUES (542, 'Progressions', 'Progressions', 3, 'now', 'f');
INSERT INTO cmsession_module (cmsession_id, module_id) VALUES (542, 125);
INSERT INTO lesson (id, type, duration, tags, title, subject, order_id, created_at, is_deleted) VALUES (3249,'PRESENTATION', 20, '', 'LESSON-0', 'NONE', 1, 'now','f');
INSERT INTO lesson_cmsession (lesson_id, cmsession_id) VALUES (3249, 542);
INSERT INTO lesson (id, type, duration, tags, title, subject, order_id, created_at, is_deleted) VALUES (3250,'PRESENTATION', 20, '', 'LESSON-1', 'NONE', 2, 'now','f');
INSERT INTO lesson_cmsession (lesson_id, cmsession_id) VALUES (3250, 542);
INSERT INTO lesson (id, type, duration, tags, title, subject, order_id, created_at, is_deleted) VALUES (3251,'PRESENTATION', 20, '', 'LESSON-2', 'NONE', 3, 'now','f');
INSERT INTO lesson_cmsession (lesson_id, cmsession_id) VALUES (3251, 542);
INSERT INTO lesson (id, type, duration, tags, title, subject, order_id, created_at, is_deleted) VALUES (3252,'PRESENTATION', 20, '', 'LESSON-3', 'NONE', 4, 'now','f');
INSERT INTO lesson_cmsession (lesson_id, cmsession_id) VALUES (3252, 542);
INSERT INTO lesson (id, type, duration, tags, title, subject, order_id, created_at, is_deleted) VALUES (3253,'PRESENTATION', 20, '', 'LESSON-4', 'NONE', 5, 'now','f');
INSERT INTO lesson_cmsession (lesson_id, cmsession_id) VALUES (3253, 542);
INSERT INTO lesson (id, type, duration, tags, title, subject, order_id, created_at, is_deleted) VALUES (3254,'PRESENTATION', 20, '', 'LESSON-5', 'NONE', 6, 'now','f');
INSERT INTO lesson_cmsession (lesson_id, cmsession_id) VALUES (3254, 542);
INSERT INTO cmsession (id, title, description, order_id, created_at, is_deleted) VALUES (543, 'Progressions', 'Progressions', 4, 'now', 'f');
INSERT INTO cmsession_module (cmsession_id, module_id) VALUES (543, 125);
INSERT INTO lesson (id, type, duration, tags, title, subject, order_id, created_at, is_deleted) VALUES (3255,'PRESENTATION', 20, '', 'LESSON-0', 'NONE', 1, 'now','f');
INSERT INTO lesson_cmsession (lesson_id, cmsession_id) VALUES (3255, 543);
INSERT INTO lesson (id, type, duration, tags, title, subject, order_id, created_at, is_deleted) VALUES (3256,'PRESENTATION', 20, '', 'LESSON-1', 'NONE', 2, 'now','f');
INSERT INTO lesson_cmsession (lesson_id, cmsession_id) VALUES (3256, 543);
INSERT INTO lesson (id, type, duration, tags, title, subject, order_id, created_at, is_deleted) VALUES (3257,'PRESENTATION', 20, '', 'LESSON-2', 'NONE', 3, 'now','f');
INSERT INTO lesson_cmsession (lesson_id, cmsession_id) VALUES (3257, 543);
INSERT INTO lesson (id, type, duration, tags, title, subject, order_id, created_at, is_deleted) VALUES (3258,'PRESENTATION', 20, '', 'LESSON-3', 'NONE', 4, 'now','f');
INSERT INTO lesson_cmsession (lesson_id, cmsession_id) VALUES (3258, 543);
INSERT INTO lesson (id, type, duration, tags, title, subject, order_id, created_at, is_deleted) VALUES (3259,'PRESENTATION', 20, '', 'LESSON-4', 'NONE', 5, 'now','f');
INSERT INTO lesson_cmsession (lesson_id, cmsession_id) VALUES (3259, 543);
INSERT INTO lesson (id, type, duration, tags, title, subject, order_id, created_at, is_deleted) VALUES (3260,'PRESENTATION', 20, '', 'LESSON-5', 'NONE', 6, 'now','f');
INSERT INTO lesson_cmsession (lesson_id, cmsession_id) VALUES (3260, 543);
INSERT INTO module (id, module_name, order_id, is_deleted) VALUES (126, 'Matrices and determinants', 15, 'f');
INSERT INTO module_course (module_id, course_id) VALUES (126, 11);
INSERT INTO cmsession (id, title, description, order_id, created_at, is_deleted) VALUES (544, 'Matrices and determinants', 'Matrices and determinants', 1, 'now', 'f');
INSERT INTO cmsession_module (cmsession_id, module_id) VALUES (544, 126);
INSERT INTO lesson (id, type, duration, tags, title, subject, order_id, created_at, is_deleted) VALUES (3261,'PRESENTATION', 20, '', 'LESSON-0', 'NONE', 1, 'now','f');
INSERT INTO lesson_cmsession (lesson_id, cmsession_id) VALUES (3261, 544);
INSERT INTO lesson (id, type, duration, tags, title, subject, order_id, created_at, is_deleted) VALUES (3262,'PRESENTATION', 20, '', 'LESSON-1', 'NONE', 2, 'now','f');
INSERT INTO lesson_cmsession (lesson_id, cmsession_id) VALUES (3262, 544);
INSERT INTO lesson (id, type, duration, tags, title, subject, order_id, created_at, is_deleted) VALUES (3263,'PRESENTATION', 20, '', 'LESSON-2', 'NONE', 3, 'now','f');
INSERT INTO lesson_cmsession (lesson_id, cmsession_id) VALUES (3263, 544);
INSERT INTO lesson (id, type, duration, tags, title, subject, order_id, created_at, is_deleted) VALUES (3264,'PRESENTATION', 20, '', 'LESSON-3', 'NONE', 4, 'now','f');
INSERT INTO lesson_cmsession (lesson_id, cmsession_id) VALUES (3264, 544);
INSERT INTO lesson (id, type, duration, tags, title, subject, order_id, created_at, is_deleted) VALUES (3265,'PRESENTATION', 20, '', 'LESSON-4', 'NONE', 5, 'now','f');
INSERT INTO lesson_cmsession (lesson_id, cmsession_id) VALUES (3265, 544);
INSERT INTO lesson (id, type, duration, tags, title, subject, order_id, created_at, is_deleted) VALUES (3266,'PRESENTATION', 20, '', 'LESSON-5', 'NONE', 6, 'now','f');
INSERT INTO lesson_cmsession (lesson_id, cmsession_id) VALUES (3266, 544);
INSERT INTO cmsession (id, title, description, order_id, created_at, is_deleted) VALUES (545, 'Matrices and determinants', 'Matrices and determinants', 2, 'now', 'f');
INSERT INTO cmsession_module (cmsession_id, module_id) VALUES (545, 126);
INSERT INTO lesson (id, type, duration, tags, title, subject, order_id, created_at, is_deleted) VALUES (3267,'PRESENTATION', 20, '', 'LESSON-0', 'NONE', 1, 'now','f');
INSERT INTO lesson_cmsession (lesson_id, cmsession_id) VALUES (3267, 545);
INSERT INTO lesson (id, type, duration, tags, title, subject, order_id, created_at, is_deleted) VALUES (3268,'PRESENTATION', 20, '', 'LESSON-1', 'NONE', 2, 'now','f');
INSERT INTO lesson_cmsession (lesson_id, cmsession_id) VALUES (3268, 545);
INSERT INTO lesson (id, type, duration, tags, title, subject, order_id, created_at, is_deleted) VALUES (3269,'PRESENTATION', 20, '', 'LESSON-2', 'NONE', 3, 'now','f');
INSERT INTO lesson_cmsession (lesson_id, cmsession_id) VALUES (3269, 545);
INSERT INTO lesson (id, type, duration, tags, title, subject, order_id, created_at, is_deleted) VALUES (3270,'PRESENTATION', 20, '', 'LESSON-3', 'NONE', 4, 'now','f');
INSERT INTO lesson_cmsession (lesson_id, cmsession_id) VALUES (3270, 545);
INSERT INTO lesson (id, type, duration, tags, title, subject, order_id, created_at, is_deleted) VALUES (3271,'PRESENTATION', 20, '', 'LESSON-4', 'NONE', 5, 'now','f');
INSERT INTO lesson_cmsession (lesson_id, cmsession_id) VALUES (3271, 545);
INSERT INTO lesson (id, type, duration, tags, title, subject, order_id, created_at, is_deleted) VALUES (3272,'PRESENTATION', 20, '', 'LESSON-5', 'NONE', 6, 'now','f');
INSERT INTO lesson_cmsession (lesson_id, cmsession_id) VALUES (3272, 545);
INSERT INTO cmsession (id, title, description, order_id, created_at, is_deleted) VALUES (546, 'Matrices and determinants', 'Matrices and determinants', 3, 'now', 'f');
INSERT INTO cmsession_module (cmsession_id, module_id) VALUES (546, 126);
INSERT INTO lesson (id, type, duration, tags, title, subject, order_id, created_at, is_deleted) VALUES (3273,'PRESENTATION', 20, '', 'LESSON-0', 'NONE', 1, 'now','f');
INSERT INTO lesson_cmsession (lesson_id, cmsession_id) VALUES (3273, 546);
INSERT INTO lesson (id, type, duration, tags, title, subject, order_id, created_at, is_deleted) VALUES (3274,'PRESENTATION', 20, '', 'LESSON-1', 'NONE', 2, 'now','f');
INSERT INTO lesson_cmsession (lesson_id, cmsession_id) VALUES (3274, 546);
INSERT INTO lesson (id, type, duration, tags, title, subject, order_id, created_at, is_deleted) VALUES (3275,'PRESENTATION', 20, '', 'LESSON-2', 'NONE', 3, 'now','f');
INSERT INTO lesson_cmsession (lesson_id, cmsession_id) VALUES (3275, 546);
INSERT INTO lesson (id, type, duration, tags, title, subject, order_id, created_at, is_deleted) VALUES (3276,'PRESENTATION', 20, '', 'LESSON-3', 'NONE', 4, 'now','f');
INSERT INTO lesson_cmsession (lesson_id, cmsession_id) VALUES (3276, 546);
INSERT INTO lesson (id, type, duration, tags, title, subject, order_id, created_at, is_deleted) VALUES (3277,'PRESENTATION', 20, '', 'LESSON-4', 'NONE', 5, 'now','f');
INSERT INTO lesson_cmsession (lesson_id, cmsession_id) VALUES (3277, 546);
INSERT INTO lesson (id, type, duration, tags, title, subject, order_id, created_at, is_deleted) VALUES (3278,'PRESENTATION', 20, '', 'LESSON-5', 'NONE', 6, 'now','f');
INSERT INTO lesson_cmsession (lesson_id, cmsession_id) VALUES (3278, 546);
INSERT INTO cmsession (id, title, description, order_id, created_at, is_deleted) VALUES (547, 'Matrices and determinants', 'Matrices and determinants', 4, 'now', 'f');
INSERT INTO cmsession_module (cmsession_id, module_id) VALUES (547, 126);
INSERT INTO lesson (id, type, duration, tags, title, subject, order_id, created_at, is_deleted) VALUES (3279,'PRESENTATION', 20, '', 'LESSON-0', 'NONE', 1, 'now','f');
INSERT INTO lesson_cmsession (lesson_id, cmsession_id) VALUES (3279, 547);
INSERT INTO lesson (id, type, duration, tags, title, subject, order_id, created_at, is_deleted) VALUES (3280,'PRESENTATION', 20, '', 'LESSON-1', 'NONE', 2, 'now','f');
INSERT INTO lesson_cmsession (lesson_id, cmsession_id) VALUES (3280, 547);
INSERT INTO lesson (id, type, duration, tags, title, subject, order_id, created_at, is_deleted) VALUES (3281,'PRESENTATION', 20, '', 'LESSON-2', 'NONE', 3, 'now','f');
INSERT INTO lesson_cmsession (lesson_id, cmsession_id) VALUES (3281, 547);
INSERT INTO lesson (id, type, duration, tags, title, subject, order_id, created_at, is_deleted) VALUES (3282,'PRESENTATION', 20, '', 'LESSON-3', 'NONE', 4, 'now','f');
INSERT INTO lesson_cmsession (lesson_id, cmsession_id) VALUES (3282, 547);
INSERT INTO lesson (id, type, duration, tags, title, subject, order_id, created_at, is_deleted) VALUES (3283,'PRESENTATION', 20, '', 'LESSON-4', 'NONE', 5, 'now','f');
INSERT INTO lesson_cmsession (lesson_id, cmsession_id) VALUES (3283, 547);
INSERT INTO lesson (id, type, duration, tags, title, subject, order_id, created_at, is_deleted) VALUES (3284,'PRESENTATION', 20, '', 'LESSON-5', 'NONE', 6, 'now','f');
INSERT INTO lesson_cmsession (lesson_id, cmsession_id) VALUES (3284, 547);
INSERT INTO cmsession (id, title, description, order_id, created_at, is_deleted) VALUES (548, 'Matrices and determinants', 'Matrices and determinants', 5, 'now', 'f');
INSERT INTO cmsession_module (cmsession_id, module_id) VALUES (548, 126);
INSERT INTO lesson (id, type, duration, tags, title, subject, order_id, created_at, is_deleted) VALUES (3285,'PRESENTATION', 20, '', 'LESSON-0', 'NONE', 1, 'now','f');
INSERT INTO lesson_cmsession (lesson_id, cmsession_id) VALUES (3285, 548);
INSERT INTO lesson (id, type, duration, tags, title, subject, order_id, created_at, is_deleted) VALUES (3286,'PRESENTATION', 20, '', 'LESSON-1', 'NONE', 2, 'now','f');
INSERT INTO lesson_cmsession (lesson_id, cmsession_id) VALUES (3286, 548);
INSERT INTO lesson (id, type, duration, tags, title, subject, order_id, created_at, is_deleted) VALUES (3287,'PRESENTATION', 20, '', 'LESSON-2', 'NONE', 3, 'now','f');
INSERT INTO lesson_cmsession (lesson_id, cmsession_id) VALUES (3287, 548);
INSERT INTO lesson (id, type, duration, tags, title, subject, order_id, created_at, is_deleted) VALUES (3288,'PRESENTATION', 20, '', 'LESSON-3', 'NONE', 4, 'now','f');
INSERT INTO lesson_cmsession (lesson_id, cmsession_id) VALUES (3288, 548);
INSERT INTO lesson (id, type, duration, tags, title, subject, order_id, created_at, is_deleted) VALUES (3289,'PRESENTATION', 20, '', 'LESSON-4', 'NONE', 5, 'now','f');
INSERT INTO lesson_cmsession (lesson_id, cmsession_id) VALUES (3289, 548);
INSERT INTO lesson (id, type, duration, tags, title, subject, order_id, created_at, is_deleted) VALUES (3290,'PRESENTATION', 20, '', 'LESSON-5', 'NONE', 6, 'now','f');
INSERT INTO lesson_cmsession (lesson_id, cmsession_id) VALUES (3290, 548);
INSERT INTO cmsession (id, title, description, order_id, created_at, is_deleted) VALUES (549, 'Matrices and determinants', 'Matrices and determinants', 6, 'now', 'f');
INSERT INTO cmsession_module (cmsession_id, module_id) VALUES (549, 126);
INSERT INTO lesson (id, type, duration, tags, title, subject, order_id, created_at, is_deleted) VALUES (3291,'PRESENTATION', 20, '', 'LESSON-0', 'NONE', 1, 'now','f');
INSERT INTO lesson_cmsession (lesson_id, cmsession_id) VALUES (3291, 549);
INSERT INTO lesson (id, type, duration, tags, title, subject, order_id, created_at, is_deleted) VALUES (3292,'PRESENTATION', 20, '', 'LESSON-1', 'NONE', 2, 'now','f');
INSERT INTO lesson_cmsession (lesson_id, cmsession_id) VALUES (3292, 549);
INSERT INTO lesson (id, type, duration, tags, title, subject, order_id, created_at, is_deleted) VALUES (3293,'PRESENTATION', 20, '', 'LESSON-2', 'NONE', 3, 'now','f');
INSERT INTO lesson_cmsession (lesson_id, cmsession_id) VALUES (3293, 549);
INSERT INTO lesson (id, type, duration, tags, title, subject, order_id, created_at, is_deleted) VALUES (3294,'PRESENTATION', 20, '', 'LESSON-3', 'NONE', 4, 'now','f');
INSERT INTO lesson_cmsession (lesson_id, cmsession_id) VALUES (3294, 549);
INSERT INTO course (id, course_name, course_description, tags, created_at) VALUES (12, 'Market Research', 'The course on market research will let the learners be well versed in how to plan and carry out a market research. It will help the students identify and formulate research problems, carry out a research and derive conclusive theories based on the findings.', NULL, 'now');
INSERT INTO module (id, module_name, order_id, is_deleted) VALUES (127, 'Introduction to market research', 1, 'f');
INSERT INTO module_course (module_id, course_id) VALUES (127, 12);
INSERT INTO cmsession (id, title, description, order_id, created_at, is_deleted) VALUES (550, '01_Need for market research', 'In this session the students will understand the meaning and importance of market research with the help of case studies.', 1, 'now', 'f');
INSERT INTO cmsession_module (cmsession_id, module_id) VALUES (550, 127);
INSERT INTO lesson (id, type, duration, tags, title, subject, order_id, created_at, is_deleted) VALUES (3297,'PRESENTATION', 20, 'introduction to market research', '01_introduction to market research', 'banking-1', 1, 'now','f');
INSERT INTO lesson_cmsession (lesson_id, cmsession_id) VALUES (3297, 550);
INSERT INTO cmsession (id, title, description, order_id, created_at, is_deleted) VALUES (551, '02_Need for market research', 'In this session the students will understand the meaning and scope of market research.', 2, 'now', 'f');
INSERT INTO cmsession_module (cmsession_id, module_id) VALUES (551, 127);
INSERT INTO lesson (id, type, duration, tags, title, subject, order_id, created_at, is_deleted) VALUES (3303,'PRESENTATION', 20, 'introduction to market research', '02_need for market research', 'banking-1', 1, 'now','f');
INSERT INTO lesson_cmsession (lesson_id, cmsession_id) VALUES (3303, 551);
INSERT INTO module (id, module_name, order_id, is_deleted) VALUES (128, 'Types of research', 2, 'f');
INSERT INTO module_course (module_id, course_id) VALUES (128, 12);
INSERT INTO cmsession (id, title, description, order_id, created_at, is_deleted) VALUES (552, '03_Surveys', 'In this session students will understand how to create and run surveys.', 1, 'now', 'f');
INSERT INTO cmsession_module (cmsession_id, module_id) VALUES (552, 128);
INSERT INTO lesson (id, type, duration, tags, title, subject, order_id, created_at, is_deleted) VALUES (3310,'PRESENTATION', 20, 'Surveys', '03_Surveys', 'banking-1', 1, 'now','f');
INSERT INTO lesson_cmsession (lesson_id, cmsession_id) VALUES (3310, 552);
INSERT INTO cmsession (id, title, description, order_id, created_at, is_deleted) VALUES (553, '04_Surveys', 'In this session students will understand how to create and run surveys.', 2, 'now', 'f');
INSERT INTO cmsession_module (cmsession_id, module_id) VALUES (553, 128);
INSERT INTO lesson (id, type, duration, tags, title, subject, order_id, created_at, is_deleted) VALUES (3315,'PRESENTATION', 20, '', '04_Surveys', 'none', 1, 'now','f');
INSERT INTO lesson_cmsession (lesson_id, cmsession_id) VALUES (3315, 553);
INSERT INTO cmsession (id, title, description, order_id, created_at, is_deleted) VALUES (554, '05_Focus groups', 'In this session students will understand how to create and run a focus group.', 3, 'now', 'f');
INSERT INTO cmsession_module (cmsession_id, module_id) VALUES (554, 128);
INSERT INTO lesson (id, type, duration, tags, title, subject, order_id, created_at, is_deleted) VALUES (3324,'PRESENTATION', 20, '', '05_Focus Groups', 'none', 2, 'now','f');
INSERT INTO lesson_cmsession (lesson_id, cmsession_id) VALUES (3324, 554);
INSERT INTO cmsession (id, title, description, order_id, created_at, is_deleted) VALUES (555, '06_Focus groups', 'In this session students will understand how to create and run a focus group.', 4, 'now', 'f');
INSERT INTO cmsession_module (cmsession_id, module_id) VALUES (555, 128);
INSERT INTO lesson (id, type, duration, tags, title, subject, order_id, created_at, is_deleted) VALUES (3327,'PRESENTATION', 20, 'Focus Groups', '06_Focus Groups', 'banking-1', 1, 'now','f');
INSERT INTO lesson_cmsession (lesson_id, cmsession_id) VALUES (3327, 555);
INSERT INTO module (id, module_name, order_id, is_deleted) VALUES (129, 'Types of data', 3, 'f');
INSERT INTO module_course (module_id, course_id) VALUES (129, 12);
INSERT INTO cmsession (id, title, description, order_id, created_at, is_deleted) VALUES (556, '07_Secondary research', 'In this session the students will understand the meaning of secondary research and its importance', 1, 'now', 'f');
INSERT INTO cmsession_module (cmsession_id, module_id) VALUES (556, 129);
INSERT INTO lesson (id, type, duration, tags, title, subject, order_id, created_at, is_deleted) VALUES (3333,'PRESENTATION', 20, 'secondary research', '07_secondary research', 'banking-1', 1, 'now','f');
INSERT INTO lesson_cmsession (lesson_id, cmsession_id) VALUES (3333, 556);
INSERT INTO cmsession (id, title, description, order_id, created_at, is_deleted) VALUES (557, '08_Secondary research', 'In this session the students will understand the meaning of secondary research and its importance.', 2, 'now', 'f');
INSERT INTO cmsession_module (cmsession_id, module_id) VALUES (557, 129);
INSERT INTO lesson (id, type, duration, tags, title, subject, order_id, created_at, is_deleted) VALUES (3339,'PRESENTATION', 20, '', '08_Secondary research', 'none', 1, 'now','f');
INSERT INTO lesson_cmsession (lesson_id, cmsession_id) VALUES (3339, 557);
INSERT INTO module (id, module_name, order_id, is_deleted) VALUES (130, 'Analysis of research', 4, 'f');
INSERT INTO module_course (module_id, course_id) VALUES (130, 12);
INSERT INTO cmsession (id, title, description, order_id, created_at, is_deleted) VALUES (558, '09_Analysis of research', 'In this session the students will learn how data can be analysed, the techniques of data analysis.', 1, 'now', 'f');
INSERT INTO cmsession_module (cmsession_id, module_id) VALUES (558, 130);
INSERT INTO lesson (id, type, duration, tags, title, subject, order_id, created_at, is_deleted) VALUES (3346,'PRESENTATION', 20, '', '09_Analysis of Data', 'none', 2, 'now','f');
INSERT INTO lesson_cmsession (lesson_id, cmsession_id) VALUES (3346, 558);
INSERT INTO cmsession (id, title, description, order_id, created_at, is_deleted) VALUES (559, '10_Analysis of research', 'In this session the students will learn how data can be analysed, the techniques of data analysis.', 2, 'now', 'f');
INSERT INTO cmsession_module (cmsession_id, module_id) VALUES (559, 130);
INSERT INTO lesson (id, type, duration, tags, title, subject, order_id, created_at, is_deleted) VALUES (3351,'PRESENTATION', 20, '', '10_Analysis of Data', 'none', 1, 'now','f');
INSERT INTO lesson_cmsession (lesson_id, cmsession_id) VALUES (3351, 559);
INSERT INTO module (id, module_name, order_id, is_deleted) VALUES (131, 'Digital market research', 5, 'f');
INSERT INTO module_course (module_id, course_id) VALUES (131, 12);
INSERT INTO cmsession (id, title, description, order_id, created_at, is_deleted) VALUES (560, '11_Google forms and survey monkey', 'In this session the students will understand how to carry out digital research using google forms and survey monkey', 1, 'now', 'f');
INSERT INTO cmsession_module (cmsession_id, module_id) VALUES (560, 131);
INSERT INTO lesson (id, type, duration, tags, title, subject, order_id, created_at, is_deleted) VALUES (3357,'PRESENTATION', 20, '', '11_Digital Research', 'none', 1, 'now','f');
INSERT INTO lesson_cmsession (lesson_id, cmsession_id) VALUES (3357, 560);
INSERT INTO lesson (id, type, duration, tags, title, subject, order_id, created_at, is_deleted) VALUES (3358,'PRESENTATION', 20, '', '11_Assessment_Digital Research', 'none', 3, 'now','f');
INSERT INTO lesson_cmsession (lesson_id, cmsession_id) VALUES (3358, 560);
INSERT INTO cmsession (id, title, description, order_id, created_at, is_deleted) VALUES (561, '12_Google forms and survey monkey', 'In this session the students will understand how to carry out digital research using google forms and survey monkey', 2, 'now', 'f');
INSERT INTO cmsession_module (cmsession_id, module_id) VALUES (561, 131);
INSERT INTO lesson (id, type, duration, tags, title, subject, order_id, created_at, is_deleted) VALUES (3363,'PRESENTATION', 20, '', '12_Digital Research', 'none', 1, 'now','f');
INSERT INTO lesson_cmsession (lesson_id, cmsession_id) VALUES (3363, 561);
INSERT INTO module (id, module_name, order_id, is_deleted) VALUES (132, 'Case study', 6, 'f');
INSERT INTO module_course (module_id, course_id) VALUES (132, 12);
INSERT INTO cmsession (id, title, description, order_id, created_at, is_deleted) VALUES (562, '13_Case study', 'In this session the students will learn the concepts of market research using a case study.', 1, 'now', 'f');
INSERT INTO cmsession_module (cmsession_id, module_id) VALUES (562, 132);
INSERT INTO lesson (id, type, duration, tags, title, subject, order_id, created_at, is_deleted) VALUES (3369,'PRESENTATION', 20, '', 'LESSON-0', 'NONE', 1, 'now','f');
INSERT INTO lesson_cmsession (lesson_id, cmsession_id) VALUES (3369, 562);
INSERT INTO lesson (id, type, duration, tags, title, subject, order_id, created_at, is_deleted) VALUES (3370,'PRESENTATION', 20, '', '13_Session_Battle of the Brands', 'none', 2, 'now','f');
INSERT INTO lesson_cmsession (lesson_id, cmsession_id) VALUES (3370, 562);
INSERT INTO cmsession (id, title, description, order_id, created_at, is_deleted) VALUES (563, '14_Case study', 'In this session the students will learn the concepts of market research using a case study.', 2, 'now', 'f');
INSERT INTO cmsession_module (cmsession_id, module_id) VALUES (563, 132);
INSERT INTO lesson (id, type, duration, tags, title, subject, order_id, created_at, is_deleted) VALUES (5594,'PRESENTATION', 20, '', '14_Session_Battle of the Brands', 'none', 1, 'now','f');
INSERT INTO lesson_cmsession (lesson_id, cmsession_id) VALUES (5594, 563);
INSERT INTO lesson (id, type, duration, tags, title, subject, order_id, created_at, is_deleted) VALUES (3375,'PRESENTATION', 20, '', 'LESSON-0', 'NONE', 2, 'now','f');
INSERT INTO lesson_cmsession (lesson_id, cmsession_id) VALUES (3375, 563);
INSERT INTO lesson (id, type, duration, tags, title, subject, order_id, created_at, is_deleted) VALUES (3376,'PRESENTATION', 20, '', 'LESSON-1', 'NONE', 3, 'now','f');
INSERT INTO lesson_cmsession (lesson_id, cmsession_id) VALUES (3376, 563);
INSERT INTO cmsession (id, title, description, order_id, created_at, is_deleted) VALUES (564, '15_Case study', 'In this session the students will learn the concepts of market research using a case study.', 3, 'now', 'f');
INSERT INTO cmsession_module (cmsession_id, module_id) VALUES (564, 132);
INSERT INTO lesson (id, type, duration, tags, title, subject, order_id, created_at, is_deleted) VALUES (3381,'PRESENTATION', 20, '', 'LESSON-0', 'NONE', 1, 'now','f');
INSERT INTO lesson_cmsession (lesson_id, cmsession_id) VALUES (3381, 564);
INSERT INTO lesson (id, type, duration, tags, title, subject, order_id, created_at, is_deleted) VALUES (3382,'PRESENTATION', 20, '', '15_Session_Battle of the Brands', 'none', 2, 'now','f');
INSERT INTO lesson_cmsession (lesson_id, cmsession_id) VALUES (3382, 564);
INSERT INTO cmsession (id, title, description, order_id, created_at, is_deleted) VALUES (565, '16_Case study', 'In this session the students will learn the concepts of market research using a case study.', 4, 'now', 'f');
INSERT INTO cmsession_module (cmsession_id, module_id) VALUES (565, 132);
INSERT INTO lesson (id, type, duration, tags, title, subject, order_id, created_at, is_deleted) VALUES (3387,'PRESENTATION', 20, '', 'LESSON-0', 'NONE', 1, 'now','f');
INSERT INTO lesson_cmsession (lesson_id, cmsession_id) VALUES (3387, 565);
INSERT INTO lesson (id, type, duration, tags, title, subject, order_id, created_at, is_deleted) VALUES (3388,'PRESENTATION', 20, '', '16_Session_Battle of the Brands', 'none', 2, 'now','f');
INSERT INTO lesson_cmsession (lesson_id, cmsession_id) VALUES (3388, 565);
INSERT INTO cmsession (id, title, description, order_id, created_at, is_deleted) VALUES (566, '17_Case study', 'In this session the students will learn the concepts of market research using a case study.', 5, 'now', 'f');
INSERT INTO cmsession_module (cmsession_id, module_id) VALUES (566, 132);
INSERT INTO lesson (id, type, duration, tags, title, subject, order_id, created_at, is_deleted) VALUES (3393,'PRESENTATION', 20, '', 'LESSON-0', 'NONE', 1, 'now','f');
INSERT INTO lesson_cmsession (lesson_id, cmsession_id) VALUES (3393, 566);
INSERT INTO lesson (id, type, duration, tags, title, subject, order_id, created_at, is_deleted) VALUES (3394,'PRESENTATION', 20, '', '17_Battle of the Brands_MR', 'none', 2, 'now','f');
INSERT INTO lesson_cmsession (lesson_id, cmsession_id) VALUES (3394, 566);
INSERT INTO cmsession (id, title, description, order_id, created_at, is_deleted) VALUES (567, '18_Case study', 'In this session the students will learn the concepts of market research using a case study.', 6, 'now', 'f');
INSERT INTO cmsession_module (cmsession_id, module_id) VALUES (567, 132);
INSERT INTO lesson (id, type, duration, tags, title, subject, order_id, created_at, is_deleted) VALUES (3399,'PRESENTATION', 20, '', 'LESSON-0', 'NONE', 1, 'now','f');
INSERT INTO lesson_cmsession (lesson_id, cmsession_id) VALUES (3399, 567);
INSERT INTO lesson (id, type, duration, tags, title, subject, order_id, created_at, is_deleted) VALUES (3400,'PRESENTATION', 20, '', '18_Battle of the Brands_MR', 'none', 2, 'now','f');
INSERT INTO lesson_cmsession (lesson_id, cmsession_id) VALUES (3400, 567);
INSERT INTO cmsession (id, title, description, order_id, created_at, is_deleted) VALUES (568, 'Case study', 'In this session the students will learn the concepts of market research using a case study.', 7, 'now', 'f');
INSERT INTO cmsession_module (cmsession_id, module_id) VALUES (568, 132);
INSERT INTO lesson (id, type, duration, tags, title, subject, order_id, created_at, is_deleted) VALUES (3405,'PRESENTATION', 20, '', '19_Nyka_Case study1', 'none', 1, 'now','f');
INSERT INTO lesson_cmsession (lesson_id, cmsession_id) VALUES (3405, 568);
INSERT INTO lesson (id, type, duration, tags, title, subject, order_id, created_at, is_deleted) VALUES (3406,'PRESENTATION', 20, '', 'LESSON-1', 'NONE', 2, 'now','f');
INSERT INTO lesson_cmsession (lesson_id, cmsession_id) VALUES (3406, 568);
INSERT INTO cmsession (id, title, description, order_id, created_at, is_deleted) VALUES (569, 'Case study', 'In this session the students will learn the concepts of market research using a case study.', 8, 'now', 'f');
INSERT INTO cmsession_module (cmsession_id, module_id) VALUES (569, 132);
INSERT INTO lesson (id, type, duration, tags, title, subject, order_id, created_at, is_deleted) VALUES (3411,'PRESENTATION', 20, '', 'LESSON-0', 'NONE', 1, 'now','f');
INSERT INTO lesson_cmsession (lesson_id, cmsession_id) VALUES (3411, 569);
INSERT INTO lesson (id, type, duration, tags, title, subject, order_id, created_at, is_deleted) VALUES (3412,'PRESENTATION', 20, '', 'LESSON-1', 'NONE', 2, 'now','f');
INSERT INTO lesson_cmsession (lesson_id, cmsession_id) VALUES (3412, 569);
INSERT INTO module (id, module_name, order_id, is_deleted) VALUES (133, 'Data preparation', 7, 'f');
INSERT INTO module_course (module_id, course_id) VALUES (133, 12);
INSERT INTO cmsession (id, title, description, order_id, created_at, is_deleted) VALUES (570, 'Coding and cleaning data', 'In this session the students will understand what is data cleaning and coding.', 1, 'now', 'f');
INSERT INTO cmsession_module (cmsession_id, module_id) VALUES (570, 133);
INSERT INTO lesson (id, type, duration, tags, title, subject, order_id, created_at, is_deleted) VALUES (3417,'PRESENTATION', 20, '', '21_Cleaning data', 'none', 1, 'now','f');
INSERT INTO lesson_cmsession (lesson_id, cmsession_id) VALUES (3417, 570);
INSERT INTO cmsession (id, title, description, order_id, created_at, is_deleted) VALUES (571, 'Coding and cleaning data', 'In this session the students will learn how to clean and code data.', 2, 'now', 'f');
INSERT INTO cmsession_module (cmsession_id, module_id) VALUES (571, 133);
INSERT INTO lesson (id, type, duration, tags, title, subject, order_id, created_at, is_deleted) VALUES (3423,'PRESENTATION', 20, '', '22_Coding data', 'none', 1, 'now','f');
INSERT INTO lesson_cmsession (lesson_id, cmsession_id) VALUES (3423, 571);
INSERT INTO module (id, module_name, order_id, is_deleted) VALUES (134, 'Statistical analysis of data', 8, 'f');
INSERT INTO module_course (module_id, course_id) VALUES (134, 12);
INSERT INTO cmsession (id, title, description, order_id, created_at, is_deleted) VALUES (572, 'Frequency distribution', 'In this session the students will learn how to interpret frequency tables.', 1, 'now', 'f');
INSERT INTO cmsession_module (cmsession_id, module_id) VALUES (572, 134);
INSERT INTO lesson (id, type, duration, tags, title, subject, order_id, created_at, is_deleted) VALUES (3429,'PRESENTATION', 60, '', '23_Frequency distribution', 'none', 1, 'now','f');
INSERT INTO lesson_cmsession (lesson_id, cmsession_id) VALUES (3429, 572);
INSERT INTO lesson (id, type, duration, tags, title, subject, order_id, created_at, is_deleted) VALUES (3430,'PRESENTATION', 20, '', 'LESSON-1', 'NONE', 2, 'now','f');
INSERT INTO lesson_cmsession (lesson_id, cmsession_id) VALUES (3430, 572);
INSERT INTO cmsession (id, title, description, order_id, created_at, is_deleted) VALUES (573, 'Frequency distribution', 'In this session students will understand what is frequency distribution.', 2, 'now', 'f');
INSERT INTO cmsession_module (cmsession_id, module_id) VALUES (573, 134);
INSERT INTO lesson (id, type, duration, tags, title, subject, order_id, created_at, is_deleted) VALUES (3435,'PRESENTATION', 20, '', '24_Frequency Distribution Case', 'none', 1, 'now','f');
INSERT INTO lesson_cmsession (lesson_id, cmsession_id) VALUES (3435, 573);
INSERT INTO lesson (id, type, duration, tags, title, subject, order_id, created_at, is_deleted) VALUES (3436,'PRESENTATION', 20, '', 'LESSON-1', 'NONE', 2, 'now','f');
INSERT INTO lesson_cmsession (lesson_id, cmsession_id) VALUES (3436, 573);
INSERT INTO cmsession (id, title, description, order_id, created_at, is_deleted) VALUES (574, 'Cross tabulation', 'In this session the students will understand the statistics associated with cross tabulation.', 3, 'now', 'f');
INSERT INTO cmsession_module (cmsession_id, module_id) VALUES (574, 134);
INSERT INTO lesson (id, type, duration, tags, title, subject, order_id, created_at, is_deleted) VALUES (3441,'PRESENTATION', 20, '', '25_Cross Tabulation', 'none', 1, 'now','f');
INSERT INTO lesson_cmsession (lesson_id, cmsession_id) VALUES (3441, 574);
INSERT INTO lesson (id, type, duration, tags, title, subject, order_id, created_at, is_deleted) VALUES (3442,'PRESENTATION', 20, '', 'LESSON-1', 'NONE', 2, 'now','f');
INSERT INTO lesson_cmsession (lesson_id, cmsession_id) VALUES (3442, 574);
INSERT INTO cmsession (id, title, description, order_id, created_at, is_deleted) VALUES (575, 'Cross tabulation', 'In this session the students will understand what is cross tabulation.', 4, 'now', 'f');
INSERT INTO cmsession_module (cmsession_id, module_id) VALUES (575, 134);
INSERT INTO lesson (id, type, duration, tags, title, subject, order_id, created_at, is_deleted) VALUES (3447,'PRESENTATION', 20, '', '26_Cross Tabulation_Case study', 'none', 1, 'now','f');
INSERT INTO lesson_cmsession (lesson_id, cmsession_id) VALUES (3447, 575);
INSERT INTO lesson (id, type, duration, tags, title, subject, order_id, created_at, is_deleted) VALUES (3448,'PRESENTATION', 20, '', 'LESSON-1', 'NONE', 2, 'now','f');
INSERT INTO lesson_cmsession (lesson_id, cmsession_id) VALUES (3448, 575);
INSERT INTO module (id, module_name, order_id, is_deleted) VALUES (135, 'Data interpretation and decision making', 9, 'f');
INSERT INTO module_course (module_id, course_id) VALUES (135, 12);
INSERT INTO cmsession (id, title, description, order_id, created_at, is_deleted) VALUES (576, 'Anova', 'In this session the students will understand how to interpret ANOVA tables.', 1, 'now', 'f');
INSERT INTO cmsession_module (cmsession_id, module_id) VALUES (576, 135);
INSERT INTO lesson (id, type, duration, tags, title, subject, order_id, created_at, is_deleted) VALUES (3453,'PRESENTATION', 20, '', '27_ANOVA', 'none', 1, 'now','f');
INSERT INTO lesson_cmsession (lesson_id, cmsession_id) VALUES (3453, 576);
INSERT INTO lesson (id, type, duration, tags, title, subject, order_id, created_at, is_deleted) VALUES (3454,'PRESENTATION', 20, '', 'LESSON-1', 'NONE', 2, 'now','f');
INSERT INTO lesson_cmsession (lesson_id, cmsession_id) VALUES (3454, 576);
INSERT INTO cmsession (id, title, description, order_id, created_at, is_deleted) VALUES (577, 'Anova', 'In this session students will understand the meaning of ANOVA.', 2, 'now', 'f');
INSERT INTO cmsession_module (cmsession_id, module_id) VALUES (577, 135);
INSERT INTO lesson (id, type, duration, tags, title, subject, order_id, created_at, is_deleted) VALUES (3459,'PRESENTATION', 20, '', 'LESSON-0', 'NONE', 1, 'now','f');
INSERT INTO lesson_cmsession (lesson_id, cmsession_id) VALUES (3459, 577);
INSERT INTO lesson (id, type, duration, tags, title, subject, order_id, created_at, is_deleted) VALUES (3460,'PRESENTATION', 20, '', 'LESSON-1', 'NONE', 2, 'now','f');
INSERT INTO lesson_cmsession (lesson_id, cmsession_id) VALUES (3460, 577);
INSERT INTO cmsession (id, title, description, order_id, created_at, is_deleted) VALUES (578, 'Correlation', 'In this session the students will understand what is correlation and how to interpret correlation tables.', 3, 'now', 'f');
INSERT INTO cmsession_module (cmsession_id, module_id) VALUES (578, 135);
INSERT INTO lesson (id, type, duration, tags, title, subject, order_id, created_at, is_deleted) VALUES (3465,'PRESENTATION', 20, '', 'LESSON-0', 'NONE', 1, 'now','f');
INSERT INTO lesson_cmsession (lesson_id, cmsession_id) VALUES (3465, 578);
INSERT INTO lesson (id, type, duration, tags, title, subject, order_id, created_at, is_deleted) VALUES (3466,'PRESENTATION', 20, '', 'LESSON-1', 'NONE', 2, 'now','f');
INSERT INTO lesson_cmsession (lesson_id, cmsession_id) VALUES (3466, 578);
INSERT INTO lesson (id, type, duration, tags, title, subject, order_id, created_at, is_deleted) VALUES (5883,'PRESENTATION', 60, 'Market research business case,Correlation', '27_Correlation', 'none', 3, 'now','f');
INSERT INTO lesson_cmsession (lesson_id, cmsession_id) VALUES (5883, 578);
INSERT INTO lesson (id, type, duration, tags, title, subject, order_id, created_at, is_deleted) VALUES (5884,'PRESENTATION', 60, 'Correlation in R', '28_Correlation_Casestudy', 'none', 4, 'now','f');
INSERT INTO lesson_cmsession (lesson_id, cmsession_id) VALUES (5884, 578);
INSERT INTO cmsession (id, title, description, order_id, created_at, is_deleted) VALUES (579, 'Regression', 'In this session the students will understand what is regression and how to interpret regression tables.', 4, 'now', 'f');
INSERT INTO cmsession_module (cmsession_id, module_id) VALUES (579, 135);
INSERT INTO lesson (id, type, duration, tags, title, subject, order_id, created_at, is_deleted) VALUES (3471,'PRESENTATION', 20, '', 'LESSON-0', 'NONE', 1, 'now','f');
INSERT INTO lesson_cmsession (lesson_id, cmsession_id) VALUES (3471, 579);
INSERT INTO lesson (id, type, duration, tags, title, subject, order_id, created_at, is_deleted) VALUES (3472,'PRESENTATION', 20, '', 'LESSON-1', 'NONE', 2, 'now','f');
INSERT INTO lesson_cmsession (lesson_id, cmsession_id) VALUES (3472, 579);
INSERT INTO lesson (id, type, duration, tags, title, subject, order_id, created_at, is_deleted) VALUES (5885,'PRESENTATION', 60, 'Regression', '29_Linear_regression', 'none', 3, 'now','f');
INSERT INTO lesson_cmsession (lesson_id, cmsession_id) VALUES (5885, 579);
INSERT INTO lesson (id, type, duration, tags, title, subject, order_id, created_at, is_deleted) VALUES (5886,'PRESENTATION', 60, '', '30_Regression_casestudy', 'none', 4, 'now','f');
INSERT INTO lesson_cmsession (lesson_id, cmsession_id) VALUES (5886, 579);
INSERT INTO module (id, module_name, order_id, is_deleted) VALUES (285, 'Mid-term Assessments', 10, 'f');
INSERT INTO module_course (module_id, course_id) VALUES (285, 12);
INSERT INTO module (id, module_name, order_id, is_deleted) VALUES (393, 'Final Assessment', 11, 'f');
INSERT INTO module_course (module_id, course_id) VALUES (393, 12);
INSERT INTO course (id, course_name, course_description, tags, created_at) VALUES (13, 'MS Word & MS Powerpoint', 'Format documents, prepare presentations and use advanced functions useful at the workplace', NULL, 'now');
INSERT INTO module (id, module_name, order_id, is_deleted) VALUES (136, 'MS Word', 1, 'f');
INSERT INTO module_course (module_id, course_id) VALUES (136, 13);
INSERT INTO cmsession (id, title, description, order_id, created_at, is_deleted) VALUES (587, 'Evaluation', 'Evaluation', 8, 'now', 'f');
INSERT INTO cmsession_module (cmsession_id, module_id) VALUES (587, 136);
INSERT INTO lesson (id, type, duration, tags, title, subject, order_id, created_at, is_deleted) VALUES (3519,'PRESENTATION', 20, 'evaluation', '08_evaluation', 'banking-1', 1, 'now','f');
INSERT INTO lesson_cmsession (lesson_id, cmsession_id) VALUES (3519, 587);
INSERT INTO lesson (id, type, duration, tags, title, subject, order_id, created_at, is_deleted) VALUES (3520,'PRESENTATION', 20, '', '08_MS Word Evaluation', 'none', 2, 'now','f');
INSERT INTO lesson_cmsession (lesson_id, cmsession_id) VALUES (3520, 587);
INSERT INTO cmsession (id, title, description, order_id, created_at, is_deleted) VALUES (580, 'Introduction to MS Word', 'Introduction to MS Word', 1, 'now', 'f');
INSERT INTO cmsession_module (cmsession_id, module_id) VALUES (580, 136);
INSERT INTO lesson (id, type, duration, tags, title, subject, order_id, created_at, is_deleted) VALUES (3477,'PRESENTATION', 20, 'MS WORD', '01_MSWORD', 'banking-1', 1, 'now','f');
INSERT INTO lesson_cmsession (lesson_id, cmsession_id) VALUES (3477, 580);
INSERT INTO cmsession (id, title, description, order_id, created_at, is_deleted) VALUES (581, 'Formatting options in Word', 'Formatting options in Word', 2, 'now', 'f');
INSERT INTO cmsession_module (cmsession_id, module_id) VALUES (581, 136);
INSERT INTO lesson (id, type, duration, tags, title, subject, order_id, created_at, is_deleted) VALUES (3483,'PRESENTATION', 20, 'format in word', '02_formatting in word', 'banking-1', 1, 'now','f');
INSERT INTO lesson_cmsession (lesson_id, cmsession_id) VALUES (3483, 581);
INSERT INTO cmsession (id, title, description, order_id, created_at, is_deleted) VALUES (582, 'Insert Options 1', 'Insert Options 1', 3, 'now', 'f');
INSERT INTO cmsession_module (cmsession_id, module_id) VALUES (582, 136);
INSERT INTO lesson (id, type, duration, tags, title, subject, order_id, created_at, is_deleted) VALUES (3489,'PRESENTATION', 20, 'insert options', '03_insert options', 'banking-1', 1, 'now','f');
INSERT INTO lesson_cmsession (lesson_id, cmsession_id) VALUES (3489, 582);
INSERT INTO lesson (id, type, duration, tags, title, subject, order_id, created_at, is_deleted) VALUES (3490,'PRESENTATION', 20, '', 'LESSON-1', 'NONE', 2, 'now','f');
INSERT INTO lesson_cmsession (lesson_id, cmsession_id) VALUES (3490, 582);
INSERT INTO cmsession (id, title, description, order_id, created_at, is_deleted) VALUES (583, 'Insert Options 2', 'Insert Options 2', 4, 'now', 'f');
INSERT INTO cmsession_module (cmsession_id, module_id) VALUES (583, 136);
INSERT INTO lesson (id, type, duration, tags, title, subject, order_id, created_at, is_deleted) VALUES (3495,'PRESENTATION', 20, 'insert option-2', '04_insert option-2', 'banking-1', 1, 'now','f');
INSERT INTO lesson_cmsession (lesson_id, cmsession_id) VALUES (3495, 583);
INSERT INTO lesson (id, type, duration, tags, title, subject, order_id, created_at, is_deleted) VALUES (3496,'PRESENTATION', 20, '', 'LESSON-1', 'NONE', 2, 'now','f');
INSERT INTO lesson_cmsession (lesson_id, cmsession_id) VALUES (3496, 583);
INSERT INTO cmsession (id, title, description, order_id, created_at, is_deleted) VALUES (584, 'Insert Options 3', 'Insert Options 3', 5, 'now', 'f');
INSERT INTO cmsession_module (cmsession_id, module_id) VALUES (584, 136);
INSERT INTO lesson (id, type, duration, tags, title, subject, order_id, created_at, is_deleted) VALUES (3501,'PRESENTATION', 20, 'insert option 3', '05_insert options 3', 'banking-1', 1, 'now','f');
INSERT INTO lesson_cmsession (lesson_id, cmsession_id) VALUES (3501, 584);
INSERT INTO lesson (id, type, duration, tags, title, subject, order_id, created_at, is_deleted) VALUES (3502,'PRESENTATION', 20, '', 'LESSON-1', 'NONE', 2, 'now','f');
INSERT INTO lesson_cmsession (lesson_id, cmsession_id) VALUES (3502, 584);
INSERT INTO cmsession (id, title, description, order_id, created_at, is_deleted) VALUES (585, 'Review and Mail merge', 'Review and Mail merge', 6, 'now', 'f');
INSERT INTO cmsession_module (cmsession_id, module_id) VALUES (585, 136);
INSERT INTO lesson (id, type, duration, tags, title, subject, order_id, created_at, is_deleted) VALUES (3507,'PRESENTATION', 60, 'review and mail merge', '06_Review and mail merge', 'banking-1', 1, 'now','f');
INSERT INTO lesson_cmsession (lesson_id, cmsession_id) VALUES (3507, 585);
INSERT INTO lesson (id, type, duration, tags, title, subject, order_id, created_at, is_deleted) VALUES (3508,'PRESENTATION', 20, '', 'LESSON-1', 'NONE', 2, 'now','f');
INSERT INTO lesson_cmsession (lesson_id, cmsession_id) VALUES (3508, 585);
INSERT INTO cmsession (id, title, description, order_id, created_at, is_deleted) VALUES (586, 'References for Report Writing', 'References for Report Writing', 7, 'now', 'f');
INSERT INTO cmsession_module (cmsession_id, module_id) VALUES (586, 136);
INSERT INTO lesson (id, type, duration, tags, title, subject, order_id, created_at, is_deleted) VALUES (3513,'PRESENTATION', 60, 'report writting', '07_Report writing in Word', 'banking-1', 1, 'now','f');
INSERT INTO lesson_cmsession (lesson_id, cmsession_id) VALUES (3513, 586);
INSERT INTO lesson (id, type, duration, tags, title, subject, order_id, created_at, is_deleted) VALUES (3514,'PRESENTATION', 20, '', 'LESSON-1', 'NONE', 2, 'now','f');
INSERT INTO lesson_cmsession (lesson_id, cmsession_id) VALUES (3514, 586);
INSERT INTO module (id, module_name, order_id, is_deleted) VALUES (137, 'MS PowerPoint', 2, 'f');
INSERT INTO module_course (module_id, course_id) VALUES (137, 13);
INSERT INTO cmsession (id, title, description, order_id, created_at, is_deleted) VALUES (588, 'Introduction to MS PowerPoint', 'Introduction to MS PowerPoint', 1, 'now', 'f');
INSERT INTO cmsession_module (cmsession_id, module_id) VALUES (588, 137);
INSERT INTO lesson (id, type, duration, tags, title, subject, order_id, created_at, is_deleted) VALUES (3525,'PRESENTATION', 60, 'MS PowerPoint', '09_MS PowerPoint', 'banking-1', 1, 'now','f');
INSERT INTO lesson_cmsession (lesson_id, cmsession_id) VALUES (3525, 588);
INSERT INTO lesson (id, type, duration, tags, title, subject, order_id, created_at, is_deleted) VALUES (3526,'PRESENTATION', 20, '', 'LESSON-1', 'NONE', 2, 'now','f');
INSERT INTO lesson_cmsession (lesson_id, cmsession_id) VALUES (3526, 588);
INSERT INTO cmsession (id, title, description, order_id, created_at, is_deleted) VALUES (589, 'Bullets', 'Bullets', 2, 'now', 'f');
INSERT INTO cmsession_module (cmsession_id, module_id) VALUES (589, 137);
INSERT INTO lesson (id, type, duration, tags, title, subject, order_id, created_at, is_deleted) VALUES (3531,'PRESENTATION', 60, 'MS PowerPoint', '10_Bullets/ Numbering', 'banking-1', 1, 'now','f');
INSERT INTO lesson_cmsession (lesson_id, cmsession_id) VALUES (3531, 589);
INSERT INTO lesson (id, type, duration, tags, title, subject, order_id, created_at, is_deleted) VALUES (3532,'PRESENTATION', 20, '', 'LESSON-1', 'NONE', 2, 'now','f');
INSERT INTO lesson_cmsession (lesson_id, cmsession_id) VALUES (3532, 589);
INSERT INTO cmsession (id, title, description, order_id, created_at, is_deleted) VALUES (590, 'Insert Options', 'Insert Options', 3, 'now', 'f');
INSERT INTO cmsession_module (cmsession_id, module_id) VALUES (590, 137);
INSERT INTO lesson (id, type, duration, tags, title, subject, order_id, created_at, is_deleted) VALUES (3537,'PRESENTATION', 60, 'Insert options', '11_Insert options', 'banking-1', 1, 'now','f');
INSERT INTO lesson_cmsession (lesson_id, cmsession_id) VALUES (3537, 590);
INSERT INTO lesson (id, type, duration, tags, title, subject, order_id, created_at, is_deleted) VALUES (3538,'PRESENTATION', 20, '', 'LESSON-1', 'NONE', 2, 'now','f');
INSERT INTO lesson_cmsession (lesson_id, cmsession_id) VALUES (3538, 590);
INSERT INTO cmsession (id, title, description, order_id, created_at, is_deleted) VALUES (591, 'Transitions and Animations', 'Transitions and Animations', 4, 'now', 'f');
INSERT INTO cmsession_module (cmsession_id, module_id) VALUES (591, 137);
INSERT INTO lesson (id, type, duration, tags, title, subject, order_id, created_at, is_deleted) VALUES (3543,'PRESENTATION', 60, 'Animations and Transitions', '12_Animations and Transitions', 'banking-1', 1, 'now','f');
INSERT INTO lesson_cmsession (lesson_id, cmsession_id) VALUES (3543, 591);
INSERT INTO lesson (id, type, duration, tags, title, subject, order_id, created_at, is_deleted) VALUES (3544,'PRESENTATION', 20, '', 'LESSON-1', 'NONE', 2, 'now','f');
INSERT INTO lesson_cmsession (lesson_id, cmsession_id) VALUES (3544, 591);
INSERT INTO cmsession (id, title, description, order_id, created_at, is_deleted) VALUES (592, 'View Options', 'View Options', 5, 'now', 'f');
INSERT INTO cmsession_module (cmsession_id, module_id) VALUES (592, 137);
INSERT INTO lesson (id, type, duration, tags, title, subject, order_id, created_at, is_deleted) VALUES (3549,'PRESENTATION', 60, 'View Options', '13_View Options', 'banking-1', 1, 'now','f');
INSERT INTO lesson_cmsession (lesson_id, cmsession_id) VALUES (3549, 592);
INSERT INTO lesson (id, type, duration, tags, title, subject, order_id, created_at, is_deleted) VALUES (3550,'PRESENTATION', 20, '', 'LESSON-1', 'NONE', 2, 'now','f');
INSERT INTO lesson_cmsession (lesson_id, cmsession_id) VALUES (3550, 592);
INSERT INTO cmsession (id, title, description, order_id, created_at, is_deleted) VALUES (593, 'Creating Proposals on PowerPoint', 'Creating Proposals on PowerPoint', 6, 'now', 'f');
INSERT INTO cmsession_module (cmsession_id, module_id) VALUES (593, 137);
INSERT INTO lesson (id, type, duration, tags, title, subject, order_id, created_at, is_deleted) VALUES (3555,'PRESENTATION', 60, 'power point proposals', '14_Powerpoint for Proposals', 'banking-1', 1, 'now','f');
INSERT INTO lesson_cmsession (lesson_id, cmsession_id) VALUES (3555, 593);
INSERT INTO lesson (id, type, duration, tags, title, subject, order_id, created_at, is_deleted) VALUES (3556,'PRESENTATION', 20, '', 'LESSON-1', 'NONE', 2, 'now','f');
INSERT INTO lesson_cmsession (lesson_id, cmsession_id) VALUES (3556, 593);
INSERT INTO cmsession (id, title, description, order_id, created_at, is_deleted) VALUES (594, 'Presentation', 'Presentation', 7, 'now', 'f');
INSERT INTO cmsession_module (cmsession_id, module_id) VALUES (594, 137);
INSERT INTO lesson (id, type, duration, tags, title, subject, order_id, created_at, is_deleted) VALUES (3561,'PRESENTATION', 60, 'presentation', '15_Presentation', 'banking-1', 1, 'now','f');
INSERT INTO lesson_cmsession (lesson_id, cmsession_id) VALUES (3561, 594);
INSERT INTO lesson (id, type, duration, tags, title, subject, order_id, created_at, is_deleted) VALUES (3562,'PRESENTATION', 20, '', 'LESSON-1', 'NONE', 2, 'now','f');
INSERT INTO lesson_cmsession (lesson_id, cmsession_id) VALUES (3562, 594);
INSERT INTO module (id, module_name, order_id, is_deleted) VALUES (417, 'MS Office Assessment', 3, 'f');
INSERT INTO module_course (module_id, course_id) VALUES (417, 13);
INSERT INTO cmsession (id, title, description, order_id, created_at, is_deleted) VALUES (1426, 'MS Word Mid term', 'This assessment tests the students knowledge half-way through the course', 1, 'now', 'f');
INSERT INTO cmsession_module (cmsession_id, module_id) VALUES (1426, 417);
INSERT INTO cmsession (id, title, description, order_id, created_at, is_deleted) VALUES (1427, 'MS Word Final', 'This session tests the students knowledge at the end of the course', 2, 'now', 'f');
INSERT INTO cmsession_module (cmsession_id, module_id) VALUES (1427, 417);
INSERT INTO course (id, course_name, course_description, tags, created_at) VALUES (14, 'UI Developer', 'UI/UX concepts like wireframing, usability testing and evaluation, writing HTML & CSS code to create websites and apps', NULL, 'now');
INSERT INTO module (id, module_name, order_id, is_deleted) VALUES (138, 'Introduction to UI', 1, 'f');
INSERT INTO module_course (module_id, course_id) VALUES (138, 14);
INSERT INTO cmsession (id, title, description, order_id, created_at, is_deleted) VALUES (595, '01_Introduction to UI', 'This session teaches what user interfaces are and the importance of a good interface.', 1, 'now', 'f');
INSERT INTO cmsession_module (cmsession_id, module_id) VALUES (595, 138);
INSERT INTO lesson (id, type, duration, tags, title, subject, order_id, created_at, is_deleted) VALUES (3569,'PRESENTATION', 20, 'Introduction to UI', '01_Introduction to UI', 'banking-1', 1, 'now','f');
INSERT INTO lesson_cmsession (lesson_id, cmsession_id) VALUES (3569, 595);
INSERT INTO lesson (id, type, duration, tags, title, subject, order_id, created_at, is_deleted) VALUES (5675,'PRESENTATION', 20, 'Introduction to UI', '01_Introduction to UI', 'banking-1', 3, 'now','f');
INSERT INTO lesson_cmsession (lesson_id, cmsession_id) VALUES (5675, 595);
INSERT INTO cmsession (id, title, description, order_id, created_at, is_deleted) VALUES (596, '02_UI Development and Tools', 'This session teaches the process of UI. It teaches the tools and technologies that aid the UI design.', 2, 'now', 'f');
INSERT INTO cmsession_module (cmsession_id, module_id) VALUES (596, 138);
INSERT INTO lesson (id, type, duration, tags, title, subject, order_id, created_at, is_deleted) VALUES (3575,'PRESENTATION', 20, 'UI ,Development and Tools', '02_UI Development and Tools', 'banking-1', 1, 'now','f');
INSERT INTO lesson_cmsession (lesson_id, cmsession_id) VALUES (3575, 596);
INSERT INTO module (id, module_name, order_id, is_deleted) VALUES (139, 'Requirement Gathering and Specification', 2, 'f');
INSERT INTO module_course (module_id, course_id) VALUES (139, 14);
INSERT INTO cmsession (id, title, description, order_id, created_at, is_deleted) VALUES (597, '03_Requirement Gathering and Specification', 'This session teaches about requirement gathering and specification. Different methods involved, the pros and cons of each method are discussed.', 1, 'now', 'f');
INSERT INTO cmsession_module (cmsession_id, module_id) VALUES (597, 139);
INSERT INTO lesson (id, type, duration, tags, title, subject, order_id, created_at, is_deleted) VALUES (3581,'PRESENTATION', 20, 'requirement gathering ,specification', '03_Requirement Gathering and Specification', 'banking-1', 1, 'now','f');
INSERT INTO lesson_cmsession (lesson_id, cmsession_id) VALUES (3581, 597);
INSERT INTO cmsession (id, title, description, order_id, created_at, is_deleted) VALUES (598, '04_Requirement Gathering and Specification - Activity', 'This session teaches students about requirement gathering and specification process through an activity.', 2, 'now', 'f');
INSERT INTO cmsession_module (cmsession_id, module_id) VALUES (598, 139);
INSERT INTO lesson (id, type, duration, tags, title, subject, order_id, created_at, is_deleted) VALUES (3587,'PRESENTATION', 20, '', '04_UI_Requirement_Gathering_Activity', 'none', 1, 'now','f');
INSERT INTO lesson_cmsession (lesson_id, cmsession_id) VALUES (3587, 598);
INSERT INTO module (id, module_name, order_id, is_deleted) VALUES (140, 'User Experience', 3, 'f');
INSERT INTO module_course (module_id, course_id) VALUES (140, 14);
INSERT INTO cmsession (id, title, description, order_id, created_at, is_deleted) VALUES (599, '05_User Experience', 'This session teaches user experience and importance of UX.', 1, 'now', 'f');
INSERT INTO cmsession_module (cmsession_id, module_id) VALUES (599, 140);
INSERT INTO lesson (id, type, duration, tags, title, subject, order_id, created_at, is_deleted) VALUES (3593,'PRESENTATION', 20, '', '05_UI_User_Experience', 'banking-1', 1, 'now','f');
INSERT INTO lesson_cmsession (lesson_id, cmsession_id) VALUES (3593, 599);
INSERT INTO cmsession (id, title, description, order_id, created_at, is_deleted) VALUES (600, '06_User Experience - Activity', 'This session teaches user experience and importance of UX using a activity.', 2, 'now', 'f');
INSERT INTO cmsession_module (cmsession_id, module_id) VALUES (600, 140);
INSERT INTO lesson (id, type, duration, tags, title, subject, order_id, created_at, is_deleted) VALUES (3599,'PRESENTATION', 60, '', '06_UI_User_Experience_Activity', 'none', 1, 'now','f');
INSERT INTO lesson_cmsession (lesson_id, cmsession_id) VALUES (3599, 600);
INSERT INTO module (id, module_name, order_id, is_deleted) VALUES (141, 'Wireframing', 4, 'f');
INSERT INTO module_course (module_id, course_id) VALUES (141, 14);
INSERT INTO cmsession (id, title, description, order_id, created_at, is_deleted) VALUES (601, '07_Intro : wireframing', 'This session teaches wireframing, different tools involved in wireframing.', 1, 'now', 'f');
INSERT INTO cmsession_module (cmsession_id, module_id) VALUES (601, 141);
INSERT INTO lesson (id, type, duration, tags, title, subject, order_id, created_at, is_deleted) VALUES (3605,'PRESENTATION', 20, '', '07_UI_Wireframing', 'banking-1', 1, 'now','f');
INSERT INTO lesson_cmsession (lesson_id, cmsession_id) VALUES (3605, 601);
INSERT INTO cmsession (id, title, description, order_id, created_at, is_deleted) VALUES (602, '08_Balsamiq 1', 'This session gives an overview of the balsmiq ide and basic mockup creating using balsamiq.', 2, 'now', 'f');
INSERT INTO cmsession_module (cmsession_id, module_id) VALUES (602, 141);
INSERT INTO lesson (id, type, duration, tags, title, subject, order_id, created_at, is_deleted) VALUES (3611,'PRESENTATION', 20, '', '08_UI_Balsamiq1', 'none', 1, 'now','f');
INSERT INTO lesson_cmsession (lesson_id, cmsession_id) VALUES (3611, 602);
INSERT INTO cmsession (id, title, description, order_id, created_at, is_deleted) VALUES (603, '09_Balsamiq 2', 'This session teaches few more advanced controls in balsamiq.', 3, 'now', 'f');
INSERT INTO cmsession_module (cmsession_id, module_id) VALUES (603, 141);
INSERT INTO lesson (id, type, duration, tags, title, subject, order_id, created_at, is_deleted) VALUES (3617,'PRESENTATION', 20, '', '09_UI_Balsamiq2', 'none', 1, 'now','f');
INSERT INTO lesson_cmsession (lesson_id, cmsession_id) VALUES (3617, 603);
INSERT INTO cmsession (id, title, description, order_id, created_at, is_deleted) VALUES (604, '10_Balsamiq 3', 'This session teaches few more advanced controls and advanced operations in balsamiq.', 4, 'now', 'f');
INSERT INTO cmsession_module (cmsession_id, module_id) VALUES (604, 141);
INSERT INTO module (id, module_name, order_id, is_deleted) VALUES (142, 'Usability Testing and Evaluation', 5, 'f');
INSERT INTO module_course (module_id, course_id) VALUES (142, 14);
INSERT INTO cmsession (id, title, description, order_id, created_at, is_deleted) VALUES (605, '11_Usability Testing and Evaluation 1', 'This session teaches usability testing and evaluation. It teaches about Heuristic evaluation.', 1, 'now', 'f');
INSERT INTO cmsession_module (cmsession_id, module_id) VALUES (605, 142);
INSERT INTO lesson (id, type, duration, tags, title, subject, order_id, created_at, is_deleted) VALUES (3629,'PRESENTATION', 20, '', '11_UI_Usability_Testing_and_Evaluation_1', 'none', 1, 'now','f');
INSERT INTO lesson_cmsession (lesson_id, cmsession_id) VALUES (3629, 605);
INSERT INTO cmsession (id, title, description, order_id, created_at, is_deleted) VALUES (606, '12_Usability Testing and Evaluation 2', 'This session teaches cognitive walkthrough and think aloud testing in usability testing and evaluation.', 2, 'now', 'f');
INSERT INTO cmsession_module (cmsession_id, module_id) VALUES (606, 142);
INSERT INTO lesson (id, type, duration, tags, title, subject, order_id, created_at, is_deleted) VALUES (3635,'PRESENTATION', 20, '', '12_UI_Usability_Testing_and_Evaluation_2', 'none', 1, 'now','f');
INSERT INTO lesson_cmsession (lesson_id, cmsession_id) VALUES (3635, 606);
INSERT INTO module (id, module_name, order_id, is_deleted) VALUES (143, 'HTML', 6, 'f');
INSERT INTO module_course (module_id, course_id) VALUES (143, 14);
INSERT INTO cmsession (id, title, description, order_id, created_at, is_deleted) VALUES (607, '13_HTML Tags - 1', 'This session teaches how components make up an interface and helps to understand the build using HTML and CSS by using the inspect element in a webpage.', 1, 'now', 'f');
INSERT INTO cmsession_module (cmsession_id, module_id) VALUES (607, 143);
INSERT INTO lesson (id, type, duration, tags, title, subject, order_id, created_at, is_deleted) VALUES (3641,'PRESENTATION', 20, '', '13_UI_HTML_1', 'none', 1, 'now','f');
INSERT INTO lesson_cmsession (lesson_id, cmsession_id) VALUES (3641, 607);
INSERT INTO cmsession (id, title, description, order_id, created_at, is_deleted) VALUES (608, '14_HTML Tags - 2', 'This session teaches how to start desiging a webpage using div tag.', 2, 'now', 'f');
INSERT INTO cmsession_module (cmsession_id, module_id) VALUES (608, 143);
INSERT INTO lesson (id, type, duration, tags, title, subject, order_id, created_at, is_deleted) VALUES (3647,'PRESENTATION', 60, '', '14_UI_HTML_2', 'none', 1, 'now','f');
INSERT INTO lesson_cmsession (lesson_id, cmsession_id) VALUES (3647, 608);
INSERT INTO cmsession (id, title, description, order_id, created_at, is_deleted) VALUES (609, '15_HTML Tags - 3', 'This session teaches the following tag - header, paragraph, line breaks, image tags. Build the page using the tags.', 3, 'now', 'f');
INSERT INTO cmsession_module (cmsession_id, module_id) VALUES (609, 143);
INSERT INTO lesson (id, type, duration, tags, title, subject, order_id, created_at, is_deleted) VALUES (3653,'PRESENTATION', 60, '', '15_UI_HTML_3', 'none', 1, 'now','f');
INSERT INTO lesson_cmsession (lesson_id, cmsession_id) VALUES (3653, 609);
INSERT INTO cmsession (id, title, description, order_id, created_at, is_deleted) VALUES (610, '16_HTML Tags - 4', 'This session teaches the following tag - list, anchor tags. Build the page using the tags.', 4, 'now', 'f');
INSERT INTO cmsession_module (cmsession_id, module_id) VALUES (610, 143);
INSERT INTO lesson (id, type, duration, tags, title, subject, order_id, created_at, is_deleted) VALUES (3659,'PRESENTATION', 60, '', '16_UI_HTML_4', 'none', 1, 'now','f');
INSERT INTO lesson_cmsession (lesson_id, cmsession_id) VALUES (3659, 610);
INSERT INTO cmsession (id, title, description, order_id, created_at, is_deleted) VALUES (611, '17_HTML Tags - 5', 'This session teaches the form tags. Teaches get, post method. Build the page using the tags.', 5, 'now', 'f');
INSERT INTO cmsession_module (cmsession_id, module_id) VALUES (611, 143);
INSERT INTO lesson (id, type, duration, tags, title, subject, order_id, created_at, is_deleted) VALUES (3665,'PRESENTATION', 20, '', 'UI_17_UI_HTML_5', 'none', 1, 'now','f');
INSERT INTO lesson_cmsession (lesson_id, cmsession_id) VALUES (3665, 611);
INSERT INTO cmsession (id, title, description, order_id, created_at, is_deleted) VALUES (612, '18_HTML & CSS', 'This session gives an introduction to CSS. Teaches various methods to style an element.', 6, 'now', 'f');
INSERT INTO cmsession_module (cmsession_id, module_id) VALUES (612, 143);
INSERT INTO lesson (id, type, duration, tags, title, subject, order_id, created_at, is_deleted) VALUES (3671,'PRESENTATION', 60, '', 'UI_18_HTML & CSS - 1', 'none', 1, 'now','f');
INSERT INTO lesson_cmsession (lesson_id, cmsession_id) VALUES (3671, 612);
INSERT INTO module (id, module_name, order_id, is_deleted) VALUES (144, 'HTML & CSS', 7, 'f');
INSERT INTO module_course (module_id, course_id) VALUES (144, 14);
INSERT INTO cmsession (id, title, description, order_id, created_at, is_deleted) VALUES (613, '19_HTML & CSS - 1', 'This session teaches how to change background properties in CSS. Style the page using the tags.', 1, 'now', 'f');
INSERT INTO cmsession_module (cmsession_id, module_id) VALUES (613, 144);
INSERT INTO lesson (id, type, duration, tags, title, subject, order_id, created_at, is_deleted) VALUES (3677,'PRESENTATION', 60, '', 'UI_19_HTML & CSS - 2', 'none', 1, 'now','f');
INSERT INTO lesson_cmsession (lesson_id, cmsession_id) VALUES (3677, 613);
INSERT INTO cmsession (id, title, description, order_id, created_at, is_deleted) VALUES (614, '20_HTML & CSS - 2', 'This session teaches how to change font properties in CSS. Style the page using the tags.', 2, 'now', 'f');
INSERT INTO cmsession_module (cmsession_id, module_id) VALUES (614, 144);
INSERT INTO lesson (id, type, duration, tags, title, subject, order_id, created_at, is_deleted) VALUES (3683,'PRESENTATION', 20, '', 'UI_20_HTML & CSS - 3', 'none', 1, 'now','f');
INSERT INTO lesson_cmsession (lesson_id, cmsession_id) VALUES (3683, 614);
INSERT INTO cmsession (id, title, description, order_id, created_at, is_deleted) VALUES (615, '21_HTML & CSS - 3', 'This session teaches how to set the size of an HTML element in CSS. Style the page using the tags.', 3, 'now', 'f');
INSERT INTO cmsession_module (cmsession_id, module_id) VALUES (615, 144);
INSERT INTO lesson (id, type, duration, tags, title, subject, order_id, created_at, is_deleted) VALUES (3689,'PRESENTATION', 20, '', 'UI_21_HTML & CSS - 3', 'none', 1, 'now','f');
INSERT INTO lesson_cmsession (lesson_id, cmsession_id) VALUES (3689, 615);
INSERT INTO cmsession (id, title, description, order_id, created_at, is_deleted) VALUES (616, '22_HTML & CSS - 4', 'This session teaches how to position an element in CSS. Style the page using the tags. Learn different types of positioning in CSS. Style the page using the tags.', 4, 'now', 'f');
INSERT INTO cmsession_module (cmsession_id, module_id) VALUES (616, 144);
INSERT INTO lesson (id, type, duration, tags, title, subject, order_id, created_at, is_deleted) VALUES (3695,'PRESENTATION', 20, '', 'UI_22_HTML & CSS - 4', 'none', 1, 'now','f');
INSERT INTO lesson_cmsession (lesson_id, cmsession_id) VALUES (3695, 616);
INSERT INTO cmsession (id, title, description, order_id, created_at, is_deleted) VALUES (617, '23_HTML & CSS - 5', 'This session teaches tables element in HTML and various styling possible in a HTML.', 5, 'now', 'f');
INSERT INTO cmsession_module (cmsession_id, module_id) VALUES (617, 144);
INSERT INTO lesson (id, type, duration, tags, title, subject, order_id, created_at, is_deleted) VALUES (3701,'PRESENTATION', 20, '', '23_HTML & CSS - Tables', 'none', 1, 'now','f');
INSERT INTO lesson_cmsession (lesson_id, cmsession_id) VALUES (3701, 617);
INSERT INTO cmsession (id, title, description, order_id, created_at, is_deleted) VALUES (618, '24_HTML & CSS - 6', 'This session teaches how to embed a webpage inside another using iframes. Teaches video element also.', 6, 'now', 'f');
INSERT INTO cmsession_module (cmsession_id, module_id) VALUES (618, 144);
INSERT INTO lesson (id, type, duration, tags, title, subject, order_id, created_at, is_deleted) VALUES (3707,'PRESENTATION', 20, '', '24_HTML & CSS - iframes', 'none', 1, 'now','f');
INSERT INTO lesson_cmsession (lesson_id, cmsession_id) VALUES (3707, 618);
INSERT INTO module (id, module_name, order_id, is_deleted) VALUES (145, 'Responsive Web Design', 8, 'f');
INSERT INTO module_course (module_id, course_id) VALUES (145, 14);
INSERT INTO cmsession (id, title, description, order_id, created_at, is_deleted) VALUES (619, '25_Introduction to RWD', 'This session is an introduction to responsive web design and use of bootstrap.', 1, 'now', 'f');
INSERT INTO cmsession_module (cmsession_id, module_id) VALUES (619, 145);
INSERT INTO lesson (id, type, duration, tags, title, subject, order_id, created_at, is_deleted) VALUES (3714,'PRESENTATION', 20, '', '25_UI_Introduction to RWD', 'none', 2, 'now','f');
INSERT INTO lesson_cmsession (lesson_id, cmsession_id) VALUES (3714, 619);
INSERT INTO cmsession (id, title, description, order_id, created_at, is_deleted) VALUES (620, '26_Bootstrap Introduction', 'This session teaches the boostrap grid system, class container and class row in bootstrap.', 2, 'now', 'f');
INSERT INTO cmsession_module (cmsession_id, module_id) VALUES (620, 145);
INSERT INTO lesson (id, type, duration, tags, title, subject, order_id, created_at, is_deleted) VALUES (3719,'PRESENTATION', 20, '', '26_Bootstrap_1', 'none', 1, 'now','f');
INSERT INTO lesson_cmsession (lesson_id, cmsession_id) VALUES (3719, 620);
INSERT INTO cmsession (id, title, description, order_id, created_at, is_deleted) VALUES (621, '27_Bootstrap Handson', 'This session teaches jumbotron in bootstrap. Develop a page header using jumbotron.', 3, 'now', 'f');
INSERT INTO cmsession_module (cmsession_id, module_id) VALUES (621, 145);
INSERT INTO lesson (id, type, duration, tags, title, subject, order_id, created_at, is_deleted) VALUES (3725,'PRESENTATION', 20, '', '27_UI_Bootstrap2', 'none', 1, 'now','f');
INSERT INTO lesson_cmsession (lesson_id, cmsession_id) VALUES (3725, 621);
INSERT INTO cmsession (id, title, description, order_id, created_at, is_deleted) VALUES (622, '28_Bootstrap Handson', 'This session teaches on how to develop supporting content using bootstrap.', 4, 'now', 'f');
INSERT INTO cmsession_module (cmsession_id, module_id) VALUES (622, 145);
INSERT INTO lesson (id, type, duration, tags, title, subject, order_id, created_at, is_deleted) VALUES (3731,'PRESENTATION', 60, '', '28_UI_Bootstrap3', 'none', 1, 'now','f');
INSERT INTO lesson_cmsession (lesson_id, cmsession_id) VALUES (3731, 622);
INSERT INTO module (id, module_name, order_id, is_deleted) VALUES (146, 'Project', 9, 'f');
INSERT INTO module_course (module_id, course_id) VALUES (146, 14);
INSERT INTO cmsession (id, title, description, order_id, created_at, is_deleted) VALUES (623, 'Project', 'Project', 1, 'now', 'f');
INSERT INTO cmsession_module (cmsession_id, module_id) VALUES (623, 146);
INSERT INTO lesson (id, type, duration, tags, title, subject, order_id, created_at, is_deleted) VALUES (3737,'PRESENTATION', 60, '', '29_UI_Project_1', 'none', 1, 'now','f');
INSERT INTO lesson_cmsession (lesson_id, cmsession_id) VALUES (3737, 623);
INSERT INTO cmsession (id, title, description, order_id, created_at, is_deleted) VALUES (624, 'Project', 'Project', 2, 'now', 'f');
INSERT INTO cmsession_module (cmsession_id, module_id) VALUES (624, 146);
INSERT INTO lesson (id, type, duration, tags, title, subject, order_id, created_at, is_deleted) VALUES (3743,'PRESENTATION', 60, '', '30_UI_Project_2', 'none', 1, 'now','f');
INSERT INTO lesson_cmsession (lesson_id, cmsession_id) VALUES (3743, 624);
INSERT INTO lesson (id, type, duration, tags, title, subject, order_id, created_at, is_deleted) VALUES (5676,'PRESENTATION', 60, '', 'Programming Basics_01', 'none', 3, 'now','f');
INSERT INTO lesson_cmsession (lesson_id, cmsession_id) VALUES (5676, 624);
INSERT INTO module (id, module_name, order_id, is_deleted) VALUES (311, 'Midterm Assessment', 10, 'f');
INSERT INTO module_course (module_id, course_id) VALUES (311, 14);
INSERT INTO course (id, course_name, course_description, tags, created_at) VALUES (15, 'Wealth management Level I', 'Risk, valuation, management of risk, equity valuation, other financial instruments like REITS, commodities', NULL, 'now');
INSERT INTO module (id, module_name, order_id, is_deleted) VALUES (147, 'Alternate Investment Funds', 1, 'f');
INSERT INTO module_course (module_id, course_id) VALUES (147, 15);
INSERT INTO cmsession (id, title, description, order_id, created_at, is_deleted) VALUES (646, 'Alternate Investment Funds', 'Alternate Investment Funds', 1, 'now', 'f');
INSERT INTO cmsession_module (cmsession_id, module_id) VALUES (646, 147);
INSERT INTO lesson (id, type, duration, tags, title, subject, order_id, created_at, is_deleted) VALUES (3889,'PRESENTATION', 20, '', 'LESSON-0', 'NONE', 1, 'now','f');
INSERT INTO lesson_cmsession (lesson_id, cmsession_id) VALUES (3889, 646);
INSERT INTO lesson (id, type, duration, tags, title, subject, order_id, created_at, is_deleted) VALUES (3890,'PRESENTATION', 20, '', 'LESSON-1', 'NONE', 2, 'now','f');
INSERT INTO lesson_cmsession (lesson_id, cmsession_id) VALUES (3890, 646);
INSERT INTO lesson (id, type, duration, tags, title, subject, order_id, created_at, is_deleted) VALUES (3891,'PRESENTATION', 20, '', 'LESSON-2', 'NONE', 3, 'now','f');
INSERT INTO lesson_cmsession (lesson_id, cmsession_id) VALUES (3891, 646);
INSERT INTO lesson (id, type, duration, tags, title, subject, order_id, created_at, is_deleted) VALUES (3892,'PRESENTATION', 20, '', 'LESSON-3', 'NONE', 4, 'now','f');
INSERT INTO lesson_cmsession (lesson_id, cmsession_id) VALUES (3892, 646);
INSERT INTO lesson (id, type, duration, tags, title, subject, order_id, created_at, is_deleted) VALUES (3893,'PRESENTATION', 20, '', 'LESSON-4', 'NONE', 5, 'now','f');
INSERT INTO lesson_cmsession (lesson_id, cmsession_id) VALUES (3893, 646);
INSERT INTO lesson (id, type, duration, tags, title, subject, order_id, created_at, is_deleted) VALUES (3894,'PRESENTATION', 20, '', 'LESSON-5', 'NONE', 6, 'now','f');
INSERT INTO lesson_cmsession (lesson_id, cmsession_id) VALUES (3894, 646);
INSERT INTO cmsession (id, title, description, order_id, created_at, is_deleted) VALUES (647, 'Alternate Investment Funds', 'Alternate Investment Funds', 2, 'now', 'f');
INSERT INTO cmsession_module (cmsession_id, module_id) VALUES (647, 147);
INSERT INTO lesson (id, type, duration, tags, title, subject, order_id, created_at, is_deleted) VALUES (3895,'PRESENTATION', 20, '', 'LESSON-0', 'NONE', 1, 'now','f');
INSERT INTO lesson_cmsession (lesson_id, cmsession_id) VALUES (3895, 647);
INSERT INTO lesson (id, type, duration, tags, title, subject, order_id, created_at, is_deleted) VALUES (3896,'PRESENTATION', 20, '', 'LESSON-1', 'NONE', 2, 'now','f');
INSERT INTO lesson_cmsession (lesson_id, cmsession_id) VALUES (3896, 647);
INSERT INTO lesson (id, type, duration, tags, title, subject, order_id, created_at, is_deleted) VALUES (3897,'PRESENTATION', 20, '', 'LESSON-2', 'NONE', 3, 'now','f');
INSERT INTO lesson_cmsession (lesson_id, cmsession_id) VALUES (3897, 647);
INSERT INTO lesson (id, type, duration, tags, title, subject, order_id, created_at, is_deleted) VALUES (3898,'PRESENTATION', 20, '', 'LESSON-3', 'NONE', 4, 'now','f');
INSERT INTO lesson_cmsession (lesson_id, cmsession_id) VALUES (3898, 647);
INSERT INTO lesson (id, type, duration, tags, title, subject, order_id, created_at, is_deleted) VALUES (3899,'PRESENTATION', 20, '', 'LESSON-4', 'NONE', 5, 'now','f');
INSERT INTO lesson_cmsession (lesson_id, cmsession_id) VALUES (3899, 647);
INSERT INTO lesson (id, type, duration, tags, title, subject, order_id, created_at, is_deleted) VALUES (3900,'PRESENTATION', 20, '', 'LESSON-5', 'NONE', 6, 'now','f');
INSERT INTO lesson_cmsession (lesson_id, cmsession_id) VALUES (3900, 647);
INSERT INTO module (id, module_name, order_id, is_deleted) VALUES (148, 'Commodities', 2, 'f');
INSERT INTO module_course (module_id, course_id) VALUES (148, 15);
INSERT INTO cmsession (id, title, description, order_id, created_at, is_deleted) VALUES (648, 'Commodities', 'Commodities', 1, 'now', 'f');
INSERT INTO cmsession_module (cmsession_id, module_id) VALUES (648, 148);
INSERT INTO lesson (id, type, duration, tags, title, subject, order_id, created_at, is_deleted) VALUES (3901,'PRESENTATION', 20, '', 'LESSON-0', 'NONE', 1, 'now','f');
INSERT INTO lesson_cmsession (lesson_id, cmsession_id) VALUES (3901, 648);
INSERT INTO lesson (id, type, duration, tags, title, subject, order_id, created_at, is_deleted) VALUES (3902,'PRESENTATION', 20, '', 'LESSON-1', 'NONE', 2, 'now','f');
INSERT INTO lesson_cmsession (lesson_id, cmsession_id) VALUES (3902, 648);
INSERT INTO lesson (id, type, duration, tags, title, subject, order_id, created_at, is_deleted) VALUES (3903,'PRESENTATION', 20, '', 'LESSON-2', 'NONE', 3, 'now','f');
INSERT INTO lesson_cmsession (lesson_id, cmsession_id) VALUES (3903, 648);
INSERT INTO lesson (id, type, duration, tags, title, subject, order_id, created_at, is_deleted) VALUES (3904,'PRESENTATION', 20, '', 'LESSON-3', 'NONE', 4, 'now','f');
INSERT INTO lesson_cmsession (lesson_id, cmsession_id) VALUES (3904, 648);
INSERT INTO lesson (id, type, duration, tags, title, subject, order_id, created_at, is_deleted) VALUES (3905,'PRESENTATION', 20, '', 'LESSON-4', 'NONE', 5, 'now','f');
INSERT INTO lesson_cmsession (lesson_id, cmsession_id) VALUES (3905, 648);
INSERT INTO lesson (id, type, duration, tags, title, subject, order_id, created_at, is_deleted) VALUES (3906,'PRESENTATION', 20, '', 'LESSON-5', 'NONE', 6, 'now','f');
INSERT INTO lesson_cmsession (lesson_id, cmsession_id) VALUES (3906, 648);
INSERT INTO cmsession (id, title, description, order_id, created_at, is_deleted) VALUES (649, 'Commodities', 'Commodities', 2, 'now', 'f');
INSERT INTO cmsession_module (cmsession_id, module_id) VALUES (649, 148);
INSERT INTO lesson (id, type, duration, tags, title, subject, order_id, created_at, is_deleted) VALUES (3907,'PRESENTATION', 20, '', 'LESSON-0', 'NONE', 1, 'now','f');
INSERT INTO lesson_cmsession (lesson_id, cmsession_id) VALUES (3907, 649);
INSERT INTO lesson (id, type, duration, tags, title, subject, order_id, created_at, is_deleted) VALUES (3908,'PRESENTATION', 20, '', 'LESSON-1', 'NONE', 2, 'now','f');
INSERT INTO lesson_cmsession (lesson_id, cmsession_id) VALUES (3908, 649);
INSERT INTO lesson (id, type, duration, tags, title, subject, order_id, created_at, is_deleted) VALUES (3909,'PRESENTATION', 20, '', 'LESSON-2', 'NONE', 3, 'now','f');
INSERT INTO lesson_cmsession (lesson_id, cmsession_id) VALUES (3909, 649);
INSERT INTO lesson (id, type, duration, tags, title, subject, order_id, created_at, is_deleted) VALUES (3910,'PRESENTATION', 20, '', 'LESSON-3', 'NONE', 4, 'now','f');
INSERT INTO lesson_cmsession (lesson_id, cmsession_id) VALUES (3910, 649);
INSERT INTO lesson (id, type, duration, tags, title, subject, order_id, created_at, is_deleted) VALUES (3911,'PRESENTATION', 20, '', 'LESSON-4', 'NONE', 5, 'now','f');
INSERT INTO lesson_cmsession (lesson_id, cmsession_id) VALUES (3911, 649);
INSERT INTO lesson (id, type, duration, tags, title, subject, order_id, created_at, is_deleted) VALUES (3912,'PRESENTATION', 20, '', 'LESSON-5', 'NONE', 6, 'now','f');
INSERT INTO lesson_cmsession (lesson_id, cmsession_id) VALUES (3912, 649);
INSERT INTO module (id, module_name, order_id, is_deleted) VALUES (149, 'Real Estate Investment Trusts', 3, 'f');
INSERT INTO module_course (module_id, course_id) VALUES (149, 15);
INSERT INTO cmsession (id, title, description, order_id, created_at, is_deleted) VALUES (650, 'Real Estate Investment Trusts', 'Real Estate Investment Trusts', 1, 'now', 'f');
INSERT INTO cmsession_module (cmsession_id, module_id) VALUES (650, 149);
INSERT INTO lesson (id, type, duration, tags, title, subject, order_id, created_at, is_deleted) VALUES (3913,'PRESENTATION', 20, '', 'LESSON-0', 'NONE', 1, 'now','f');
INSERT INTO lesson_cmsession (lesson_id, cmsession_id) VALUES (3913, 650);
INSERT INTO lesson (id, type, duration, tags, title, subject, order_id, created_at, is_deleted) VALUES (3914,'PRESENTATION', 20, '', 'LESSON-1', 'NONE', 2, 'now','f');
INSERT INTO lesson_cmsession (lesson_id, cmsession_id) VALUES (3914, 650);
INSERT INTO lesson (id, type, duration, tags, title, subject, order_id, created_at, is_deleted) VALUES (3915,'PRESENTATION', 20, '', 'LESSON-2', 'NONE', 3, 'now','f');
INSERT INTO lesson_cmsession (lesson_id, cmsession_id) VALUES (3915, 650);
INSERT INTO lesson (id, type, duration, tags, title, subject, order_id, created_at, is_deleted) VALUES (3916,'PRESENTATION', 20, '', 'LESSON-3', 'NONE', 4, 'now','f');
INSERT INTO lesson_cmsession (lesson_id, cmsession_id) VALUES (3916, 650);
INSERT INTO lesson (id, type, duration, tags, title, subject, order_id, created_at, is_deleted) VALUES (3917,'PRESENTATION', 20, '', 'LESSON-4', 'NONE', 5, 'now','f');
INSERT INTO lesson_cmsession (lesson_id, cmsession_id) VALUES (3917, 650);
INSERT INTO lesson (id, type, duration, tags, title, subject, order_id, created_at, is_deleted) VALUES (3918,'PRESENTATION', 20, '', 'LESSON-5', 'NONE', 6, 'now','f');
INSERT INTO lesson_cmsession (lesson_id, cmsession_id) VALUES (3918, 650);
INSERT INTO cmsession (id, title, description, order_id, created_at, is_deleted) VALUES (651, 'Real Estate Investment Trusts', 'Real Estate Investment Trusts', 2, 'now', 'f');
INSERT INTO cmsession_module (cmsession_id, module_id) VALUES (651, 149);
INSERT INTO lesson (id, type, duration, tags, title, subject, order_id, created_at, is_deleted) VALUES (3919,'PRESENTATION', 20, '', 'LESSON-0', 'NONE', 1, 'now','f');
INSERT INTO lesson_cmsession (lesson_id, cmsession_id) VALUES (3919, 651);
INSERT INTO lesson (id, type, duration, tags, title, subject, order_id, created_at, is_deleted) VALUES (3920,'PRESENTATION', 20, '', 'LESSON-1', 'NONE', 2, 'now','f');
INSERT INTO lesson_cmsession (lesson_id, cmsession_id) VALUES (3920, 651);
INSERT INTO lesson (id, type, duration, tags, title, subject, order_id, created_at, is_deleted) VALUES (3921,'PRESENTATION', 20, '', 'LESSON-2', 'NONE', 3, 'now','f');
INSERT INTO lesson_cmsession (lesson_id, cmsession_id) VALUES (3921, 651);
INSERT INTO lesson (id, type, duration, tags, title, subject, order_id, created_at, is_deleted) VALUES (3922,'PRESENTATION', 20, '', 'LESSON-3', 'NONE', 4, 'now','f');
INSERT INTO lesson_cmsession (lesson_id, cmsession_id) VALUES (3922, 651);
INSERT INTO lesson (id, type, duration, tags, title, subject, order_id, created_at, is_deleted) VALUES (3923,'PRESENTATION', 20, '', 'LESSON-4', 'NONE', 5, 'now','f');
INSERT INTO lesson_cmsession (lesson_id, cmsession_id) VALUES (3923, 651);
INSERT INTO lesson (id, type, duration, tags, title, subject, order_id, created_at, is_deleted) VALUES (3924,'PRESENTATION', 20, '', 'LESSON-5', 'NONE', 6, 'now','f');
INSERT INTO lesson_cmsession (lesson_id, cmsession_id) VALUES (3924, 651);
INSERT INTO module (id, module_name, order_id, is_deleted) VALUES (150, 'Pensions', 4, 'f');
INSERT INTO module_course (module_id, course_id) VALUES (150, 15);
INSERT INTO cmsession (id, title, description, order_id, created_at, is_deleted) VALUES (652, 'Pensions', 'Pensions', 1, 'now', 'f');
INSERT INTO cmsession_module (cmsession_id, module_id) VALUES (652, 150);
INSERT INTO lesson (id, type, duration, tags, title, subject, order_id, created_at, is_deleted) VALUES (3925,'PRESENTATION', 20, '', 'LESSON-0', 'NONE', 1, 'now','f');
INSERT INTO lesson_cmsession (lesson_id, cmsession_id) VALUES (3925, 652);
INSERT INTO lesson (id, type, duration, tags, title, subject, order_id, created_at, is_deleted) VALUES (3926,'PRESENTATION', 20, '', 'LESSON-1', 'NONE', 2, 'now','f');
INSERT INTO lesson_cmsession (lesson_id, cmsession_id) VALUES (3926, 652);
INSERT INTO lesson (id, type, duration, tags, title, subject, order_id, created_at, is_deleted) VALUES (3927,'PRESENTATION', 20, '', 'LESSON-2', 'NONE', 3, 'now','f');
INSERT INTO lesson_cmsession (lesson_id, cmsession_id) VALUES (3927, 652);
INSERT INTO lesson (id, type, duration, tags, title, subject, order_id, created_at, is_deleted) VALUES (3928,'PRESENTATION', 20, '', 'LESSON-3', 'NONE', 4, 'now','f');
INSERT INTO lesson_cmsession (lesson_id, cmsession_id) VALUES (3928, 652);
INSERT INTO lesson (id, type, duration, tags, title, subject, order_id, created_at, is_deleted) VALUES (3929,'PRESENTATION', 20, '', 'LESSON-4', 'NONE', 5, 'now','f');
INSERT INTO lesson_cmsession (lesson_id, cmsession_id) VALUES (3929, 652);
INSERT INTO lesson (id, type, duration, tags, title, subject, order_id, created_at, is_deleted) VALUES (3930,'PRESENTATION', 20, '', 'LESSON-5', 'NONE', 6, 'now','f');
INSERT INTO lesson_cmsession (lesson_id, cmsession_id) VALUES (3930, 652);
INSERT INTO cmsession (id, title, description, order_id, created_at, is_deleted) VALUES (653, 'Pensions', 'Pensions', 2, 'now', 'f');
INSERT INTO cmsession_module (cmsession_id, module_id) VALUES (653, 150);
INSERT INTO lesson (id, type, duration, tags, title, subject, order_id, created_at, is_deleted) VALUES (3931,'PRESENTATION', 20, '', 'LESSON-0', 'NONE', 1, 'now','f');
INSERT INTO lesson_cmsession (lesson_id, cmsession_id) VALUES (3931, 653);
INSERT INTO lesson (id, type, duration, tags, title, subject, order_id, created_at, is_deleted) VALUES (3932,'PRESENTATION', 20, '', 'LESSON-1', 'NONE', 2, 'now','f');
INSERT INTO lesson_cmsession (lesson_id, cmsession_id) VALUES (3932, 653);
INSERT INTO lesson (id, type, duration, tags, title, subject, order_id, created_at, is_deleted) VALUES (3933,'PRESENTATION', 20, '', 'LESSON-2', 'NONE', 3, 'now','f');
INSERT INTO lesson_cmsession (lesson_id, cmsession_id) VALUES (3933, 653);
INSERT INTO lesson (id, type, duration, tags, title, subject, order_id, created_at, is_deleted) VALUES (3934,'PRESENTATION', 20, '', 'LESSON-3', 'NONE', 4, 'now','f');
INSERT INTO lesson_cmsession (lesson_id, cmsession_id) VALUES (3934, 653);
INSERT INTO lesson (id, type, duration, tags, title, subject, order_id, created_at, is_deleted) VALUES (3935,'PRESENTATION', 20, '', 'LESSON-4', 'NONE', 5, 'now','f');
INSERT INTO lesson_cmsession (lesson_id, cmsession_id) VALUES (3935, 653);
INSERT INTO lesson (id, type, duration, tags, title, subject, order_id, created_at, is_deleted) VALUES (3936,'PRESENTATION', 20, '', 'LESSON-5', 'NONE', 6, 'now','f');
INSERT INTO lesson_cmsession (lesson_id, cmsession_id) VALUES (3936, 653);
INSERT INTO module (id, module_name, order_id, is_deleted) VALUES (151, 'Client Servicing-HNI', 5, 'f');
INSERT INTO module_course (module_id, course_id) VALUES (151, 15);
INSERT INTO cmsession (id, title, description, order_id, created_at, is_deleted) VALUES (654, 'Client Servicing-HNI', 'Client Servicing-HNI', 1, 'now', 'f');
INSERT INTO cmsession_module (cmsession_id, module_id) VALUES (654, 151);
INSERT INTO lesson (id, type, duration, tags, title, subject, order_id, created_at, is_deleted) VALUES (3937,'PRESENTATION', 20, '', 'LESSON-0', 'NONE', 1, 'now','f');
INSERT INTO lesson_cmsession (lesson_id, cmsession_id) VALUES (3937, 654);
INSERT INTO lesson (id, type, duration, tags, title, subject, order_id, created_at, is_deleted) VALUES (3938,'PRESENTATION', 20, '', 'LESSON-1', 'NONE', 2, 'now','f');
INSERT INTO lesson_cmsession (lesson_id, cmsession_id) VALUES (3938, 654);
INSERT INTO lesson (id, type, duration, tags, title, subject, order_id, created_at, is_deleted) VALUES (3939,'PRESENTATION', 20, '', 'LESSON-2', 'NONE', 3, 'now','f');
INSERT INTO lesson_cmsession (lesson_id, cmsession_id) VALUES (3939, 654);
INSERT INTO lesson (id, type, duration, tags, title, subject, order_id, created_at, is_deleted) VALUES (3940,'PRESENTATION', 20, '', 'LESSON-3', 'NONE', 4, 'now','f');
INSERT INTO lesson_cmsession (lesson_id, cmsession_id) VALUES (3940, 654);
INSERT INTO lesson (id, type, duration, tags, title, subject, order_id, created_at, is_deleted) VALUES (3941,'PRESENTATION', 20, '', 'LESSON-4', 'NONE', 5, 'now','f');
INSERT INTO lesson_cmsession (lesson_id, cmsession_id) VALUES (3941, 654);
INSERT INTO lesson (id, type, duration, tags, title, subject, order_id, created_at, is_deleted) VALUES (3942,'PRESENTATION', 20, '', 'LESSON-5', 'NONE', 6, 'now','f');
INSERT INTO lesson_cmsession (lesson_id, cmsession_id) VALUES (3942, 654);
INSERT INTO course (id, course_name, course_description, tags, created_at) VALUES (16, 'Wealth management Level II', 'Risk, valuation, management of risk, equity valuation, other financial instruments like REITS, commodities', NULL, 'now');
INSERT INTO module (id, module_name, order_id, is_deleted) VALUES (152, 'Risk vs. Uncertainty', 1, 'f');
INSERT INTO module_course (module_id, course_id) VALUES (152, 16);
INSERT INTO cmsession (id, title, description, order_id, created_at, is_deleted) VALUES (655, 'Risk vs Uncertainty', 'Risk vs Uncertainty', 1, 'now', 'f');
INSERT INTO cmsession_module (cmsession_id, module_id) VALUES (655, 152);
INSERT INTO lesson (id, type, duration, tags, title, subject, order_id, created_at, is_deleted) VALUES (3943,'PRESENTATION', 20, '', '01_Risk_vs_Uncertainty', 'none', 1, 'now','f');
INSERT INTO lesson_cmsession (lesson_id, cmsession_id) VALUES (3943, 655);
INSERT INTO lesson (id, type, duration, tags, title, subject, order_id, created_at, is_deleted) VALUES (3945,'PRESENTATION', 20, '', 'LESSON-2', 'NONE', 3, 'now','f');
INSERT INTO lesson_cmsession (lesson_id, cmsession_id) VALUES (3945, 655);
INSERT INTO lesson (id, type, duration, tags, title, subject, order_id, created_at, is_deleted) VALUES (3946,'PRESENTATION', 20, '', 'LESSON-3', 'NONE', 4, 'now','f');
INSERT INTO lesson_cmsession (lesson_id, cmsession_id) VALUES (3946, 655);
INSERT INTO lesson (id, type, duration, tags, title, subject, order_id, created_at, is_deleted) VALUES (3947,'PRESENTATION', 20, '', 'LESSON-4', 'NONE', 5, 'now','f');
INSERT INTO lesson_cmsession (lesson_id, cmsession_id) VALUES (3947, 655);
INSERT INTO lesson (id, type, duration, tags, title, subject, order_id, created_at, is_deleted) VALUES (3948,'PRESENTATION', 20, '', 'LESSON-5', 'NONE', 6, 'now','f');
INSERT INTO lesson_cmsession (lesson_id, cmsession_id) VALUES (3948, 655);
INSERT INTO module (id, module_name, order_id, is_deleted) VALUES (153, 'Identifying of Risk', 2, 'f');
INSERT INTO module_course (module_id, course_id) VALUES (153, 16);
INSERT INTO cmsession (id, title, description, order_id, created_at, is_deleted) VALUES (656, 'Identification of Risk', 'Identification of Risk', 1, 'now', 'f');
INSERT INTO cmsession_module (cmsession_id, module_id) VALUES (656, 153);
INSERT INTO lesson (id, type, duration, tags, title, subject, order_id, created_at, is_deleted) VALUES (3949,'PRESENTATION', 20, '', '02_Identification of risk', 'none', 1, 'now','f');
INSERT INTO lesson_cmsession (lesson_id, cmsession_id) VALUES (3949, 656);
INSERT INTO lesson (id, type, duration, tags, title, subject, order_id, created_at, is_deleted) VALUES (3951,'PRESENTATION', 20, '', 'LESSON-2', 'NONE', 3, 'now','f');
INSERT INTO lesson_cmsession (lesson_id, cmsession_id) VALUES (3951, 656);
INSERT INTO lesson (id, type, duration, tags, title, subject, order_id, created_at, is_deleted) VALUES (3952,'PRESENTATION', 20, '', 'LESSON-3', 'NONE', 4, 'now','f');
INSERT INTO lesson_cmsession (lesson_id, cmsession_id) VALUES (3952, 656);
INSERT INTO lesson (id, type, duration, tags, title, subject, order_id, created_at, is_deleted) VALUES (3953,'PRESENTATION', 20, '', 'LESSON-4', 'NONE', 5, 'now','f');
INSERT INTO lesson_cmsession (lesson_id, cmsession_id) VALUES (3953, 656);
INSERT INTO lesson (id, type, duration, tags, title, subject, order_id, created_at, is_deleted) VALUES (3954,'PRESENTATION', 20, '', 'LESSON-5', 'NONE', 6, 'now','f');
INSERT INTO lesson_cmsession (lesson_id, cmsession_id) VALUES (3954, 656);
INSERT INTO module (id, module_name, order_id, is_deleted) VALUES (154, 'Assessment of Risk', 3, 'f');
INSERT INTO module_course (module_id, course_id) VALUES (154, 16);
INSERT INTO cmsession (id, title, description, order_id, created_at, is_deleted) VALUES (657, 'Measuring and assessing risk', 'Measuring and assessing risk', 1, 'now', 'f');
INSERT INTO cmsession_module (cmsession_id, module_id) VALUES (657, 154);
INSERT INTO lesson (id, type, duration, tags, title, subject, order_id, created_at, is_deleted) VALUES (3955,'PRESENTATION', 20, '', '03_Measuring_Risk_I', 'none', 1, 'now','f');
INSERT INTO lesson_cmsession (lesson_id, cmsession_id) VALUES (3955, 657);
INSERT INTO lesson (id, type, duration, tags, title, subject, order_id, created_at, is_deleted) VALUES (3957,'PRESENTATION', 20, '', 'LESSON-2', 'NONE', 3, 'now','f');
INSERT INTO lesson_cmsession (lesson_id, cmsession_id) VALUES (3957, 657);
INSERT INTO lesson (id, type, duration, tags, title, subject, order_id, created_at, is_deleted) VALUES (3958,'PRESENTATION', 20, '', 'LESSON-3', 'NONE', 4, 'now','f');
INSERT INTO lesson_cmsession (lesson_id, cmsession_id) VALUES (3958, 657);
INSERT INTO lesson (id, type, duration, tags, title, subject, order_id, created_at, is_deleted) VALUES (3959,'PRESENTATION', 20, '', 'LESSON-4', 'NONE', 5, 'now','f');
INSERT INTO lesson_cmsession (lesson_id, cmsession_id) VALUES (3959, 657);
INSERT INTO lesson (id, type, duration, tags, title, subject, order_id, created_at, is_deleted) VALUES (3960,'PRESENTATION', 20, '', 'LESSON-5', 'NONE', 6, 'now','f');
INSERT INTO lesson_cmsession (lesson_id, cmsession_id) VALUES (3960, 657);
INSERT INTO cmsession (id, title, description, order_id, created_at, is_deleted) VALUES (658, 'Assessing Risk', 'Assessing Risk', 2, 'now', 'f');
INSERT INTO cmsession_module (cmsession_id, module_id) VALUES (658, 154);
INSERT INTO lesson (id, type, duration, tags, title, subject, order_id, created_at, is_deleted) VALUES (3961,'PRESENTATION', 20, '', '04_Measuring_Risk_II', 'none', 1, 'now','f');
INSERT INTO lesson_cmsession (lesson_id, cmsession_id) VALUES (3961, 658);
INSERT INTO lesson (id, type, duration, tags, title, subject, order_id, created_at, is_deleted) VALUES (3963,'PRESENTATION', 20, '', 'LESSON-2', 'NONE', 3, 'now','f');
INSERT INTO lesson_cmsession (lesson_id, cmsession_id) VALUES (3963, 658);
INSERT INTO lesson (id, type, duration, tags, title, subject, order_id, created_at, is_deleted) VALUES (3964,'PRESENTATION', 20, '', 'LESSON-3', 'NONE', 4, 'now','f');
INSERT INTO lesson_cmsession (lesson_id, cmsession_id) VALUES (3964, 658);
INSERT INTO lesson (id, type, duration, tags, title, subject, order_id, created_at, is_deleted) VALUES (3965,'PRESENTATION', 20, '', 'LESSON-4', 'NONE', 5, 'now','f');
INSERT INTO lesson_cmsession (lesson_id, cmsession_id) VALUES (3965, 658);
INSERT INTO lesson (id, type, duration, tags, title, subject, order_id, created_at, is_deleted) VALUES (3966,'PRESENTATION', 20, '', 'LESSON-5', 'NONE', 6, 'now','f');
INSERT INTO lesson_cmsession (lesson_id, cmsession_id) VALUES (3966, 658);
INSERT INTO module (id, module_name, order_id, is_deleted) VALUES (155, 'Risk Game', 4, 'f');
INSERT INTO module_course (module_id, course_id) VALUES (155, 16);
INSERT INTO cmsession (id, title, description, order_id, created_at, is_deleted) VALUES (659, 'The Risk Game', 'The Risk Game', 1, 'now', 'f');
INSERT INTO cmsession_module (cmsession_id, module_id) VALUES (659, 155);
INSERT INTO lesson (id, type, duration, tags, title, subject, order_id, created_at, is_deleted) VALUES (3967,'PRESENTATION', 20, '', '05_The_Risk_Game', 'none', 1, 'now','f');
INSERT INTO lesson_cmsession (lesson_id, cmsession_id) VALUES (3967, 659);
INSERT INTO lesson (id, type, duration, tags, title, subject, order_id, created_at, is_deleted) VALUES (3969,'PRESENTATION', 20, '', 'LESSON-2', 'NONE', 3, 'now','f');
INSERT INTO lesson_cmsession (lesson_id, cmsession_id) VALUES (3969, 659);
INSERT INTO lesson (id, type, duration, tags, title, subject, order_id, created_at, is_deleted) VALUES (3970,'PRESENTATION', 20, '', 'LESSON-3', 'NONE', 4, 'now','f');
INSERT INTO lesson_cmsession (lesson_id, cmsession_id) VALUES (3970, 659);
INSERT INTO lesson (id, type, duration, tags, title, subject, order_id, created_at, is_deleted) VALUES (3971,'PRESENTATION', 20, '', 'LESSON-4', 'NONE', 5, 'now','f');
INSERT INTO lesson_cmsession (lesson_id, cmsession_id) VALUES (3971, 659);
INSERT INTO lesson (id, type, duration, tags, title, subject, order_id, created_at, is_deleted) VALUES (3972,'PRESENTATION', 20, '', 'LESSON-5', 'NONE', 6, 'now','f');
INSERT INTO lesson_cmsession (lesson_id, cmsession_id) VALUES (3972, 659);
INSERT INTO module (id, module_name, order_id, is_deleted) VALUES (156, 'Equities', 5, 'f');
INSERT INTO module_course (module_id, course_id) VALUES (156, 16);
INSERT INTO cmsession (id, title, description, order_id, created_at, is_deleted) VALUES (660, 'Equities', 'This session teaches the students concepts of equities', 1, 'now', 'f');
INSERT INTO cmsession_module (cmsession_id, module_id) VALUES (660, 156);
INSERT INTO lesson (id, type, duration, tags, title, subject, order_id, created_at, is_deleted) VALUES (3973,'PRESENTATION', 20, '', '06_Diversification_of_Risk_I', 'none', 1, 'now','f');
INSERT INTO lesson_cmsession (lesson_id, cmsession_id) VALUES (3973, 660);
INSERT INTO lesson (id, type, duration, tags, title, subject, order_id, created_at, is_deleted) VALUES (3974,'PRESENTATION', 20, '', '06_Introduction to Equities', 'none', 2, 'now','f');
INSERT INTO lesson_cmsession (lesson_id, cmsession_id) VALUES (3974, 660);
INSERT INTO lesson (id, type, duration, tags, title, subject, order_id, created_at, is_deleted) VALUES (3975,'PRESENTATION', 20, '', 'LESSON-2', 'NONE', 3, 'now','f');
INSERT INTO lesson_cmsession (lesson_id, cmsession_id) VALUES (3975, 660);
INSERT INTO lesson (id, type, duration, tags, title, subject, order_id, created_at, is_deleted) VALUES (3976,'PRESENTATION', 20, '', 'LESSON-3', 'NONE', 4, 'now','f');
INSERT INTO lesson_cmsession (lesson_id, cmsession_id) VALUES (3976, 660);
INSERT INTO lesson (id, type, duration, tags, title, subject, order_id, created_at, is_deleted) VALUES (3977,'PRESENTATION', 20, '', 'LESSON-4', 'NONE', 5, 'now','f');
INSERT INTO lesson_cmsession (lesson_id, cmsession_id) VALUES (3977, 660);
INSERT INTO lesson (id, type, duration, tags, title, subject, order_id, created_at, is_deleted) VALUES (3978,'PRESENTATION', 20, '', 'LESSON-5', 'NONE', 6, 'now','f');
INSERT INTO lesson_cmsession (lesson_id, cmsession_id) VALUES (3978, 660);
INSERT INTO cmsession (id, title, description, order_id, created_at, is_deleted) VALUES (661, 'Returns on equity', 'This session enables the students to calculate returns on equities', 2, 'now', 'f');
INSERT INTO cmsession_module (cmsession_id, module_id) VALUES (661, 156);
INSERT INTO lesson (id, type, duration, tags, title, subject, order_id, created_at, is_deleted) VALUES (3979,'PRESENTATION', 20, '', '07_Diversification of Risk II', 'none', 1, 'now','f');
INSERT INTO lesson_cmsession (lesson_id, cmsession_id) VALUES (3979, 661);
INSERT INTO lesson (id, type, duration, tags, title, subject, order_id, created_at, is_deleted) VALUES (3980,'PRESENTATION', 20, '', '07_Return on equity', 'none', 2, 'now','f');
INSERT INTO lesson_cmsession (lesson_id, cmsession_id) VALUES (3980, 661);
INSERT INTO lesson (id, type, duration, tags, title, subject, order_id, created_at, is_deleted) VALUES (3981,'PRESENTATION', 20, '', 'LESSON-2', 'NONE', 3, 'now','f');
INSERT INTO lesson_cmsession (lesson_id, cmsession_id) VALUES (3981, 661);
INSERT INTO lesson (id, type, duration, tags, title, subject, order_id, created_at, is_deleted) VALUES (3982,'PRESENTATION', 20, '', 'LESSON-3', 'NONE', 4, 'now','f');
INSERT INTO lesson_cmsession (lesson_id, cmsession_id) VALUES (3982, 661);
INSERT INTO lesson (id, type, duration, tags, title, subject, order_id, created_at, is_deleted) VALUES (3983,'PRESENTATION', 20, '', 'LESSON-4', 'NONE', 5, 'now','f');
INSERT INTO lesson_cmsession (lesson_id, cmsession_id) VALUES (3983, 661);
INSERT INTO lesson (id, type, duration, tags, title, subject, order_id, created_at, is_deleted) VALUES (3984,'PRESENTATION', 20, '', 'LESSON-5', 'NONE', 6, 'now','f');
INSERT INTO lesson_cmsession (lesson_id, cmsession_id) VALUES (3984, 661);
INSERT INTO cmsession (id, title, description, order_id, created_at, is_deleted) VALUES (1346, 'Valuation of Equity', 'This session teaches the students to value equities and use dividend models', 3, 'now', 'f');
INSERT INTO cmsession_module (cmsession_id, module_id) VALUES (1346, 156);
INSERT INTO lesson (id, type, duration, tags, title, subject, order_id, created_at, is_deleted) VALUES (6528,'PRESENTATION', 60, '', '08_Valuation of equity', 'none', 1, 'now','f');
INSERT INTO lesson_cmsession (lesson_id, cmsession_id) VALUES (6528, 1346);
INSERT INTO cmsession (id, title, description, order_id, created_at, is_deleted) VALUES (1347, 'Ratio Analysis- Equity', 'This session teaches the students to calculate and interpret equity ratios', 4, 'now', 'f');
INSERT INTO cmsession_module (cmsession_id, module_id) VALUES (1347, 156);
INSERT INTO lesson (id, type, duration, tags, title, subject, order_id, created_at, is_deleted) VALUES (6478,'PRESENTATION', 60, '', 'Ratio Analysis- Equity', 'NONE', 1, 'now','f');
INSERT INTO lesson_cmsession (lesson_id, cmsession_id) VALUES (6478, 1347);
INSERT INTO module (id, module_name, order_id, is_deleted) VALUES (157, 'Discounted Cash Flow', 6, 'f');
INSERT INTO module_course (module_id, course_id) VALUES (157, 16);
INSERT INTO cmsession (id, title, description, order_id, created_at, is_deleted) VALUES (662, '10_Discounted Cash Flow', 'This session helps the students to understand what is discounting and what is a discounted cash flow', 1, 'now', 'f');
INSERT INTO cmsession_module (cmsession_id, module_id) VALUES (662, 157);
INSERT INTO lesson (id, type, duration, tags, title, subject, order_id, created_at, is_deleted) VALUES (3985,'PRESENTATION', 20, '', '10_Discounted cash flow', 'none', 1, 'now','f');
INSERT INTO lesson_cmsession (lesson_id, cmsession_id) VALUES (3985, 662);
INSERT INTO lesson (id, type, duration, tags, title, subject, order_id, created_at, is_deleted) VALUES (3986,'PRESENTATION', 20, '', 'LESSON-1', 'NONE', 2, 'now','f');
INSERT INTO lesson_cmsession (lesson_id, cmsession_id) VALUES (3986, 662);
INSERT INTO lesson (id, type, duration, tags, title, subject, order_id, created_at, is_deleted) VALUES (3987,'PRESENTATION', 20, '', 'LESSON-2', 'NONE', 3, 'now','f');
INSERT INTO lesson_cmsession (lesson_id, cmsession_id) VALUES (3987, 662);
INSERT INTO lesson (id, type, duration, tags, title, subject, order_id, created_at, is_deleted) VALUES (3988,'PRESENTATION', 20, '', 'LESSON-3', 'NONE', 4, 'now','f');
INSERT INTO lesson_cmsession (lesson_id, cmsession_id) VALUES (3988, 662);
INSERT INTO lesson (id, type, duration, tags, title, subject, order_id, created_at, is_deleted) VALUES (3989,'PRESENTATION', 20, '', 'LESSON-4', 'NONE', 5, 'now','f');
INSERT INTO lesson_cmsession (lesson_id, cmsession_id) VALUES (3989, 662);
INSERT INTO lesson (id, type, duration, tags, title, subject, order_id, created_at, is_deleted) VALUES (3990,'PRESENTATION', 20, '', 'LESSON-5', 'NONE', 6, 'now','f');
INSERT INTO lesson_cmsession (lesson_id, cmsession_id) VALUES (3990, 662);
INSERT INTO cmsession (id, title, description, order_id, created_at, is_deleted) VALUES (663, '11_Net present Value', 'This session helps the students to understand the concept of net present value', 2, 'now', 'f');
INSERT INTO cmsession_module (cmsession_id, module_id) VALUES (663, 157);
INSERT INTO lesson (id, type, duration, tags, title, subject, order_id, created_at, is_deleted) VALUES (3991,'PRESENTATION', 20, '', '11_Net Present Value (NPV)', 'none', 1, 'now','f');
INSERT INTO lesson_cmsession (lesson_id, cmsession_id) VALUES (3991, 663);
INSERT INTO lesson (id, type, duration, tags, title, subject, order_id, created_at, is_deleted) VALUES (3992,'PRESENTATION', 20, '', 'LESSON-1', 'NONE', 2, 'now','f');
INSERT INTO lesson_cmsession (lesson_id, cmsession_id) VALUES (3992, 663);
INSERT INTO lesson (id, type, duration, tags, title, subject, order_id, created_at, is_deleted) VALUES (3993,'PRESENTATION', 20, '', 'LESSON-2', 'NONE', 3, 'now','f');
INSERT INTO lesson_cmsession (lesson_id, cmsession_id) VALUES (3993, 663);
INSERT INTO lesson (id, type, duration, tags, title, subject, order_id, created_at, is_deleted) VALUES (3994,'PRESENTATION', 20, '', 'LESSON-3', 'NONE', 4, 'now','f');
INSERT INTO lesson_cmsession (lesson_id, cmsession_id) VALUES (3994, 663);
INSERT INTO lesson (id, type, duration, tags, title, subject, order_id, created_at, is_deleted) VALUES (3995,'PRESENTATION', 20, '', 'LESSON-4', 'NONE', 5, 'now','f');
INSERT INTO lesson_cmsession (lesson_id, cmsession_id) VALUES (3995, 663);
INSERT INTO lesson (id, type, duration, tags, title, subject, order_id, created_at, is_deleted) VALUES (3996,'PRESENTATION', 20, '', 'LESSON-5', 'NONE', 6, 'now','f');
INSERT INTO lesson_cmsession (lesson_id, cmsession_id) VALUES (3996, 663);
INSERT INTO cmsession (id, title, description, order_id, created_at, is_deleted) VALUES (664, '12_Calculation of NPV', 'This session enables the students to understand how to calculate NPV and its interpretation', 3, 'now', 'f');
INSERT INTO cmsession_module (cmsession_id, module_id) VALUES (664, 157);
INSERT INTO lesson (id, type, duration, tags, title, subject, order_id, created_at, is_deleted) VALUES (3997,'PRESENTATION', 20, '', '12_Calculation of NPV', 'none', 1, 'now','f');
INSERT INTO lesson_cmsession (lesson_id, cmsession_id) VALUES (3997, 664);
INSERT INTO lesson (id, type, duration, tags, title, subject, order_id, created_at, is_deleted) VALUES (3998,'PRESENTATION', 20, '', 'LESSON-1', 'NONE', 2, 'now','f');
INSERT INTO lesson_cmsession (lesson_id, cmsession_id) VALUES (3998, 664);
INSERT INTO lesson (id, type, duration, tags, title, subject, order_id, created_at, is_deleted) VALUES (3999,'PRESENTATION', 20, '', 'LESSON-2', 'NONE', 3, 'now','f');
INSERT INTO lesson_cmsession (lesson_id, cmsession_id) VALUES (3999, 664);
INSERT INTO lesson (id, type, duration, tags, title, subject, order_id, created_at, is_deleted) VALUES (4000,'PRESENTATION', 20, '', 'LESSON-3', 'NONE', 4, 'now','f');
INSERT INTO lesson_cmsession (lesson_id, cmsession_id) VALUES (4000, 664);
INSERT INTO lesson (id, type, duration, tags, title, subject, order_id, created_at, is_deleted) VALUES (4001,'PRESENTATION', 20, '', 'LESSON-4', 'NONE', 5, 'now','f');
INSERT INTO lesson_cmsession (lesson_id, cmsession_id) VALUES (4001, 664);
INSERT INTO lesson (id, type, duration, tags, title, subject, order_id, created_at, is_deleted) VALUES (4002,'PRESENTATION', 20, '', 'LESSON-5', 'NONE', 6, 'now','f');
INSERT INTO lesson_cmsession (lesson_id, cmsession_id) VALUES (4002, 664);
INSERT INTO module (id, module_name, order_id, is_deleted) VALUES (415, 'Stock Shock Game', 7, 'f');
INSERT INTO module_course (module_id, course_id) VALUES (415, 16);
INSERT INTO cmsession (id, title, description, order_id, created_at, is_deleted) VALUES (1421, '13_Stock Shock 1', 'The sessions helps the students understand the importance of risk management and decision making', 1, 'now', 'f');
INSERT INTO cmsession_module (cmsession_id, module_id) VALUES (1421, 415);
INSERT INTO lesson (id, type, duration, tags, title, subject, order_id, created_at, is_deleted) VALUES (6521,'PRESENTATION', 20, 'Stock Shock', '09_Stock Shock', 'banking-1', 1, 'now','f');
INSERT INTO lesson_cmsession (lesson_id, cmsession_id) VALUES (6521, 1421);
INSERT INTO cmsession (id, title, description, order_id, created_at, is_deleted) VALUES (1422, '14_Stock Shock 2', 'The sessions helps the students understand the importance of risk management and decision making', 2, 'now', 'f');
INSERT INTO cmsession_module (cmsession_id, module_id) VALUES (1422, 415);
INSERT INTO lesson (id, type, duration, tags, title, subject, order_id, created_at, is_deleted) VALUES (6522,'PRESENTATION', 20, 'stock shock', '10_Stock Shock', 'banking-1', 1, 'now','f');
INSERT INTO lesson_cmsession (lesson_id, cmsession_id) VALUES (6522, 1422);
INSERT INTO module (id, module_name, order_id, is_deleted) VALUES (158, 'Debt Capital', 8, 'f');
INSERT INTO module_course (module_id, course_id) VALUES (158, 16);
INSERT INTO cmsession (id, title, description, order_id, created_at, is_deleted) VALUES (672, 'Debt Instruments', 'Debt Instruments', 1, 'now', 'f');
INSERT INTO cmsession_module (cmsession_id, module_id) VALUES (672, 158);
INSERT INTO lesson (id, type, duration, tags, title, subject, order_id, created_at, is_deleted) VALUES (6330,'PRESENTATION', 20, 'Debt Instruments', '15_Debt Instruments', 'banking-1', 1, 'now','f');
INSERT INTO lesson_cmsession (lesson_id, cmsession_id) VALUES (6330, 672);
INSERT INTO lesson (id, type, duration, tags, title, subject, order_id, created_at, is_deleted) VALUES (4045,'PRESENTATION', 20, '', 'LESSON-0', 'NONE', 2, 'now','f');
INSERT INTO lesson_cmsession (lesson_id, cmsession_id) VALUES (4045, 672);
INSERT INTO lesson (id, type, duration, tags, title, subject, order_id, created_at, is_deleted) VALUES (4046,'PRESENTATION', 20, '', 'LESSON-1', 'NONE', 3, 'now','f');
INSERT INTO lesson_cmsession (lesson_id, cmsession_id) VALUES (4046, 672);
INSERT INTO lesson (id, type, duration, tags, title, subject, order_id, created_at, is_deleted) VALUES (4047,'PRESENTATION', 20, '', 'LESSON-2', 'NONE', 4, 'now','f');
INSERT INTO lesson_cmsession (lesson_id, cmsession_id) VALUES (4047, 672);
INSERT INTO lesson (id, type, duration, tags, title, subject, order_id, created_at, is_deleted) VALUES (4048,'PRESENTATION', 20, '', 'LESSON-3', 'NONE', 5, 'now','f');
INSERT INTO lesson_cmsession (lesson_id, cmsession_id) VALUES (4048, 672);
INSERT INTO lesson (id, type, duration, tags, title, subject, order_id, created_at, is_deleted) VALUES (4049,'PRESENTATION', 20, '', 'LESSON-4', 'NONE', 6, 'now','f');
INSERT INTO lesson_cmsession (lesson_id, cmsession_id) VALUES (4049, 672);
INSERT INTO lesson (id, type, duration, tags, title, subject, order_id, created_at, is_deleted) VALUES (4050,'PRESENTATION', 20, '', 'LESSON-5', 'NONE', 7, 'now','f');
INSERT INTO lesson_cmsession (lesson_id, cmsession_id) VALUES (4050, 672);
INSERT INTO cmsession (id, title, description, order_id, created_at, is_deleted) VALUES (1350, 'Credit rating', 'This session helps the students understand the concept of credit rating and terms used in the same', 2, 'now', 'f');
INSERT INTO cmsession_module (cmsession_id, module_id) VALUES (1350, 158);
INSERT INTO lesson (id, type, duration, tags, title, subject, order_id, created_at, is_deleted) VALUES (6506,'PRESENTATION', 60, '', 'Credit Rating', 'none', 1, 'now','f');
INSERT INTO lesson_cmsession (lesson_id, cmsession_id) VALUES (6506, 1350);
INSERT INTO lesson (id, type, duration, tags, title, subject, order_id, created_at, is_deleted) VALUES (6504,'PRESENTATION', 60, '', 'Credit Rating', 'NONE', 2, 'now','f');
INSERT INTO lesson_cmsession (lesson_id, cmsession_id) VALUES (6504, 1350);
INSERT INTO lesson (id, type, duration, tags, title, subject, order_id, created_at, is_deleted) VALUES (6505,'PRESENTATION', 60, '', 'Credit Rating', 'NONE', 3, 'now','f');
INSERT INTO lesson_cmsession (lesson_id, cmsession_id) VALUES (6505, 1350);
INSERT INTO cmsession (id, title, description, order_id, created_at, is_deleted) VALUES (673, 'Debt ratios and investment tips', 'This session teaches the students to calculate and interpret debt ratios', 3, 'now', 'f');
INSERT INTO cmsession_module (cmsession_id, module_id) VALUES (673, 158);
INSERT INTO lesson (id, type, duration, tags, title, subject, order_id, created_at, is_deleted) VALUES (4051,'PRESENTATION', 20, '', 'LESSON-0', 'NONE', 1, 'now','f');
INSERT INTO lesson_cmsession (lesson_id, cmsession_id) VALUES (4051, 673);
INSERT INTO lesson (id, type, duration, tags, title, subject, order_id, created_at, is_deleted) VALUES (4052,'PRESENTATION', 20, '', 'LESSON-1', 'NONE', 2, 'now','f');
INSERT INTO lesson_cmsession (lesson_id, cmsession_id) VALUES (4052, 673);
INSERT INTO lesson (id, type, duration, tags, title, subject, order_id, created_at, is_deleted) VALUES (4053,'PRESENTATION', 20, '', 'LESSON-2', 'NONE', 3, 'now','f');
INSERT INTO lesson_cmsession (lesson_id, cmsession_id) VALUES (4053, 673);
INSERT INTO lesson (id, type, duration, tags, title, subject, order_id, created_at, is_deleted) VALUES (4054,'PRESENTATION', 20, '', 'LESSON-3', 'NONE', 4, 'now','f');
INSERT INTO lesson_cmsession (lesson_id, cmsession_id) VALUES (4054, 673);
INSERT INTO lesson (id, type, duration, tags, title, subject, order_id, created_at, is_deleted) VALUES (4055,'PRESENTATION', 20, '', 'LESSON-4', 'NONE', 5, 'now','f');
INSERT INTO lesson_cmsession (lesson_id, cmsession_id) VALUES (4055, 673);
INSERT INTO lesson (id, type, duration, tags, title, subject, order_id, created_at, is_deleted) VALUES (4056,'PRESENTATION', 20, '', 'LESSON-5', 'NONE', 6, 'now','f');
INSERT INTO lesson_cmsession (lesson_id, cmsession_id) VALUES (4056, 673);
INSERT INTO lesson (id, type, duration, tags, title, subject, order_id, created_at, is_deleted) VALUES (6508,'PRESENTATION', 60, '', 'Debt ratios and Investment tips', 'NONE', 7, 'now','f');
INSERT INTO lesson_cmsession (lesson_id, cmsession_id) VALUES (6508, 673);
INSERT INTO cmsession (id, title, description, order_id, created_at, is_deleted) VALUES (1351, 'Bond pricing', 'This session helps the students to understand and calculate the price of bonds', 4, 'now', 'f');
INSERT INTO cmsession_module (cmsession_id, module_id) VALUES (1351, 158);
INSERT INTO lesson (id, type, duration, tags, title, subject, order_id, created_at, is_deleted) VALUES (6356,'PRESENTATION', 20, 'Bond Pricing,Types of bonds', '18_Bond Pricing', 'banking-1', 1, 'now','f');
INSERT INTO lesson_cmsession (lesson_id, cmsession_id) VALUES (6356, 1351);
INSERT INTO cmsession (id, title, description, order_id, created_at, is_deleted) VALUES (674, 'Debt Game', 'Debt Game', 5, 'now', 'f');
INSERT INTO cmsession_module (cmsession_id, module_id) VALUES (674, 158);
INSERT INTO lesson (id, type, duration, tags, title, subject, order_id, created_at, is_deleted) VALUES (4057,'PRESENTATION', 20, '', 'LESSON-0', 'NONE', 1, 'now','f');
INSERT INTO lesson_cmsession (lesson_id, cmsession_id) VALUES (4057, 674);
INSERT INTO lesson (id, type, duration, tags, title, subject, order_id, created_at, is_deleted) VALUES (4058,'PRESENTATION', 20, '', 'LESSON-1', 'NONE', 2, 'now','f');
INSERT INTO lesson_cmsession (lesson_id, cmsession_id) VALUES (4058, 674);
INSERT INTO lesson (id, type, duration, tags, title, subject, order_id, created_at, is_deleted) VALUES (4059,'PRESENTATION', 20, '', 'LESSON-2', 'NONE', 3, 'now','f');
INSERT INTO lesson_cmsession (lesson_id, cmsession_id) VALUES (4059, 674);
INSERT INTO lesson (id, type, duration, tags, title, subject, order_id, created_at, is_deleted) VALUES (4060,'PRESENTATION', 20, '', 'LESSON-3', 'NONE', 4, 'now','f');
INSERT INTO lesson_cmsession (lesson_id, cmsession_id) VALUES (4060, 674);
INSERT INTO lesson (id, type, duration, tags, title, subject, order_id, created_at, is_deleted) VALUES (4061,'PRESENTATION', 20, '', 'LESSON-4', 'NONE', 5, 'now','f');
INSERT INTO lesson_cmsession (lesson_id, cmsession_id) VALUES (4061, 674);
INSERT INTO lesson (id, type, duration, tags, title, subject, order_id, created_at, is_deleted) VALUES (4062,'PRESENTATION', 20, '', 'LESSON-5', 'NONE', 6, 'now','f');
INSERT INTO lesson_cmsession (lesson_id, cmsession_id) VALUES (4062, 674);
INSERT INTO lesson (id, type, duration, tags, title, subject, order_id, created_at, is_deleted) VALUES (6340,'PRESENTATION', 20, 'Debt Bet Game', '19_Debt Bet Game 1', 'banking-1', 7, 'now','f');
INSERT INTO lesson_cmsession (lesson_id, cmsession_id) VALUES (6340, 674);
INSERT INTO cmsession (id, title, description, order_id, created_at, is_deleted) VALUES (675, 'Debt Game', 'Debt Game', 6, 'now', 'f');
INSERT INTO cmsession_module (cmsession_id, module_id) VALUES (675, 158);
INSERT INTO lesson (id, type, duration, tags, title, subject, order_id, created_at, is_deleted) VALUES (4063,'PRESENTATION', 20, '', 'LESSON-0', 'NONE', 1, 'now','f');
INSERT INTO lesson_cmsession (lesson_id, cmsession_id) VALUES (4063, 675);
INSERT INTO lesson (id, type, duration, tags, title, subject, order_id, created_at, is_deleted) VALUES (4064,'PRESENTATION', 20, '', 'LESSON-1', 'NONE', 2, 'now','f');
INSERT INTO lesson_cmsession (lesson_id, cmsession_id) VALUES (4064, 675);
INSERT INTO lesson (id, type, duration, tags, title, subject, order_id, created_at, is_deleted) VALUES (4065,'PRESENTATION', 20, '', 'LESSON-2', 'NONE', 3, 'now','f');
INSERT INTO lesson_cmsession (lesson_id, cmsession_id) VALUES (4065, 675);
INSERT INTO lesson (id, type, duration, tags, title, subject, order_id, created_at, is_deleted) VALUES (4066,'PRESENTATION', 20, '', 'LESSON-3', 'NONE', 4, 'now','f');
INSERT INTO lesson_cmsession (lesson_id, cmsession_id) VALUES (4066, 675);
INSERT INTO lesson (id, type, duration, tags, title, subject, order_id, created_at, is_deleted) VALUES (4067,'PRESENTATION', 20, '', 'LESSON-4', 'NONE', 5, 'now','f');
INSERT INTO lesson_cmsession (lesson_id, cmsession_id) VALUES (4067, 675);
INSERT INTO lesson (id, type, duration, tags, title, subject, order_id, created_at, is_deleted) VALUES (4068,'PRESENTATION', 20, '', 'LESSON-5', 'NONE', 6, 'now','f');
INSERT INTO lesson_cmsession (lesson_id, cmsession_id) VALUES (4068, 675);
INSERT INTO lesson (id, type, duration, tags, title, subject, order_id, created_at, is_deleted) VALUES (6341,'PRESENTATION', 20, 'debt bet game', '20_Debt Bet game 2', 'banking-1', 7, 'now','f');
INSERT INTO lesson_cmsession (lesson_id, cmsession_id) VALUES (6341, 675);
INSERT INTO module (id, module_name, order_id, is_deleted) VALUES (381, 'Diversification of Risk', 9, 'f');
INSERT INTO module_course (module_id, course_id) VALUES (381, 16);
INSERT INTO cmsession (id, title, description, order_id, created_at, is_deleted) VALUES (1352, 'Diversification of Risk 1', 'This session teaches the students meaning of portfolio and how to diversify risk', 1, 'now', 'f');
INSERT INTO cmsession_module (cmsession_id, module_id) VALUES (1352, 381);
INSERT INTO lesson (id, type, duration, tags, title, subject, order_id, created_at, is_deleted) VALUES (6537,'PRESENTATION', 20, '', '21_22_Diversification of risk', 'none', 1, 'now','f');
INSERT INTO lesson_cmsession (lesson_id, cmsession_id) VALUES (6537, 1352);
INSERT INTO cmsession (id, title, description, order_id, created_at, is_deleted) VALUES (1353, 'Diversification of Risk 2', 'This session teaches the students meaning of portfolio and how to diversify risk', 2, 'now', 'f');
INSERT INTO cmsession_module (cmsession_id, module_id) VALUES (1353, 381);
INSERT INTO module (id, module_name, order_id, is_deleted) VALUES (159, 'Alternate Investment Fund', 10, 'f');
INSERT INTO module_course (module_id, course_id) VALUES (159, 16);
INSERT INTO cmsession (id, title, description, order_id, created_at, is_deleted) VALUES (676, 'Alternate Investment Funds', 'Alternate Investment Funds', 1, 'now', 'f');
INSERT INTO cmsession_module (cmsession_id, module_id) VALUES (676, 159);
INSERT INTO lesson (id, type, duration, tags, title, subject, order_id, created_at, is_deleted) VALUES (4069,'PRESENTATION', 60, '', '23_Alternative investment funds', 'none', 1, 'now','f');
INSERT INTO lesson_cmsession (lesson_id, cmsession_id) VALUES (4069, 676);
INSERT INTO lesson (id, type, duration, tags, title, subject, order_id, created_at, is_deleted) VALUES (4070,'PRESENTATION', 20, '', 'LESSON-1', 'NONE', 2, 'now','f');
INSERT INTO lesson_cmsession (lesson_id, cmsession_id) VALUES (4070, 676);
INSERT INTO lesson (id, type, duration, tags, title, subject, order_id, created_at, is_deleted) VALUES (4071,'PRESENTATION', 20, '', 'LESSON-2', 'NONE', 3, 'now','f');
INSERT INTO lesson_cmsession (lesson_id, cmsession_id) VALUES (4071, 676);
INSERT INTO lesson (id, type, duration, tags, title, subject, order_id, created_at, is_deleted) VALUES (4072,'PRESENTATION', 20, '', 'LESSON-3', 'NONE', 4, 'now','f');
INSERT INTO lesson_cmsession (lesson_id, cmsession_id) VALUES (4072, 676);
INSERT INTO lesson (id, type, duration, tags, title, subject, order_id, created_at, is_deleted) VALUES (4073,'PRESENTATION', 20, '', 'LESSON-4', 'NONE', 5, 'now','f');
INSERT INTO lesson_cmsession (lesson_id, cmsession_id) VALUES (4073, 676);
INSERT INTO lesson (id, type, duration, tags, title, subject, order_id, created_at, is_deleted) VALUES (4074,'PRESENTATION', 20, '', 'LESSON-5', 'NONE', 6, 'now','f');
INSERT INTO lesson_cmsession (lesson_id, cmsession_id) VALUES (4074, 676);
INSERT INTO lesson (id, type, duration, tags, title, subject, order_id, created_at, is_deleted) VALUES (6507,'PRESENTATION', 60, '', 'Alternate Investment Funds', 'NONE', 7, 'now','f');
INSERT INTO lesson_cmsession (lesson_id, cmsession_id) VALUES (6507, 676);
INSERT INTO module (id, module_name, order_id, is_deleted) VALUES (160, 'Commodity market', 11, 'f');
INSERT INTO module_course (module_id, course_id) VALUES (160, 16);
INSERT INTO cmsession (id, title, description, order_id, created_at, is_deleted) VALUES (678, 'Commodities', 'Commodities', 1, 'now', 'f');
INSERT INTO cmsession_module (cmsession_id, module_id) VALUES (678, 160);
INSERT INTO lesson (id, type, duration, tags, title, subject, order_id, created_at, is_deleted) VALUES (4081,'PRESENTATION', 20, '', 'Derivatives - I', 'none', 1, 'now','f');
INSERT INTO lesson_cmsession (lesson_id, cmsession_id) VALUES (4081, 678);
INSERT INTO lesson (id, type, duration, tags, title, subject, order_id, created_at, is_deleted) VALUES (4082,'PRESENTATION', 20, '', 'LESSON-1', 'NONE', 2, 'now','f');
INSERT INTO lesson_cmsession (lesson_id, cmsession_id) VALUES (4082, 678);
INSERT INTO lesson (id, type, duration, tags, title, subject, order_id, created_at, is_deleted) VALUES (4083,'PRESENTATION', 20, '', 'LESSON-2', 'NONE', 3, 'now','f');
INSERT INTO lesson_cmsession (lesson_id, cmsession_id) VALUES (4083, 678);
INSERT INTO lesson (id, type, duration, tags, title, subject, order_id, created_at, is_deleted) VALUES (4084,'PRESENTATION', 20, '', 'LESSON-3', 'NONE', 4, 'now','f');
INSERT INTO lesson_cmsession (lesson_id, cmsession_id) VALUES (4084, 678);
INSERT INTO lesson (id, type, duration, tags, title, subject, order_id, created_at, is_deleted) VALUES (4085,'PRESENTATION', 20, '', 'LESSON-4', 'NONE', 5, 'now','f');
INSERT INTO lesson_cmsession (lesson_id, cmsession_id) VALUES (4085, 678);
INSERT INTO lesson (id, type, duration, tags, title, subject, order_id, created_at, is_deleted) VALUES (4086,'PRESENTATION', 20, '', 'LESSON-5', 'NONE', 6, 'now','f');
INSERT INTO lesson_cmsession (lesson_id, cmsession_id) VALUES (4086, 678);
INSERT INTO cmsession (id, title, description, order_id, created_at, is_deleted) VALUES (679, 'Commodities', 'Commodities', 2, 'now', 'f');
INSERT INTO cmsession_module (cmsession_id, module_id) VALUES (679, 160);
INSERT INTO lesson (id, type, duration, tags, title, subject, order_id, created_at, is_deleted) VALUES (4087,'PRESENTATION', 20, '', 'Derivative 2', 'none', 1, 'now','f');
INSERT INTO lesson_cmsession (lesson_id, cmsession_id) VALUES (4087, 679);
INSERT INTO lesson (id, type, duration, tags, title, subject, order_id, created_at, is_deleted) VALUES (4088,'PRESENTATION', 20, '', 'LESSON-1', 'NONE', 2, 'now','f');
INSERT INTO lesson_cmsession (lesson_id, cmsession_id) VALUES (4088, 679);
INSERT INTO lesson (id, type, duration, tags, title, subject, order_id, created_at, is_deleted) VALUES (4089,'PRESENTATION', 20, '', 'LESSON-2', 'NONE', 3, 'now','f');
INSERT INTO lesson_cmsession (lesson_id, cmsession_id) VALUES (4089, 679);
INSERT INTO lesson (id, type, duration, tags, title, subject, order_id, created_at, is_deleted) VALUES (4090,'PRESENTATION', 20, '', 'LESSON-3', 'NONE', 4, 'now','f');
INSERT INTO lesson_cmsession (lesson_id, cmsession_id) VALUES (4090, 679);
INSERT INTO lesson (id, type, duration, tags, title, subject, order_id, created_at, is_deleted) VALUES (4091,'PRESENTATION', 20, '', 'LESSON-4', 'NONE', 5, 'now','f');
INSERT INTO lesson_cmsession (lesson_id, cmsession_id) VALUES (4091, 679);
INSERT INTO lesson (id, type, duration, tags, title, subject, order_id, created_at, is_deleted) VALUES (4092,'PRESENTATION', 20, '', 'LESSON-5', 'NONE', 6, 'now','f');
INSERT INTO lesson_cmsession (lesson_id, cmsession_id) VALUES (4092, 679);
INSERT INTO module (id, module_name, order_id, is_deleted) VALUES (161, 'Real Estate Investment Trust', 12, 'f');
INSERT INTO module_course (module_id, course_id) VALUES (161, 16);
INSERT INTO cmsession (id, title, description, order_id, created_at, is_deleted) VALUES (680, 'Real Estate Investment Trusts', 'Real Estate Investment Trusts', 1, 'now', 'f');
INSERT INTO cmsession_module (cmsession_id, module_id) VALUES (680, 161);
INSERT INTO lesson (id, type, duration, tags, title, subject, order_id, created_at, is_deleted) VALUES (4093,'PRESENTATION', 60, '', 'REIT I', 'none', 1, 'now','f');
INSERT INTO lesson_cmsession (lesson_id, cmsession_id) VALUES (4093, 680);
INSERT INTO lesson (id, type, duration, tags, title, subject, order_id, created_at, is_deleted) VALUES (4094,'PRESENTATION', 20, '', 'LESSON-1', 'NONE', 2, 'now','f');
INSERT INTO lesson_cmsession (lesson_id, cmsession_id) VALUES (4094, 680);
INSERT INTO lesson (id, type, duration, tags, title, subject, order_id, created_at, is_deleted) VALUES (4095,'PRESENTATION', 20, '', 'LESSON-2', 'NONE', 3, 'now','f');
INSERT INTO lesson_cmsession (lesson_id, cmsession_id) VALUES (4095, 680);
INSERT INTO lesson (id, type, duration, tags, title, subject, order_id, created_at, is_deleted) VALUES (4096,'PRESENTATION', 20, '', 'LESSON-3', 'NONE', 4, 'now','f');
INSERT INTO lesson_cmsession (lesson_id, cmsession_id) VALUES (4096, 680);
INSERT INTO lesson (id, type, duration, tags, title, subject, order_id, created_at, is_deleted) VALUES (4097,'PRESENTATION', 20, '', 'LESSON-4', 'NONE', 5, 'now','f');
INSERT INTO lesson_cmsession (lesson_id, cmsession_id) VALUES (4097, 680);
INSERT INTO lesson (id, type, duration, tags, title, subject, order_id, created_at, is_deleted) VALUES (4098,'PRESENTATION', 20, '', 'LESSON-5', 'NONE', 6, 'now','f');
INSERT INTO lesson_cmsession (lesson_id, cmsession_id) VALUES (4098, 680);
INSERT INTO lesson (id, type, duration, tags, title, subject, order_id, created_at, is_deleted) VALUES (6463,'PRESENTATION', 60, '', 'REIT I', 'NONE', 7, 'now','f');
INSERT INTO lesson_cmsession (lesson_id, cmsession_id) VALUES (6463, 680);
INSERT INTO cmsession (id, title, description, order_id, created_at, is_deleted) VALUES (681, 'Real Estate Investment Trusts', 'Real Estate Investment Trusts', 2, 'now', 'f');
INSERT INTO cmsession_module (cmsession_id, module_id) VALUES (681, 161);
INSERT INTO lesson (id, type, duration, tags, title, subject, order_id, created_at, is_deleted) VALUES (4099,'PRESENTATION', 60, '', 'REIT II', 'none', 1, 'now','f');
INSERT INTO lesson_cmsession (lesson_id, cmsession_id) VALUES (4099, 681);
INSERT INTO lesson (id, type, duration, tags, title, subject, order_id, created_at, is_deleted) VALUES (4100,'PRESENTATION', 20, '', 'LESSON-1', 'NONE', 2, 'now','f');
INSERT INTO lesson_cmsession (lesson_id, cmsession_id) VALUES (4100, 681);
INSERT INTO lesson (id, type, duration, tags, title, subject, order_id, created_at, is_deleted) VALUES (4101,'PRESENTATION', 20, '', 'LESSON-2', 'NONE', 3, 'now','f');
INSERT INTO lesson_cmsession (lesson_id, cmsession_id) VALUES (4101, 681);
INSERT INTO lesson (id, type, duration, tags, title, subject, order_id, created_at, is_deleted) VALUES (4102,'PRESENTATION', 20, '', 'LESSON-3', 'NONE', 4, 'now','f');
INSERT INTO lesson_cmsession (lesson_id, cmsession_id) VALUES (4102, 681);
INSERT INTO lesson (id, type, duration, tags, title, subject, order_id, created_at, is_deleted) VALUES (4103,'PRESENTATION', 20, '', 'LESSON-4', 'NONE', 5, 'now','f');
INSERT INTO lesson_cmsession (lesson_id, cmsession_id) VALUES (4103, 681);
INSERT INTO lesson (id, type, duration, tags, title, subject, order_id, created_at, is_deleted) VALUES (4104,'PRESENTATION', 20, '', 'LESSON-5', 'NONE', 6, 'now','f');
INSERT INTO lesson_cmsession (lesson_id, cmsession_id) VALUES (4104, 681);
INSERT INTO lesson (id, type, duration, tags, title, subject, order_id, created_at, is_deleted) VALUES (6464,'PRESENTATION', 60, '', 'REIT II', 'NONE', 7, 'now','f');
INSERT INTO lesson_cmsession (lesson_id, cmsession_id) VALUES (6464, 681);
INSERT INTO module (id, module_name, order_id, is_deleted) VALUES (162, 'Pension', 13, 'f');
INSERT INTO module_course (module_id, course_id) VALUES (162, 16);
INSERT INTO cmsession (id, title, description, order_id, created_at, is_deleted) VALUES (682, 'Pensions', 'Pensions', 1, 'now', 'f');
INSERT INTO cmsession_module (cmsession_id, module_id) VALUES (682, 162);
INSERT INTO lesson (id, type, duration, tags, title, subject, order_id, created_at, is_deleted) VALUES (4105,'PRESENTATION', 20, '', 'LESSON-0', 'NONE', 1, 'now','f');
INSERT INTO lesson_cmsession (lesson_id, cmsession_id) VALUES (4105, 682);
INSERT INTO lesson (id, type, duration, tags, title, subject, order_id, created_at, is_deleted) VALUES (4106,'PRESENTATION', 20, '', 'LESSON-1', 'NONE', 2, 'now','f');
INSERT INTO lesson_cmsession (lesson_id, cmsession_id) VALUES (4106, 682);
INSERT INTO lesson (id, type, duration, tags, title, subject, order_id, created_at, is_deleted) VALUES (4107,'PRESENTATION', 20, '', 'LESSON-2', 'NONE', 3, 'now','f');
INSERT INTO lesson_cmsession (lesson_id, cmsession_id) VALUES (4107, 682);
INSERT INTO lesson (id, type, duration, tags, title, subject, order_id, created_at, is_deleted) VALUES (4108,'PRESENTATION', 20, '', 'LESSON-3', 'NONE', 4, 'now','f');
INSERT INTO lesson_cmsession (lesson_id, cmsession_id) VALUES (4108, 682);
INSERT INTO lesson (id, type, duration, tags, title, subject, order_id, created_at, is_deleted) VALUES (4109,'PRESENTATION', 20, '', 'LESSON-4', 'NONE', 5, 'now','f');
INSERT INTO lesson_cmsession (lesson_id, cmsession_id) VALUES (4109, 682);
INSERT INTO lesson (id, type, duration, tags, title, subject, order_id, created_at, is_deleted) VALUES (4110,'PRESENTATION', 20, '', 'LESSON-5', 'NONE', 6, 'now','f');
INSERT INTO lesson_cmsession (lesson_id, cmsession_id) VALUES (4110, 682);
INSERT INTO module (id, module_name, order_id, is_deleted) VALUES (163, 'Portfolio building', 14, 'f');
INSERT INTO module_course (module_id, course_id) VALUES (163, 16);
INSERT INTO cmsession (id, title, description, order_id, created_at, is_deleted) VALUES (684, 'Portfolio building', 'This session enables the students to build a portfolio', 1, 'now', 'f');
INSERT INTO cmsession_module (cmsession_id, module_id) VALUES (684, 163);
INSERT INTO lesson (id, type, duration, tags, title, subject, order_id, created_at, is_deleted) VALUES (4117,'PRESENTATION', 20, '', '!@#Portfolio Evaluation & Building', 'none', 1, 'now','f');
INSERT INTO lesson_cmsession (lesson_id, cmsession_id) VALUES (4117, 684);
INSERT INTO lesson (id, type, duration, tags, title, subject, order_id, created_at, is_deleted) VALUES (4118,'PRESENTATION', 20, '', 'LESSON-1', 'NONE', 2, 'now','f');
INSERT INTO lesson_cmsession (lesson_id, cmsession_id) VALUES (4118, 684);
INSERT INTO lesson (id, type, duration, tags, title, subject, order_id, created_at, is_deleted) VALUES (4119,'PRESENTATION', 20, '', 'LESSON-2', 'NONE', 3, 'now','f');
INSERT INTO lesson_cmsession (lesson_id, cmsession_id) VALUES (4119, 684);
INSERT INTO lesson (id, type, duration, tags, title, subject, order_id, created_at, is_deleted) VALUES (4120,'PRESENTATION', 20, '', 'LESSON-3', 'NONE', 4, 'now','f');
INSERT INTO lesson_cmsession (lesson_id, cmsession_id) VALUES (4120, 684);
INSERT INTO lesson (id, type, duration, tags, title, subject, order_id, created_at, is_deleted) VALUES (4121,'PRESENTATION', 20, '', 'LESSON-4', 'NONE', 5, 'now','f');
INSERT INTO lesson_cmsession (lesson_id, cmsession_id) VALUES (4121, 684);
INSERT INTO lesson (id, type, duration, tags, title, subject, order_id, created_at, is_deleted) VALUES (4122,'PRESENTATION', 20, '', 'LESSON-5', 'NONE', 6, 'now','f');
INSERT INTO lesson_cmsession (lesson_id, cmsession_id) VALUES (4122, 684);
INSERT INTO course (id, course_name, course_description, tags, created_at) VALUES (17, 'Personality Development', 'Strategies for self improvement including confidence building, goal setting, English Skills, Self introduction', NULL, 'now');
INSERT INTO module (id, module_name, order_id, is_deleted) VALUES (164, 'Personality traits for the workplace', 1, 'f');
INSERT INTO module_course (module_id, course_id) VALUES (164, 17);
INSERT INTO cmsession (id, title, description, order_id, created_at, is_deleted) VALUES (685, 'Personal Introduction: Mars Survivor', 'The session aims to teach how to create a self introduction in a very effective manner. It touches upon the dos and donts of a self-introduction.', 1, 'now', 'f');
INSERT INTO cmsession_module (cmsession_id, module_id) VALUES (685, 164);
INSERT INTO lesson (id, type, duration, tags, title, subject, order_id, created_at, is_deleted) VALUES (4123,'PRESENTATION', 60, '', '01_Personal Introduction-Mars Survivor', 'none', 1, 'now','f');
INSERT INTO lesson_cmsession (lesson_id, cmsession_id) VALUES (4123, 685);
INSERT INTO cmsession (id, title, description, order_id, created_at, is_deleted) VALUES (686, 'Teamwork: Bridge building - 1', 'The session conveys the importance of working in a team. It aims to teach optimum utilization of time and resources in a teamwork.', 2, 'now', 'f');
INSERT INTO cmsession_module (cmsession_id, module_id) VALUES (686, 164);
INSERT INTO lesson (id, type, duration, tags, title, subject, order_id, created_at, is_deleted) VALUES (4129,'PRESENTATION', 60, '', '02_Teamwork', 'none', 1, 'now','f');
INSERT INTO lesson_cmsession (lesson_id, cmsession_id) VALUES (4129, 686);
INSERT INTO cmsession (id, title, description, order_id, created_at, is_deleted) VALUES (716, 'Teamwork: Bridge building - 2', 'The session conveys the importance of working in a team. It aims to teach optimum utilization of time and resources in a teamwork.', 3, 'now', 'f');
INSERT INTO cmsession_module (cmsession_id, module_id) VALUES (716, 164);
INSERT INTO lesson (id, type, duration, tags, title, subject, order_id, created_at, is_deleted) VALUES (4309,'PRESENTATION', 60, '', '03_Teamwork', 'none', 1, 'now','f');
INSERT INTO lesson_cmsession (lesson_id, cmsession_id) VALUES (4309, 716);
INSERT INTO cmsession (id, title, description, order_id, created_at, is_deleted) VALUES (718, 'Goal Setting: Paper toss game', 'This session aims to teach the prominence of setting goals and how it affects the career choices', 4, 'now', 'f');
INSERT INTO cmsession_module (cmsession_id, module_id) VALUES (718, 164);
INSERT INTO lesson (id, type, duration, tags, title, subject, order_id, created_at, is_deleted) VALUES (4321,'PRESENTATION', 60, '', '04_Goal Setting', 'none', 1, 'now','f');
INSERT INTO lesson_cmsession (lesson_id, cmsession_id) VALUES (4321, 718);
INSERT INTO cmsession (id, title, description, order_id, created_at, is_deleted) VALUES (691, 'Leadership: Taboo construction game', 'The session aims to teach the traits of a good leader. It brings out the qualities of an effective leadership role. It also explains the different leadership styles.', 5, 'now', 'f');
INSERT INTO cmsession_module (cmsession_id, module_id) VALUES (691, 164);
INSERT INTO lesson (id, type, duration, tags, title, subject, order_id, created_at, is_deleted) VALUES (4159,'PRESENTATION', 60, '', '05_Leadership', 'none', 1, 'now','f');
INSERT INTO lesson_cmsession (lesson_id, cmsession_id) VALUES (4159, 691);
INSERT INTO cmsession (id, title, description, order_id, created_at, is_deleted) VALUES (689, 'Planning: Party planner', 'The session details out the need for effective planning. It explains the different types of planning and how to do a parallel planning.', 6, 'now', 'f');
INSERT INTO cmsession_module (cmsession_id, module_id) VALUES (689, 164);
INSERT INTO lesson (id, type, duration, tags, title, subject, order_id, created_at, is_deleted) VALUES (4147,'PRESENTATION', 20, '', 'LESSON-0', 'NONE', 1, 'now','f');
INSERT INTO lesson_cmsession (lesson_id, cmsession_id) VALUES (4147, 689);
INSERT INTO lesson (id, type, duration, tags, title, subject, order_id, created_at, is_deleted) VALUES (4148,'PRESENTATION', 20, '', 'LESSON-1', 'NONE', 2, 'now','f');
INSERT INTO lesson_cmsession (lesson_id, cmsession_id) VALUES (4148, 689);
INSERT INTO cmsession (id, title, description, order_id, created_at, is_deleted) VALUES (690, 'Planning: Party planner', 'The session details out the need for effective planning. It explains the different types of planning and how to do a parallel planning.', 7, 'now', 'f');
INSERT INTO cmsession_module (cmsession_id, module_id) VALUES (690, 164);
INSERT INTO lesson (id, type, duration, tags, title, subject, order_id, created_at, is_deleted) VALUES (4153,'PRESENTATION', 20, '', 'LESSON-0', 'NONE', 1, 'now','f');
INSERT INTO lesson_cmsession (lesson_id, cmsession_id) VALUES (4153, 690);
INSERT INTO lesson (id, type, duration, tags, title, subject, order_id, created_at, is_deleted) VALUES (4154,'PRESENTATION', 20, '', 'LESSON-1', 'NONE', 2, 'now','f');
INSERT INTO lesson_cmsession (lesson_id, cmsession_id) VALUES (4154, 690);
INSERT INTO module (id, module_name, order_id, is_deleted) VALUES (165, 'Personality development: Interpersonal communication', 2, 'f');
INSERT INTO module_course (module_id, course_id) VALUES (165, 17);
INSERT INTO cmsession (id, title, description, order_id, created_at, is_deleted) VALUES (722, 'Introduction to Communication', 'This session is aimed to brief students on the meaning and elements of an effective communication. It details out the factors affecting communication and techniques of avoiding pitfalls.', 1, 'now', 'f');
INSERT INTO cmsession_module (cmsession_id, module_id) VALUES (722, 165);
INSERT INTO lesson (id, type, duration, tags, title, subject, order_id, created_at, is_deleted) VALUES (4345,'PRESENTATION', 20, '', 'LESSON-0', 'NONE', 1, 'now','f');
INSERT INTO lesson_cmsession (lesson_id, cmsession_id) VALUES (4345, 722);
INSERT INTO lesson (id, type, duration, tags, title, subject, order_id, created_at, is_deleted) VALUES (4346,'PRESENTATION', 20, '', 'LESSON-1', 'NONE', 2, 'now','f');
INSERT INTO lesson_cmsession (lesson_id, cmsession_id) VALUES (4346, 722);
INSERT INTO cmsession (id, title, description, order_id, created_at, is_deleted) VALUES (693, 'Active listening', 'The session explains how one can overcome the barriers to effective communication', 2, 'now', 'f');
INSERT INTO cmsession_module (cmsession_id, module_id) VALUES (693, 165);
INSERT INTO lesson (id, type, duration, tags, title, subject, order_id, created_at, is_deleted) VALUES (4171,'PRESENTATION', 20, '', 'LESSON-0', 'NONE', 1, 'now','f');
INSERT INTO lesson_cmsession (lesson_id, cmsession_id) VALUES (4171, 693);
INSERT INTO lesson (id, type, duration, tags, title, subject, order_id, created_at, is_deleted) VALUES (4172,'PRESENTATION', 20, '', 'LESSON-1', 'NONE', 2, 'now','f');
INSERT INTO lesson_cmsession (lesson_id, cmsession_id) VALUES (4172, 693);
INSERT INTO cmsession (id, title, description, order_id, created_at, is_deleted) VALUES (695, 'Body language', 'The session introduces the concept of non-verbal communication by highlighting the importance of body language. It outlines the understanding of body gestures and use of space and distance.', 3, 'now', 'f');
INSERT INTO cmsession_module (cmsession_id, module_id) VALUES (695, 165);
INSERT INTO lesson (id, type, duration, tags, title, subject, order_id, created_at, is_deleted) VALUES (4183,'PRESENTATION', 20, '', 'LESSON-0', 'NONE', 1, 'now','f');
INSERT INTO lesson_cmsession (lesson_id, cmsession_id) VALUES (4183, 695);
INSERT INTO lesson (id, type, duration, tags, title, subject, order_id, created_at, is_deleted) VALUES (4184,'PRESENTATION', 20, '', 'LESSON-1', 'NONE', 2, 'now','f');
INSERT INTO lesson_cmsession (lesson_id, cmsession_id) VALUES (4184, 695);
INSERT INTO cmsession (id, title, description, order_id, created_at, is_deleted) VALUES (694, 'Body language', 'The session introduces the concept of non-verbal communication by highlighting the importance of body language. It outlines the understanding of body gestures and use of space and distance.', 4, 'now', 'f');
INSERT INTO cmsession_module (cmsession_id, module_id) VALUES (694, 165);
INSERT INTO lesson (id, type, duration, tags, title, subject, order_id, created_at, is_deleted) VALUES (4177,'PRESENTATION', 20, '', 'LESSON-0', 'NONE', 1, 'now','f');
INSERT INTO lesson_cmsession (lesson_id, cmsession_id) VALUES (4177, 694);
INSERT INTO lesson (id, type, duration, tags, title, subject, order_id, created_at, is_deleted) VALUES (4178,'PRESENTATION', 20, '', 'LESSON-1', 'NONE', 2, 'now','f');
INSERT INTO lesson_cmsession (lesson_id, cmsession_id) VALUES (4178, 694);
INSERT INTO cmsession (id, title, description, order_id, created_at, is_deleted) VALUES (726, 'Oral communication', 'This session outlines the various aspects of oral communication and voice modulation and pitch.', 5, 'now', 'f');
INSERT INTO cmsession_module (cmsession_id, module_id) VALUES (726, 165);
INSERT INTO lesson (id, type, duration, tags, title, subject, order_id, created_at, is_deleted) VALUES (4369,'PRESENTATION', 20, '', 'LESSON-0', 'NONE', 1, 'now','f');
INSERT INTO lesson_cmsession (lesson_id, cmsession_id) VALUES (4369, 726);
INSERT INTO lesson (id, type, duration, tags, title, subject, order_id, created_at, is_deleted) VALUES (4370,'PRESENTATION', 20, '', 'LESSON-1', 'NONE', 2, 'now','f');
INSERT INTO lesson_cmsession (lesson_id, cmsession_id) VALUES (4370, 726);
INSERT INTO module (id, module_name, order_id, is_deleted) VALUES (166, 'Personality development: Effective communication strategies', 3, 'f');
INSERT INTO module_course (module_id, course_id) VALUES (166, 17);
INSERT INTO cmsession (id, title, description, order_id, created_at, is_deleted) VALUES (697, 'Telephone etiquette', 'The session aims to teach the important etiquettes to be followed on a telephonic conversation. It details out various aspects such as voice toning, giving tactful responses and how to avoid interruptions.', 1, 'now', 'f');
INSERT INTO cmsession_module (cmsession_id, module_id) VALUES (697, 166);
INSERT INTO lesson (id, type, duration, tags, title, subject, order_id, created_at, is_deleted) VALUES (4195,'PRESENTATION', 20, '', 'LESSON-0', 'NONE', 1, 'now','f');
INSERT INTO lesson_cmsession (lesson_id, cmsession_id) VALUES (4195, 697);
INSERT INTO lesson (id, type, duration, tags, title, subject, order_id, created_at, is_deleted) VALUES (4196,'PRESENTATION', 20, '', 'LESSON-1', 'NONE', 2, 'now','f');
INSERT INTO lesson_cmsession (lesson_id, cmsession_id) VALUES (4196, 697);
INSERT INTO cmsession (id, title, description, order_id, created_at, is_deleted) VALUES (727, 'Telephone etiquette', 'The session aims to teach the important etiquettes to be followed on a telephonic conversation. It details out various aspects such as voice toning, giving tactful responses and how to avoid interruptions.', 2, 'now', 'f');
INSERT INTO cmsession_module (cmsession_id, module_id) VALUES (727, 166);
INSERT INTO lesson (id, type, duration, tags, title, subject, order_id, created_at, is_deleted) VALUES (4375,'PRESENTATION', 20, '', 'LESSON-0', 'NONE', 1, 'now','f');
INSERT INTO lesson_cmsession (lesson_id, cmsession_id) VALUES (4375, 727);
INSERT INTO lesson (id, type, duration, tags, title, subject, order_id, created_at, is_deleted) VALUES (4376,'PRESENTATION', 20, '', 'LESSON-1', 'NONE', 2, 'now','f');
INSERT INTO lesson_cmsession (lesson_id, cmsession_id) VALUES (4376, 727);
INSERT INTO cmsession (id, title, description, order_id, created_at, is_deleted) VALUES (730, 'Speaking strategies: Presentation skills', 'This session teaches the need and mechanism of preparing a good presentation and also how to face the audience.', 3, 'now', 'f');
INSERT INTO cmsession_module (cmsession_id, module_id) VALUES (730, 166);
INSERT INTO lesson (id, type, duration, tags, title, subject, order_id, created_at, is_deleted) VALUES (4393,'PRESENTATION', 20, '', 'LESSON-0', 'NONE', 1, 'now','f');
INSERT INTO lesson_cmsession (lesson_id, cmsession_id) VALUES (4393, 730);
INSERT INTO lesson (id, type, duration, tags, title, subject, order_id, created_at, is_deleted) VALUES (4394,'PRESENTATION', 20, '', 'LESSON-1', 'NONE', 2, 'now','f');
INSERT INTO lesson_cmsession (lesson_id, cmsession_id) VALUES (4394, 730);
INSERT INTO cmsession (id, title, description, order_id, created_at, is_deleted) VALUES (729, 'Speaking strategies: Presentation skills', 'This session teaches the need and mechanism of preparing a good presentation and also how to face the audience.', 4, 'now', 'f');
INSERT INTO cmsession_module (cmsession_id, module_id) VALUES (729, 166);
INSERT INTO lesson (id, type, duration, tags, title, subject, order_id, created_at, is_deleted) VALUES (4387,'PRESENTATION', 20, '', 'LESSON-0', 'NONE', 1, 'now','f');
INSERT INTO lesson_cmsession (lesson_id, cmsession_id) VALUES (4387, 729);
INSERT INTO lesson (id, type, duration, tags, title, subject, order_id, created_at, is_deleted) VALUES (4388,'PRESENTATION', 20, '', 'LESSON-1', 'NONE', 2, 'now','f');
INSERT INTO lesson_cmsession (lesson_id, cmsession_id) VALUES (4388, 729);
INSERT INTO cmsession (id, title, description, order_id, created_at, is_deleted) VALUES (731, 'Introduction to Written Communication', 'The session highlights the importance of written communication by walking the students through tips to writing well. It also explains the formats and types of written communication used at the workplace.', 5, 'now', 'f');
INSERT INTO cmsession_module (cmsession_id, module_id) VALUES (731, 166);
INSERT INTO lesson (id, type, duration, tags, title, subject, order_id, created_at, is_deleted) VALUES (4399,'PRESENTATION', 20, '', 'LESSON-0', 'NONE', 1, 'now','f');
INSERT INTO lesson_cmsession (lesson_id, cmsession_id) VALUES (4399, 731);
INSERT INTO lesson (id, type, duration, tags, title, subject, order_id, created_at, is_deleted) VALUES (4400,'PRESENTATION', 20, '', 'LESSON-1', 'NONE', 2, 'now','f');
INSERT INTO lesson_cmsession (lesson_id, cmsession_id) VALUES (4400, 731);
INSERT INTO cmsession (id, title, description, order_id, created_at, is_deleted) VALUES (732, 'Introduction to Written Communication', 'The session highlights the importance of written communication by walking the students through tips to writing well. It also explains the formats and types of written communication used at the workplace.', 6, 'now', 'f');
INSERT INTO cmsession_module (cmsession_id, module_id) VALUES (732, 166);
INSERT INTO lesson (id, type, duration, tags, title, subject, order_id, created_at, is_deleted) VALUES (4405,'PRESENTATION', 20, '', 'LESSON-0', 'NONE', 1, 'now','f');
INSERT INTO lesson_cmsession (lesson_id, cmsession_id) VALUES (4405, 732);
INSERT INTO lesson (id, type, duration, tags, title, subject, order_id, created_at, is_deleted) VALUES (4406,'PRESENTATION', 20, '', 'LESSON-1', 'NONE', 2, 'now','f');
INSERT INTO lesson_cmsession (lesson_id, cmsession_id) VALUES (4406, 732);
INSERT INTO cmsession (id, title, description, order_id, created_at, is_deleted) VALUES (733, 'Email etiquette', 'This session intends to teach the ways and means of writing a good email.', 7, 'now', 'f');
INSERT INTO cmsession_module (cmsession_id, module_id) VALUES (733, 166);
INSERT INTO lesson (id, type, duration, tags, title, subject, order_id, created_at, is_deleted) VALUES (4411,'PRESENTATION', 20, '', 'LESSON-0', 'NONE', 1, 'now','f');
INSERT INTO lesson_cmsession (lesson_id, cmsession_id) VALUES (4411, 733);
INSERT INTO lesson (id, type, duration, tags, title, subject, order_id, created_at, is_deleted) VALUES (4412,'PRESENTATION', 20, '', 'LESSON-1', 'NONE', 2, 'now','f');
INSERT INTO lesson_cmsession (lesson_id, cmsession_id) VALUES (4412, 733);
INSERT INTO cmsession (id, title, description, order_id, created_at, is_deleted) VALUES (734, 'Project presentation', 'The session explains the usage of technology in business. It covers the usage of video conferences, virtual meetings etc.', 8, 'now', 'f');
INSERT INTO cmsession_module (cmsession_id, module_id) VALUES (734, 166);
INSERT INTO lesson (id, type, duration, tags, title, subject, order_id, created_at, is_deleted) VALUES (4417,'PRESENTATION', 20, '', 'LESSON-0', 'NONE', 1, 'now','f');
INSERT INTO lesson_cmsession (lesson_id, cmsession_id) VALUES (4417, 734);
INSERT INTO lesson (id, type, duration, tags, title, subject, order_id, created_at, is_deleted) VALUES (4418,'PRESENTATION', 20, '', 'LESSON-1', 'NONE', 2, 'now','f');
INSERT INTO lesson_cmsession (lesson_id, cmsession_id) VALUES (4418, 734);
INSERT INTO module (id, module_name, order_id, is_deleted) VALUES (167, 'Personality Development: Workplace coping strategies', 4, 'f');
INSERT INTO module_course (module_id, course_id) VALUES (167, 17);
INSERT INTO cmsession (id, title, description, order_id, created_at, is_deleted) VALUES (705, 'Stress management at the workplace and coping strategies', 'This session aims to teach the students how to manage and cope with workplace stress. It entails a list of techniques of stress management.', 1, 'now', 'f');
INSERT INTO cmsession_module (cmsession_id, module_id) VALUES (705, 167);
INSERT INTO lesson (id, type, duration, tags, title, subject, order_id, created_at, is_deleted) VALUES (4243,'PRESENTATION', 20, '', 'LESSON-0', 'NONE', 1, 'now','f');
INSERT INTO lesson_cmsession (lesson_id, cmsession_id) VALUES (4243, 705);
INSERT INTO lesson (id, type, duration, tags, title, subject, order_id, created_at, is_deleted) VALUES (4244,'PRESENTATION', 20, '', 'LESSON-1', 'NONE', 2, 'now','f');
INSERT INTO lesson_cmsession (lesson_id, cmsession_id) VALUES (4244, 705);
INSERT INTO cmsession (id, title, description, order_id, created_at, is_deleted) VALUES (736, 'Confidence building and self-motivation', 'The session contains confidence building strategies and self-motivation techniques.', 2, 'now', 'f');
INSERT INTO cmsession_module (cmsession_id, module_id) VALUES (736, 167);
INSERT INTO lesson (id, type, duration, tags, title, subject, order_id, created_at, is_deleted) VALUES (4429,'PRESENTATION', 20, '', 'LESSON-0', 'NONE', 1, 'now','f');
INSERT INTO lesson_cmsession (lesson_id, cmsession_id) VALUES (4429, 736);
INSERT INTO lesson (id, type, duration, tags, title, subject, order_id, created_at, is_deleted) VALUES (4430,'PRESENTATION', 20, '', 'LESSON-1', 'NONE', 2, 'now','f');
INSERT INTO lesson_cmsession (lesson_id, cmsession_id) VALUES (4430, 736);
INSERT INTO module (id, module_name, order_id, is_deleted) VALUES (168, 'Understanding personality', 5, 'f');
INSERT INTO module_course (module_id, course_id) VALUES (168, 17);
INSERT INTO cmsession (id, title, description, order_id, created_at, is_deleted) VALUES (707, 'Developing a personality', 'This session explains how to develop a personality and showcase it. It touches upon various aspects such as interpersonal interaction, emotional competence, optimism etc.', 1, 'now', 'f');
INSERT INTO cmsession_module (cmsession_id, module_id) VALUES (707, 168);
INSERT INTO lesson (id, type, duration, tags, title, subject, order_id, created_at, is_deleted) VALUES (4255,'PRESENTATION', 20, '', 'LESSON-0', 'NONE', 1, 'now','f');
INSERT INTO lesson_cmsession (lesson_id, cmsession_id) VALUES (4255, 707);
INSERT INTO lesson (id, type, duration, tags, title, subject, order_id, created_at, is_deleted) VALUES (4256,'PRESENTATION', 20, '', 'LESSON-1', 'NONE', 2, 'now','f');
INSERT INTO lesson_cmsession (lesson_id, cmsession_id) VALUES (4256, 707);
INSERT INTO cmsession (id, title, description, order_id, created_at, is_deleted) VALUES (738, 'Developing a personality', 'This session explains how to develop a personality and showcase it. It touches upon various aspects such as interpersonal interaction, emotional competence, optimism etc.', 2, 'now', 'f');
INSERT INTO cmsession_module (cmsession_id, module_id) VALUES (738, 168);
INSERT INTO lesson (id, type, duration, tags, title, subject, order_id, created_at, is_deleted) VALUES (4441,'PRESENTATION', 20, '', 'LESSON-0', 'NONE', 1, 'now','f');
INSERT INTO lesson_cmsession (lesson_id, cmsession_id) VALUES (4441, 738);
INSERT INTO lesson (id, type, duration, tags, title, subject, order_id, created_at, is_deleted) VALUES (4442,'PRESENTATION', 20, '', 'LESSON-1', 'NONE', 2, 'now','f');
INSERT INTO lesson_cmsession (lesson_id, cmsession_id) VALUES (4442, 738);
INSERT INTO module (id, module_name, order_id, is_deleted) VALUES (169, 'Personality testing', 6, 'f');
INSERT INTO module_course (module_id, course_id) VALUES (169, 17);
INSERT INTO cmsession (id, title, description, order_id, created_at, is_deleted) VALUES (740, 'Personality testing: SWOT Analysis', 'The session aims to teach the students how to recognize their strengths and weaknesses through SWOT analysis technique.', 1, 'now', 'f');
INSERT INTO cmsession_module (cmsession_id, module_id) VALUES (740, 169);
INSERT INTO lesson (id, type, duration, tags, title, subject, order_id, created_at, is_deleted) VALUES (4453,'PRESENTATION', 20, '', 'LESSON-0', 'NONE', 1, 'now','f');
INSERT INTO lesson_cmsession (lesson_id, cmsession_id) VALUES (4453, 740);
INSERT INTO lesson (id, type, duration, tags, title, subject, order_id, created_at, is_deleted) VALUES (4454,'PRESENTATION', 20, '', 'LESSON-1', 'NONE', 2, 'now','f');
INSERT INTO lesson_cmsession (lesson_id, cmsession_id) VALUES (4454, 740);
INSERT INTO cmsession (id, title, description, order_id, created_at, is_deleted) VALUES (739, 'Personality testing: SWOT Analysis', 'The session aims to teach the students how to recognize their strengths and weaknesses through SWOT analysis technique.', 2, 'now', 'f');
INSERT INTO cmsession_module (cmsession_id, module_id) VALUES (739, 169);
INSERT INTO lesson (id, type, duration, tags, title, subject, order_id, created_at, is_deleted) VALUES (4447,'PRESENTATION', 20, '', 'LESSON-0', 'NONE', 1, 'now','f');
INSERT INTO lesson_cmsession (lesson_id, cmsession_id) VALUES (4447, 739);
INSERT INTO lesson (id, type, duration, tags, title, subject, order_id, created_at, is_deleted) VALUES (4448,'PRESENTATION', 20, '', 'LESSON-1', 'NONE', 2, 'now','f');
INSERT INTO lesson_cmsession (lesson_id, cmsession_id) VALUES (4448, 739);
INSERT INTO cmsession (id, title, description, order_id, created_at, is_deleted) VALUES (741, 'Personality testing: MBTI', 'The session helps students to understand and assess their personality type through a renown test called MBTI.', 3, 'now', 'f');
INSERT INTO cmsession_module (cmsession_id, module_id) VALUES (741, 169);
INSERT INTO lesson (id, type, duration, tags, title, subject, order_id, created_at, is_deleted) VALUES (4459,'PRESENTATION', 20, '', 'LESSON-0', 'NONE', 1, 'now','f');
INSERT INTO lesson_cmsession (lesson_id, cmsession_id) VALUES (4459, 741);
INSERT INTO lesson (id, type, duration, tags, title, subject, order_id, created_at, is_deleted) VALUES (4460,'PRESENTATION', 20, '', 'LESSON-1', 'NONE', 2, 'now','f');
INSERT INTO lesson_cmsession (lesson_id, cmsession_id) VALUES (4460, 741);
INSERT INTO cmsession (id, title, description, order_id, created_at, is_deleted) VALUES (742, 'Personality testing: Situational judgement tests', 'This session aims to teach the students how to handle common challenging situations at workplace and how to act upon it on timely basis.', 4, 'now', 'f');
INSERT INTO cmsession_module (cmsession_id, module_id) VALUES (742, 169);
INSERT INTO lesson (id, type, duration, tags, title, subject, order_id, created_at, is_deleted) VALUES (4465,'PRESENTATION', 20, '', 'LESSON-0', 'NONE', 1, 'now','f');
INSERT INTO lesson_cmsession (lesson_id, cmsession_id) VALUES (4465, 742);
INSERT INTO lesson (id, type, duration, tags, title, subject, order_id, created_at, is_deleted) VALUES (4466,'PRESENTATION', 20, '', 'LESSON-1', 'NONE', 2, 'now','f');
INSERT INTO lesson_cmsession (lesson_id, cmsession_id) VALUES (4466, 742);
INSERT INTO module (id, module_name, order_id, is_deleted) VALUES (170, 'Personality and career choice', 7, 'f');
INSERT INTO module_course (module_id, course_id) VALUES (170, 17);
INSERT INTO cmsession (id, title, description, order_id, created_at, is_deleted) VALUES (713, 'Personality types and career choice mapping', 'This session gives an overview on the types of personalities and helps students identify the best fit for various job roles.', 1, 'now', 'f');
INSERT INTO cmsession_module (cmsession_id, module_id) VALUES (713, 170);
INSERT INTO lesson (id, type, duration, tags, title, subject, order_id, created_at, is_deleted) VALUES (4291,'PRESENTATION', 20, '', 'LESSON-0', 'NONE', 1, 'now','f');
INSERT INTO lesson_cmsession (lesson_id, cmsession_id) VALUES (4291, 713);
INSERT INTO lesson (id, type, duration, tags, title, subject, order_id, created_at, is_deleted) VALUES (4292,'PRESENTATION', 20, '', 'LESSON-1', 'NONE', 2, 'now','f');
INSERT INTO lesson_cmsession (lesson_id, cmsession_id) VALUES (4292, 713);
INSERT INTO cmsession (id, title, description, order_id, created_at, is_deleted) VALUES (714, 'Personality types and career choice mapping', 'This session gives an overview on the types of personalities and helps students identify the best fit for various job roles.', 2, 'now', 'f');
INSERT INTO cmsession_module (cmsession_id, module_id) VALUES (714, 170);
INSERT INTO lesson (id, type, duration, tags, title, subject, order_id, created_at, is_deleted) VALUES (4297,'PRESENTATION', 20, '', 'LESSON-0', 'NONE', 1, 'now','f');
INSERT INTO lesson_cmsession (lesson_id, cmsession_id) VALUES (4297, 714);
INSERT INTO lesson (id, type, duration, tags, title, subject, order_id, created_at, is_deleted) VALUES (4298,'PRESENTATION', 20, '', 'LESSON-1', 'NONE', 2, 'now','f');
INSERT INTO lesson_cmsession (lesson_id, cmsession_id) VALUES (4298, 714);
INSERT INTO course (id, course_name, course_description, tags, created_at) VALUES (18, 'Human Resource', 'Recruitment, hiring, training, retention and feedback and appraisal techniques for HR executives', NULL, 'now');
INSERT INTO module (id, module_name, order_id, is_deleted) VALUES (171, 'Introduction and need for HR', 1, 'f');
INSERT INTO module_course (module_id, course_id) VALUES (171, 18);
INSERT INTO cmsession (id, title, description, order_id, created_at, is_deleted) VALUES (745, '01_Need for HR', 'In this session the students will be introduced to human resource management and its importance in an organization', 1, 'now', 'f');
INSERT INTO cmsession_module (cmsession_id, module_id) VALUES (745, 171);
INSERT INTO lesson (id, type, duration, tags, title, subject, order_id, created_at, is_deleted) VALUES (4483,'PRESENTATION', 20, '', '01_Introduction and need for HR', 'none', 1, 'now','f');
INSERT INTO lesson_cmsession (lesson_id, cmsession_id) VALUES (4483, 745);
INSERT INTO module (id, module_name, order_id, is_deleted) VALUES (172, 'Identifying recruitment needs', 2, 'f');
INSERT INTO module_course (module_id, course_id) VALUES (172, 18);
INSERT INTO cmsession (id, title, description, order_id, created_at, is_deleted) VALUES (746, '02_Identifying recruitment needs', 'In this session the students will learn to identify staffing needs of an organization', 1, 'now', 'f');
INSERT INTO cmsession_module (cmsession_id, module_id) VALUES (746, 172);
INSERT INTO lesson (id, type, duration, tags, title, subject, order_id, created_at, is_deleted) VALUES (4489,'PRESENTATION', 20, '', '03_Process of Hiring and writing the JD', 'none', 1, 'now','f');
INSERT INTO lesson_cmsession (lesson_id, cmsession_id) VALUES (4489, 746);
INSERT INTO module (id, module_name, order_id, is_deleted) VALUES (173, 'Job Description', 3, 'f');
INSERT INTO module_course (module_id, course_id) VALUES (173, 18);
INSERT INTO cmsession (id, title, description, order_id, created_at, is_deleted) VALUES (748, '04_The JD game', 'The JD game', 2, 'now', 'f');
INSERT INTO cmsession_module (cmsession_id, module_id) VALUES (748, 173);
INSERT INTO lesson (id, type, duration, tags, title, subject, order_id, created_at, is_deleted) VALUES (4501,'PRESENTATION', 20, '', '04_JD Game', 'none', 1, 'now','f');
INSERT INTO lesson_cmsession (lesson_id, cmsession_id) VALUES (4501, 748);
INSERT INTO cmsession (id, title, description, order_id, created_at, is_deleted) VALUES (747, '03_Process of hiring/writing the JD', 'Process of hiring/writing the JD', 1, 'now', 'f');
INSERT INTO cmsession_module (cmsession_id, module_id) VALUES (747, 173);
INSERT INTO lesson (id, type, duration, tags, title, subject, order_id, created_at, is_deleted) VALUES (4495,'PRESENTATION', 20, '', '02_Identifying recruitment needs', 'none', 1, 'now','f');
INSERT INTO lesson_cmsession (lesson_id, cmsession_id) VALUES (4495, 747);
INSERT INTO module (id, module_name, order_id, is_deleted) VALUES (174, 'Recruitment strategy', 4, 'f');
INSERT INTO module_course (module_id, course_id) VALUES (174, 18);
INSERT INTO cmsession (id, title, description, order_id, created_at, is_deleted) VALUES (749, '05_Sourcing strategies: Newspapers, campus interviews', 'Sourcing strategies: Newspapers, campus interviews', 1, 'now', 'f');
INSERT INTO cmsession_module (cmsession_id, module_id) VALUES (749, 174);
INSERT INTO lesson (id, type, duration, tags, title, subject, order_id, created_at, is_deleted) VALUES (4507,'PRESENTATION', 20, '', '05_Recruitment Strategies', 'none', 1, 'now','f');
INSERT INTO lesson_cmsession (lesson_id, cmsession_id) VALUES (4507, 749);
INSERT INTO cmsession (id, title, description, order_id, created_at, is_deleted) VALUES (750, '06_Sourcing strategies: Job Portals and social media', 'Sourcing strategies: Job Portals and social media', 2, 'now', 'f');
INSERT INTO cmsession_module (cmsession_id, module_id) VALUES (750, 174);
INSERT INTO lesson (id, type, duration, tags, title, subject, order_id, created_at, is_deleted) VALUES (4513,'PRESENTATION', 20, '', '06_Job portals', 'none', 1, 'now','f');
INSERT INTO lesson_cmsession (lesson_id, cmsession_id) VALUES (4513, 750);
INSERT INTO module (id, module_name, order_id, is_deleted) VALUES (175, 'Creating databases of candidates & Shortlisting', 5, 'f');
INSERT INTO module_course (module_id, course_id) VALUES (175, 18);
INSERT INTO cmsession (id, title, description, order_id, created_at, is_deleted) VALUES (751, '07_08_Creating databases of candidates & Shortlisting', 'Creating databases of candidates & Shortlisting', 1, 'now', 'f');
INSERT INTO cmsession_module (cmsession_id, module_id) VALUES (751, 175);
INSERT INTO lesson (id, type, duration, tags, title, subject, order_id, created_at, is_deleted) VALUES (4519,'PRESENTATION', 20, '', '07_Creating databases and shortlisting', 'none', 1, 'now','f');
INSERT INTO lesson_cmsession (lesson_id, cmsession_id) VALUES (4519, 751);
INSERT INTO module (id, module_name, order_id, is_deleted) VALUES (176, 'Bringing in the right candidate', 6, 'f');
INSERT INTO module_course (module_id, course_id) VALUES (176, 18);
INSERT INTO cmsession (id, title, description, order_id, created_at, is_deleted) VALUES (752, '09_Bringing in the right candidate', 'Bringing in the right candidate', 1, 'now', 'f');
INSERT INTO cmsession_module (cmsession_id, module_id) VALUES (752, 176);
INSERT INTO lesson (id, type, duration, tags, title, subject, order_id, created_at, is_deleted) VALUES (4525,'PRESENTATION', 20, '', '08_Bringing in the right candidate', 'none', 1, 'now','f');
INSERT INTO lesson_cmsession (lesson_id, cmsession_id) VALUES (4525, 752);
INSERT INTO lesson (id, type, duration, tags, title, subject, order_id, created_at, is_deleted) VALUES (4526,'PRESENTATION', 20, '', 'LESSON-1', 'NONE', 2, 'now','f');
INSERT INTO lesson_cmsession (lesson_id, cmsession_id) VALUES (4526, 752);
INSERT INTO module (id, module_name, order_id, is_deleted) VALUES (177, 'Bringing in the right people', 7, 'f');
INSERT INTO module_course (module_id, course_id) VALUES (177, 18);
INSERT INTO cmsession (id, title, description, order_id, created_at, is_deleted) VALUES (753, '10_Bringing in the right people', 'Bringing in the right people', 1, 'now', 'f');
INSERT INTO cmsession_module (cmsession_id, module_id) VALUES (753, 177);
INSERT INTO lesson (id, type, duration, tags, title, subject, order_id, created_at, is_deleted) VALUES (4531,'PRESENTATION', 20, '', '09_Bringing in the right people', 'none', 1, 'now','f');
INSERT INTO lesson_cmsession (lesson_id, cmsession_id) VALUES (4531, 753);
INSERT INTO module (id, module_name, order_id, is_deleted) VALUES (178, 'Follow up strategies', 8, 'f');
INSERT INTO module_course (module_id, course_id) VALUES (178, 18);
INSERT INTO cmsession (id, title, description, order_id, created_at, is_deleted) VALUES (754, '11_Follow up strategies', 'Follow up strategies', 1, 'now', 'f');
INSERT INTO cmsession_module (cmsession_id, module_id) VALUES (754, 178);
INSERT INTO lesson (id, type, duration, tags, title, subject, order_id, created_at, is_deleted) VALUES (4537,'PRESENTATION', 60, '', '10_Follow up strategies', 'none', 1, 'now','f');
INSERT INTO lesson_cmsession (lesson_id, cmsession_id) VALUES (4537, 754);
INSERT INTO lesson (id, type, duration, tags, title, subject, order_id, created_at, is_deleted) VALUES (4538,'PRESENTATION', 20, '', 'LESSON-1', 'NONE', 2, 'now','f');
INSERT INTO lesson_cmsession (lesson_id, cmsession_id) VALUES (4538, 754);
INSERT INTO module (id, module_name, order_id, is_deleted) VALUES (179, 'Interview Process: Planning & Management', 9, 'f');
INSERT INTO module_course (module_id, course_id) VALUES (179, 18);
INSERT INTO cmsession (id, title, description, order_id, created_at, is_deleted) VALUES (755, '12_Interview Process Planning & Management', 'Interview Process Planning & Management', 1, 'now', 'f');
INSERT INTO cmsession_module (cmsession_id, module_id) VALUES (755, 179);
INSERT INTO lesson (id, type, duration, tags, title, subject, order_id, created_at, is_deleted) VALUES (4543,'PRESENTATION', 60, '', '11_Interview process and management', 'none', 1, 'now','f');
INSERT INTO lesson_cmsession (lesson_id, cmsession_id) VALUES (4543, 755);
INSERT INTO lesson (id, type, duration, tags, title, subject, order_id, created_at, is_deleted) VALUES (4544,'PRESENTATION', 20, '', 'LESSON-1', 'NONE', 2, 'now','f');
INSERT INTO lesson_cmsession (lesson_id, cmsession_id) VALUES (4544, 755);
INSERT INTO module (id, module_name, order_id, is_deleted) VALUES (180, 'Interviewing from HR perspective', 10, 'f');
INSERT INTO module_course (module_id, course_id) VALUES (180, 18);
INSERT INTO cmsession (id, title, description, order_id, created_at, is_deleted) VALUES (757, '13_Interviewing from HR perspective', 'Interviewing from HR perspective', 1, 'now', 'f');
INSERT INTO cmsession_module (cmsession_id, module_id) VALUES (757, 180);
INSERT INTO lesson (id, type, duration, tags, title, subject, order_id, created_at, is_deleted) VALUES (4555,'PRESENTATION', 60, '', '12_Interviewing from the HR perspective', 'none', 1, 'now','f');
INSERT INTO lesson_cmsession (lesson_id, cmsession_id) VALUES (4555, 757);
INSERT INTO lesson (id, type, duration, tags, title, subject, order_id, created_at, is_deleted) VALUES (4556,'PRESENTATION', 20, '', 'LESSON-1', 'NONE', 2, 'now','f');
INSERT INTO lesson_cmsession (lesson_id, cmsession_id) VALUES (4556, 757);
INSERT INTO module (id, module_name, order_id, is_deleted) VALUES (181, 'Offer Negotiation', 11, 'f');
INSERT INTO module_course (module_id, course_id) VALUES (181, 18);
INSERT INTO cmsession (id, title, description, order_id, created_at, is_deleted) VALUES (759, '14_Offer Negotiation', 'Offer Negotiation', 1, 'now', 'f');
INSERT INTO cmsession_module (cmsession_id, module_id) VALUES (759, 181);
INSERT INTO lesson (id, type, duration, tags, title, subject, order_id, created_at, is_deleted) VALUES (4567,'PRESENTATION', 60, '', '13_Offer negotiation', 'none', 1, 'now','f');
INSERT INTO lesson_cmsession (lesson_id, cmsession_id) VALUES (4567, 759);
INSERT INTO lesson (id, type, duration, tags, title, subject, order_id, created_at, is_deleted) VALUES (4568,'PRESENTATION', 20, '', 'LESSON-1', 'NONE', 2, 'now','f');
INSERT INTO lesson_cmsession (lesson_id, cmsession_id) VALUES (4568, 759);
INSERT INTO cmsession (id, title, description, order_id, created_at, is_deleted) VALUES (760, '15_Offer Negotiation', 'Offer Negotiation', 2, 'now', 'f');
INSERT INTO cmsession_module (cmsession_id, module_id) VALUES (760, 181);
INSERT INTO lesson (id, type, duration, tags, title, subject, order_id, created_at, is_deleted) VALUES (4573,'PRESENTATION', 60, '', '14_Offer negotiation', 'none', 1, 'now','f');
INSERT INTO lesson_cmsession (lesson_id, cmsession_id) VALUES (4573, 760);
INSERT INTO lesson (id, type, duration, tags, title, subject, order_id, created_at, is_deleted) VALUES (4574,'PRESENTATION', 20, '', 'LESSON-1', 'NONE', 2, 'now','f');
INSERT INTO lesson_cmsession (lesson_id, cmsession_id) VALUES (4574, 760);
INSERT INTO module (id, module_name, order_id, is_deleted) VALUES (182, 'Offer Letter creation', 12, 'f');
INSERT INTO module_course (module_id, course_id) VALUES (182, 18);
INSERT INTO cmsession (id, title, description, order_id, created_at, is_deleted) VALUES (761, '16_Offer Letter creation', 'Offer Letter creation', 1, 'now', 'f');
INSERT INTO cmsession_module (cmsession_id, module_id) VALUES (761, 182);
INSERT INTO lesson (id, type, duration, tags, title, subject, order_id, created_at, is_deleted) VALUES (4579,'PRESENTATION', 60, '', '15_Offer letter creation', 'none', 1, 'now','f');
INSERT INTO lesson_cmsession (lesson_id, cmsession_id) VALUES (4579, 761);
INSERT INTO lesson (id, type, duration, tags, title, subject, order_id, created_at, is_deleted) VALUES (4580,'PRESENTATION', 20, '', 'LESSON-1', 'NONE', 2, 'now','f');
INSERT INTO lesson_cmsession (lesson_id, cmsession_id) VALUES (4580, 761);
INSERT INTO module (id, module_name, order_id, is_deleted) VALUES (183, 'Candidate Pipeline Management', 13, 'f');
INSERT INTO module_course (module_id, course_id) VALUES (183, 18);
INSERT INTO cmsession (id, title, description, order_id, created_at, is_deleted) VALUES (763, '17_Candidate Pipeline Management', 'Candidate Pipeline Management', 1, 'now', 'f');
INSERT INTO cmsession_module (cmsession_id, module_id) VALUES (763, 183);
INSERT INTO lesson (id, type, duration, tags, title, subject, order_id, created_at, is_deleted) VALUES (4591,'PRESENTATION', 60, '', '16_Candidate Pipeline management', 'none', 1, 'now','f');
INSERT INTO lesson_cmsession (lesson_id, cmsession_id) VALUES (4591, 763);
INSERT INTO lesson (id, type, duration, tags, title, subject, order_id, created_at, is_deleted) VALUES (4592,'PRESENTATION', 20, '', 'LESSON-1', 'NONE', 2, 'now','f');
INSERT INTO lesson_cmsession (lesson_id, cmsession_id) VALUES (4592, 763);
INSERT INTO module (id, module_name, order_id, is_deleted) VALUES (184, 'Rejecting candidates', 14, 'f');
INSERT INTO module_course (module_id, course_id) VALUES (184, 18);
INSERT INTO cmsession (id, title, description, order_id, created_at, is_deleted) VALUES (764, '18_Rejecting candidates', 'Rejecting candidates', 1, 'now', 'f');
INSERT INTO cmsession_module (cmsession_id, module_id) VALUES (764, 184);
INSERT INTO lesson (id, type, duration, tags, title, subject, order_id, created_at, is_deleted) VALUES (4597,'PRESENTATION', 60, '', '17_Rejecting candidates', 'none', 1, 'now','f');
INSERT INTO lesson_cmsession (lesson_id, cmsession_id) VALUES (4597, 764);
INSERT INTO lesson (id, type, duration, tags, title, subject, order_id, created_at, is_deleted) VALUES (4598,'PRESENTATION', 20, '', 'LESSON-1', 'NONE', 2, 'now','f');
INSERT INTO lesson_cmsession (lesson_id, cmsession_id) VALUES (4598, 764);
INSERT INTO module (id, module_name, order_id, is_deleted) VALUES (185, 'Background Verification', 15, 'f');
INSERT INTO module_course (module_id, course_id) VALUES (185, 18);
INSERT INTO cmsession (id, title, description, order_id, created_at, is_deleted) VALUES (765, '19_Background Verification', 'Background Verification', 1, 'now', 'f');
INSERT INTO cmsession_module (cmsession_id, module_id) VALUES (765, 185);
INSERT INTO lesson (id, type, duration, tags, title, subject, order_id, created_at, is_deleted) VALUES (4603,'PRESENTATION', 60, '', '19_Background verification', 'none', 1, 'now','f');
INSERT INTO lesson_cmsession (lesson_id, cmsession_id) VALUES (4603, 765);
INSERT INTO lesson (id, type, duration, tags, title, subject, order_id, created_at, is_deleted) VALUES (4604,'PRESENTATION', 20, '', 'LESSON-1', 'NONE', 2, 'now','f');
INSERT INTO lesson_cmsession (lesson_id, cmsession_id) VALUES (4604, 765);
INSERT INTO module (id, module_name, order_id, is_deleted) VALUES (186, 'On boarding processes', 16, 'f');
INSERT INTO module_course (module_id, course_id) VALUES (186, 18);
INSERT INTO cmsession (id, title, description, order_id, created_at, is_deleted) VALUES (766, '20_Onboarding processes', 'On boarding processes', 1, 'now', 'f');
INSERT INTO cmsession_module (cmsession_id, module_id) VALUES (766, 186);
INSERT INTO lesson (id, type, duration, tags, title, subject, order_id, created_at, is_deleted) VALUES (4609,'PRESENTATION', 60, '', '20_On-boarding case study', 'none', 1, 'now','f');
INSERT INTO lesson_cmsession (lesson_id, cmsession_id) VALUES (4609, 766);
INSERT INTO lesson (id, type, duration, tags, title, subject, order_id, created_at, is_deleted) VALUES (4610,'PRESENTATION', 20, '', 'LESSON-1', 'NONE', 2, 'now','f');
INSERT INTO lesson_cmsession (lesson_id, cmsession_id) VALUES (4610, 766);
INSERT INTO cmsession (id, title, description, order_id, created_at, is_deleted) VALUES (767, '21_Onboarding processes', 'On boarding processes', 2, 'now', 'f');
INSERT INTO cmsession_module (cmsession_id, module_id) VALUES (767, 186);
INSERT INTO lesson (id, type, duration, tags, title, subject, order_id, created_at, is_deleted) VALUES (4615,'PRESENTATION', 60, '', '21_On-boarding', 'none', 1, 'now','f');
INSERT INTO lesson_cmsession (lesson_id, cmsession_id) VALUES (4615, 767);
INSERT INTO lesson (id, type, duration, tags, title, subject, order_id, created_at, is_deleted) VALUES (4616,'PRESENTATION', 20, '', 'LESSON-1', 'NONE', 2, 'now','f');
INSERT INTO lesson_cmsession (lesson_id, cmsession_id) VALUES (4616, 767);
INSERT INTO module (id, module_name, order_id, is_deleted) VALUES (189, 'HR laws', 17, 'f');
INSERT INTO module_course (module_id, course_id) VALUES (189, 18);
INSERT INTO cmsession (id, title, description, order_id, created_at, is_deleted) VALUES (771, '22_Labour laws and employment laws', 'Labour laws and employment laws', 1, 'now', 'f');
INSERT INTO cmsession_module (cmsession_id, module_id) VALUES (771, 189);
INSERT INTO lesson (id, type, duration, tags, title, subject, order_id, created_at, is_deleted) VALUES (4639,'PRESENTATION', 60, '', '22_HR and labour laws', 'none', 1, 'now','f');
INSERT INTO lesson_cmsession (lesson_id, cmsession_id) VALUES (4639, 771);
INSERT INTO lesson (id, type, duration, tags, title, subject, order_id, created_at, is_deleted) VALUES (4640,'PRESENTATION', 20, '', 'LESSON-1', 'NONE', 2, 'now','f');
INSERT INTO lesson_cmsession (lesson_id, cmsession_id) VALUES (4640, 771);
INSERT INTO cmsession (id, title, description, order_id, created_at, is_deleted) VALUES (772, '23_Labour laws and employment laws', 'Labour laws and employment laws', 2, 'now', 'f');
INSERT INTO cmsession_module (cmsession_id, module_id) VALUES (772, 189);
INSERT INTO lesson (id, type, duration, tags, title, subject, order_id, created_at, is_deleted) VALUES (4645,'PRESENTATION', 60, '', '23_Labour laws and employment laws', 'none', 1, 'now','f');
INSERT INTO lesson_cmsession (lesson_id, cmsession_id) VALUES (4645, 772);
INSERT INTO lesson (id, type, duration, tags, title, subject, order_id, created_at, is_deleted) VALUES (4646,'PRESENTATION', 20, '', 'LESSON-1', 'NONE', 2, 'now','f');
INSERT INTO lesson_cmsession (lesson_id, cmsession_id) VALUES (4646, 772);
INSERT INTO module (id, module_name, order_id, is_deleted) VALUES (190, 'HR retention', 18, 'f');
INSERT INTO module_course (module_id, course_id) VALUES (190, 18);
INSERT INTO cmsession (id, title, description, order_id, created_at, is_deleted) VALUES (773, '24_Retention strategies', 'Retention strategies', 1, 'now', 'f');
INSERT INTO cmsession_module (cmsession_id, module_id) VALUES (773, 190);
INSERT INTO lesson (id, type, duration, tags, title, subject, order_id, created_at, is_deleted) VALUES (4651,'PRESENTATION', 60, '', '24_Retention strategies', 'none', 1, 'now','f');
INSERT INTO lesson_cmsession (lesson_id, cmsession_id) VALUES (4651, 773);
INSERT INTO lesson (id, type, duration, tags, title, subject, order_id, created_at, is_deleted) VALUES (4652,'PRESENTATION', 20, '', 'LESSON-1', 'NONE', 2, 'now','f');
INSERT INTO lesson_cmsession (lesson_id, cmsession_id) VALUES (4652, 773);
INSERT INTO module (id, module_name, order_id, is_deleted) VALUES (312, 'Human Resource Planning', 19, 'f');
INSERT INTO module_course (module_id, course_id) VALUES (312, 18);
INSERT INTO cmsession (id, title, description, order_id, created_at, is_deleted) VALUES (1182, 'Praxis bank_Case study', 'This session helps the students understand the need for human resource and the strategies used in manpower planning', 1, 'now', 'f');
INSERT INTO cmsession_module (cmsession_id, module_id) VALUES (1182, 312);
INSERT INTO lesson (id, type, duration, tags, title, subject, order_id, created_at, is_deleted) VALUES (5934,'PRESENTATION', 120, '', '27_28_Praxis bank case study', 'none', 1, 'now','f');
INSERT INTO lesson_cmsession (lesson_id, cmsession_id) VALUES (5934, 1182);
INSERT INTO lesson (id, type, duration, tags, title, subject, order_id, created_at, is_deleted) VALUES (5914,'PRESENTATION', 120, '', 'Praxis bank case study', 'none', 2, 'now','f');
INSERT INTO lesson_cmsession (lesson_id, cmsession_id) VALUES (5914, 1182);
INSERT INTO cmsession (id, title, description, order_id, created_at, is_deleted) VALUES (1186, 'E-recruitment case study', 'This session helps students analyse recruitment strategies and methods', 2, 'now', 'f');
INSERT INTO cmsession_module (cmsession_id, module_id) VALUES (1186, 312);
INSERT INTO module (id, module_name, order_id, is_deleted) VALUES (303, 'Assessment', 20, 'f');
INSERT INTO module_course (module_id, course_id) VALUES (303, 18);
INSERT INTO cmsession (id, title, description, order_id, created_at, is_deleted) VALUES (1151, 'Midterm assessment', 'This assessment tests the students knowledge half-way through the course', 1, 'now', 'f');
INSERT INTO cmsession_module (cmsession_id, module_id) VALUES (1151, 303);
INSERT INTO cmsession (id, title, description, order_id, created_at, is_deleted) VALUES (1262, 'Final assessment', 'This assessment tests the knowledge gained by the students at the end of the course', 2, 'now', 'f');
INSERT INTO cmsession_module (cmsession_id, module_id) VALUES (1262, 303);
INSERT INTO module (id, module_name, order_id, is_deleted) VALUES (188, 'HR and confidentiality', 21, 'f');
INSERT INTO module_course (module_id, course_id) VALUES (188, 18);
INSERT INTO cmsession (id, title, description, order_id, created_at, is_deleted) VALUES (770, '26_Maintaining confidentiality in recruitment', 'Maintaining confidentiality in recruitment', 1, 'now', 'f');
INSERT INTO cmsession_module (cmsession_id, module_id) VALUES (770, 188);
INSERT INTO lesson (id, type, duration, tags, title, subject, order_id, created_at, is_deleted) VALUES (4633,'PRESENTATION', 60, '', '25_HR and confidentiality', 'none', 1, 'now','f');
INSERT INTO lesson_cmsession (lesson_id, cmsession_id) VALUES (4633, 770);
INSERT INTO lesson (id, type, duration, tags, title, subject, order_id, created_at, is_deleted) VALUES (4634,'PRESENTATION', 20, '', 'LESSON-1', 'NONE', 2, 'now','f');
INSERT INTO lesson_cmsession (lesson_id, cmsession_id) VALUES (4634, 770);
INSERT INTO module (id, module_name, order_id, is_deleted) VALUES (187, 'Documentation Requirements for an HR executive', 22, 'f');
INSERT INTO module_course (module_id, course_id) VALUES (187, 18);
INSERT INTO course (id, course_name, course_description, tags, created_at) VALUES (19, 'Finance and Accounting Analysis', 'Financial modelling in excel for schedule III in practice with real life statements of Airtel, Reliance, Satyam, Kingfisher, HDFC Bank', NULL, 'now');
INSERT INTO module (id, module_name, order_id, is_deleted) VALUES (191, 'Introduction Schedule III', 1, 'f');
INSERT INTO module_course (module_id, course_id) VALUES (191, 19);
INSERT INTO cmsession (id, title, description, order_id, created_at, is_deleted) VALUES (812, '01 Introduction Schedule III', 'This session is an introduction to Schedule III of the Companies Act', 1, 'now', 'f');
INSERT INTO cmsession_module (cmsession_id, module_id) VALUES (812, 191);
INSERT INTO lesson (id, type, duration, tags, title, subject, order_id, created_at, is_deleted) VALUES (4880,'PRESENTATION', 60, '', '01_Introduction to Schedule III', 'none', 1, 'now','f');
INSERT INTO lesson_cmsession (lesson_id, cmsession_id) VALUES (4880, 812);
INSERT INTO cmsession (id, title, description, order_id, created_at, is_deleted) VALUES (813, '02 Introduction Schedule III', 'This session is an introduction Schedule III of the Companies Act', 2, 'now', 'f');
INSERT INTO cmsession_module (cmsession_id, module_id) VALUES (813, 191);
INSERT INTO lesson (id, type, duration, tags, title, subject, order_id, created_at, is_deleted) VALUES (4886,'PRESENTATION', 60, '', '02_ Introduction to schedule III', 'none', 1, 'now','f');
INSERT INTO lesson_cmsession (lesson_id, cmsession_id) VALUES (4886, 813);
INSERT INTO cmsession (id, title, description, order_id, created_at, is_deleted) VALUES (814, '03 Introduction Schedule III', 'This session is an introduction Schedule III of the Companies Act', 3, 'now', 'f');
INSERT INTO cmsession_module (cmsession_id, module_id) VALUES (814, 191);
INSERT INTO lesson (id, type, duration, tags, title, subject, order_id, created_at, is_deleted) VALUES (4892,'PRESENTATION', 60, '', '03_Introduction to Schedule III', 'none', 1, 'now','f');
INSERT INTO lesson_cmsession (lesson_id, cmsession_id) VALUES (4892, 814);
INSERT INTO module (id, module_name, order_id, is_deleted) VALUES (192, 'Statement of Profit & Loss- Revenue', 2, 'f');
INSERT INTO module_course (module_id, course_id) VALUES (192, 19);
INSERT INTO cmsession (id, title, description, order_id, created_at, is_deleted) VALUES (996, '05_Concepts in Revenue', 'This session provides an overview on prescribed revenue recognition policies.', 2, 'now', 'f');
INSERT INTO cmsession_module (cmsession_id, module_id) VALUES (996, 192);
INSERT INTO lesson (id, type, duration, tags, title, subject, order_id, created_at, is_deleted) VALUES (5553,'PRESENTATION', 60, '', '04_Revenue Concepts', 'none', 1, 'now','f');
INSERT INTO lesson_cmsession (lesson_id, cmsession_id) VALUES (5553, 996);
INSERT INTO cmsession (id, title, description, order_id, created_at, is_deleted) VALUES (815, '04 Concepts in Revenue', 'This session provides an overview on prescribed revenue recognition policies.', 1, 'now', 'f');
INSERT INTO cmsession_module (cmsession_id, module_id) VALUES (815, 192);
INSERT INTO lesson (id, type, duration, tags, title, subject, order_id, created_at, is_deleted) VALUES (4898,'PRESENTATION', 60, '', '04_Revenue Concepts', 'none', 1, 'now','f');
INSERT INTO lesson_cmsession (lesson_id, cmsession_id) VALUES (4898, 815);
INSERT INTO module (id, module_name, order_id, is_deleted) VALUES (193, 'Statement of Profit & Loss- Expenses', 3, 'f');
INSERT INTO module_course (module_id, course_id) VALUES (193, 19);
INSERT INTO cmsession (id, title, description, order_id, created_at, is_deleted) VALUES (816, '06_Statement of Profit & Loss- Expenses', 'This session helps students to understand the different expenses in the Statement of Profit & Loss.', 1, 'now', 'f');
INSERT INTO cmsession_module (cmsession_id, module_id) VALUES (816, 193);
INSERT INTO lesson (id, type, duration, tags, title, subject, order_id, created_at, is_deleted) VALUES (4904,'PRESENTATION', 60, '', '06-Statement of P&L - Expenses', 'none', 1, 'now','f');
INSERT INTO lesson_cmsession (lesson_id, cmsession_id) VALUES (4904, 816);
INSERT INTO module (id, module_name, order_id, is_deleted) VALUES (194, 'Statement of Profit & Loss- Depreciation', 4, 'f');
INSERT INTO module_course (module_id, course_id) VALUES (194, 19);
INSERT INTO cmsession (id, title, description, order_id, created_at, is_deleted) VALUES (817, '07 Statement of Profit & Loss- Depreciation', 'This session provides an overview on the concept of Depreciation', 1, 'now', 'f');
INSERT INTO cmsession_module (cmsession_id, module_id) VALUES (817, 194);
INSERT INTO lesson (id, type, duration, tags, title, subject, order_id, created_at, is_deleted) VALUES (4910,'PRESENTATION', 60, '', '07_Depreciation', 'none', 1, 'now','f');
INSERT INTO lesson_cmsession (lesson_id, cmsession_id) VALUES (4910, 817);
INSERT INTO lesson (id, type, duration, tags, title, subject, order_id, created_at, is_deleted) VALUES (4911,'PRESENTATION', 20, '', '07_assessment depreciation', 'none', 2, 'now','f');
INSERT INTO lesson_cmsession (lesson_id, cmsession_id) VALUES (4911, 817);
INSERT INTO module (id, module_name, order_id, is_deleted) VALUES (195, '08 _Balance Sheet', 5, 'f');
INSERT INTO module_course (module_id, course_id) VALUES (195, 19);
INSERT INTO cmsession (id, title, description, order_id, created_at, is_deleted) VALUES (818, '08 Balance Sheet - Liabilities', 'This session gives an overview about the various lines in the Balance Sheet  under liabilities', 1, 'now', 'f');
INSERT INTO cmsession_module (cmsession_id, module_id) VALUES (818, 195);
INSERT INTO lesson (id, type, duration, tags, title, subject, order_id, created_at, is_deleted) VALUES (4916,'PRESENTATION', 60, '', '08_Balance Sheet', 'none', 1, 'now','f');
INSERT INTO lesson_cmsession (lesson_id, cmsession_id) VALUES (4916, 818);
INSERT INTO module (id, module_name, order_id, is_deleted) VALUES (196, 'Class activity on Balance Sheet', 6, 'f');
INSERT INTO module_course (module_id, course_id) VALUES (196, 19);
INSERT INTO cmsession (id, title, description, order_id, created_at, is_deleted) VALUES (820, 'Class activity', 'This session is a recap - converting the horizontal format of financials into the vertical format as per Schedule III', 1, 'now', 'f');
INSERT INTO cmsession_module (cmsession_id, module_id) VALUES (820, 196);
INSERT INTO lesson (id, type, duration, tags, title, subject, order_id, created_at, is_deleted) VALUES (4928,'PRESENTATION', 60, '', '09_Revision', 'none', 1, 'now','f');
INSERT INTO lesson_cmsession (lesson_id, cmsession_id) VALUES (4928, 820);
INSERT INTO lesson (id, type, duration, tags, title, subject, order_id, created_at, is_deleted) VALUES (4929,'PRESENTATION', 20, '', 'LESSON-1', 'NONE', 2, 'now','f');
INSERT INTO lesson_cmsession (lesson_id, cmsession_id) VALUES (4929, 820);
INSERT INTO module (id, module_name, order_id, is_deleted) VALUES (197, 'Introduction to Cash Flow Statement', 7, 'f');
INSERT INTO module_course (module_id, course_id) VALUES (197, 19);
INSERT INTO cmsession (id, title, description, order_id, created_at, is_deleted) VALUES (821, '10_Introduction to Cash Flow Statement', 'This session is an introduction to the cash flow statement', 1, 'now', 'f');
INSERT INTO cmsession_module (cmsession_id, module_id) VALUES (821, 197);
INSERT INTO lesson (id, type, duration, tags, title, subject, order_id, created_at, is_deleted) VALUES (4934,'PRESENTATION', 60, '', '10_Introduction to the CFS', 'none', 1, 'now','f');
INSERT INTO lesson_cmsession (lesson_id, cmsession_id) VALUES (4934, 821);
INSERT INTO cmsession (id, title, description, order_id, created_at, is_deleted) VALUES (822, '11_Introduction to Cash Flow Statement', 'This session is an introduction to the Cash Flow Statement', 2, 'now', 'f');
INSERT INTO cmsession_module (cmsession_id, module_id) VALUES (822, 197);
INSERT INTO lesson (id, type, duration, tags, title, subject, order_id, created_at, is_deleted) VALUES (4940,'PRESENTATION', 60, '', '11_Introduction to Cash Flow Statement', 'none', 1, 'now','f');
INSERT INTO lesson_cmsession (lesson_id, cmsession_id) VALUES (4940, 822);
INSERT INTO module (id, module_name, order_id, is_deleted) VALUES (198, 'Mechanics of Cash Flow Statement', 8, 'f');
INSERT INTO module_course (module_id, course_id) VALUES (198, 19);
INSERT INTO cmsession (id, title, description, order_id, created_at, is_deleted) VALUES (793, '12_Operating activities', 'This session provides an overview of the concept of computing cash flow from operating activities', 1, 'now', 'f');
INSERT INTO cmsession_module (cmsession_id, module_id) VALUES (793, 198);
INSERT INTO lesson (id, type, duration, tags, title, subject, order_id, created_at, is_deleted) VALUES (4766,'PRESENTATION', 60, '', '12_Operating activities', 'none', 1, 'now','f');
INSERT INTO lesson_cmsession (lesson_id, cmsession_id) VALUES (4766, 793);
INSERT INTO lesson (id, type, duration, tags, title, subject, order_id, created_at, is_deleted) VALUES (4767,'PRESENTATION', 20, '', 'LESSON-1', 'NONE', 2, 'now','f');
INSERT INTO lesson_cmsession (lesson_id, cmsession_id) VALUES (4767, 793);
INSERT INTO cmsession (id, title, description, order_id, created_at, is_deleted) VALUES (995, '13_Financing & investing activties', 'This session is an overview on computing cash flow from financing activities', 2, 'now', 'f');
INSERT INTO cmsession_module (cmsession_id, module_id) VALUES (995, 198);
INSERT INTO lesson (id, type, duration, tags, title, subject, order_id, created_at, is_deleted) VALUES (5542,'PRESENTATION', 60, '', '13_Financing & investing activities', 'none', 1, 'now','f');
INSERT INTO lesson_cmsession (lesson_id, cmsession_id) VALUES (5542, 995);
INSERT INTO lesson (id, type, duration, tags, title, subject, order_id, created_at, is_deleted) VALUES (5543,'PRESENTATION', 20, '', '14_assessment', 'NONE', 2, 'now','f');
INSERT INTO lesson_cmsession (lesson_id, cmsession_id) VALUES (5543, 995);
INSERT INTO module (id, module_name, order_id, is_deleted) VALUES (199, 'Cash Flow statement activity', 9, 'f');
INSERT INTO module_course (module_id, course_id) VALUES (199, 19);
INSERT INTO cmsession (id, title, description, order_id, created_at, is_deleted) VALUES (795, '14 Cash Flow statement', 'This is a revision session on CFS', 1, 'now', 'f');
INSERT INTO cmsession_module (cmsession_id, module_id) VALUES (795, 199);
INSERT INTO lesson (id, type, duration, tags, title, subject, order_id, created_at, is_deleted) VALUES (4779,'PRESENTATION', 20, '', 'LESSON-1', 'NONE', 1, 'now','f');
INSERT INTO lesson_cmsession (lesson_id, cmsession_id) VALUES (4779, 795);
INSERT INTO lesson (id, type, duration, tags, title, subject, order_id, created_at, is_deleted) VALUES (4778,'PRESENTATION', 60, '', '14_CFS activity', 'none', 2, 'now','f');
INSERT INTO lesson_cmsession (lesson_id, cmsession_id) VALUES (4778, 795);
INSERT INTO module (id, module_name, order_id, is_deleted) VALUES (200, 'Ratios', 10, 'f');
INSERT INTO module_course (module_id, course_id) VALUES (200, 19);
INSERT INTO cmsession (id, title, description, order_id, created_at, is_deleted) VALUES (829, 'Ratios 1', 'This session is an introduction to the concept of Ratios', 1, 'now', 'f');
INSERT INTO cmsession_module (cmsession_id, module_id) VALUES (829, 200);
INSERT INTO lesson (id, type, duration, tags, title, subject, order_id, created_at, is_deleted) VALUES (4982,'PRESENTATION', 60, '', '15_Ratios', 'none', 1, 'now','f');
INSERT INTO lesson_cmsession (lesson_id, cmsession_id) VALUES (4982, 829);
INSERT INTO lesson (id, type, duration, tags, title, subject, order_id, created_at, is_deleted) VALUES (4983,'PRESENTATION', 60, '', '15_Ratios 1', 'none', 2, 'now','f');
INSERT INTO lesson_cmsession (lesson_id, cmsession_id) VALUES (4983, 829);
INSERT INTO cmsession (id, title, description, order_id, created_at, is_deleted) VALUES (830, '16& 17 Ratios 2', 'This session is an introduction to the concept of Ratios and its application for ratio analysis', 2, 'now', 'f');
INSERT INTO cmsession_module (cmsession_id, module_id) VALUES (830, 200);
INSERT INTO lesson (id, type, duration, tags, title, subject, order_id, created_at, is_deleted) VALUES (4988,'PRESENTATION', 20, '', 'LESSON-0', 'NONE', 1, 'now','f');
INSERT INTO lesson_cmsession (lesson_id, cmsession_id) VALUES (4988, 830);
INSERT INTO lesson (id, type, duration, tags, title, subject, order_id, created_at, is_deleted) VALUES (4989,'PRESENTATION', 60, '', '16_ Ratios 2', 'none', 2, 'now','f');
INSERT INTO lesson_cmsession (lesson_id, cmsession_id) VALUES (4989, 830);
INSERT INTO cmsession (id, title, description, order_id, created_at, is_deleted) VALUES (831, '18&19 Ratios 3', 'This session is an introduction to the concept of Ratios and its application for ratio analysis', 3, 'now', 'f');
INSERT INTO cmsession_module (cmsession_id, module_id) VALUES (831, 200);
INSERT INTO lesson (id, type, duration, tags, title, subject, order_id, created_at, is_deleted) VALUES (4994,'PRESENTATION', 20, '', 'LESSON-0', 'NONE', 1, 'now','f');
INSERT INTO lesson_cmsession (lesson_id, cmsession_id) VALUES (4994, 831);
INSERT INTO lesson (id, type, duration, tags, title, subject, order_id, created_at, is_deleted) VALUES (4995,'PRESENTATION', 120, '', '18/19_Ratios 3', 'none', 2, 'now','f');
INSERT INTO lesson_cmsession (lesson_id, cmsession_id) VALUES (4995, 831);
INSERT INTO module (id, module_name, order_id, is_deleted) VALUES (302, 'Analysis in fraud cases', 11, 'f');
INSERT INTO module_course (module_id, course_id) VALUES (302, 19);
INSERT INTO cmsession (id, title, description, order_id, created_at, is_deleted) VALUES (1150, '20& 21 Enron Case Study', 'This session follows the fallout of Enron and the introduction of Sarbanes Oxley Act thereafter', 1, 'now', 'f');
INSERT INTO cmsession_module (cmsession_id, module_id) VALUES (1150, 302);
INSERT INTO lesson (id, type, duration, tags, title, subject, order_id, created_at, is_deleted) VALUES (5813,'PRESENTATION', 60, '', '18_Sarbanes Oxley', 'NONE', 1, 'now','f');
INSERT INTO lesson_cmsession (lesson_id, cmsession_id) VALUES (5813, 1150);
INSERT INTO lesson (id, type, duration, tags, title, subject, order_id, created_at, is_deleted) VALUES (5820,'PRESENTATION', 120, 'Enron', '20/21_Enron Fallout', 'none', 2, 'now','f');
INSERT INTO lesson_cmsession (lesson_id, cmsession_id) VALUES (5820, 1150);
INSERT INTO module (id, module_name, order_id, is_deleted) VALUES (202, 'Kingfisher case study', 12, 'f');
INSERT INTO module_course (module_id, course_id) VALUES (202, 19);
INSERT INTO cmsession (id, title, description, order_id, created_at, is_deleted) VALUES (806, 'Kingfisher case study 2', 'This session provides an overview of the strategic and financial decision making involved in Kingfisher, by way of studying the annual reports.', 1, 'now', 'f');
INSERT INTO cmsession_module (cmsession_id, module_id) VALUES (806, 202);
INSERT INTO lesson (id, type, duration, tags, title, subject, order_id, created_at, is_deleted) VALUES (4844,'PRESENTATION', 20, '', '22_Kingfisher_Strategy', 'none', 1, 'now','f');
INSERT INTO lesson_cmsession (lesson_id, cmsession_id) VALUES (4844, 806);
INSERT INTO lesson (id, type, duration, tags, title, subject, order_id, created_at, is_deleted) VALUES (4845,'PRESENTATION', 20, '', 'LESSON-1', 'NONE', 2, 'now','f');
INSERT INTO lesson_cmsession (lesson_id, cmsession_id) VALUES (4845, 806);
INSERT INTO cmsession (id, title, description, order_id, created_at, is_deleted) VALUES (805, 'Kingfisher case study 1', 'This session provides an overview of the strategic and financial decision making involved in Kingfisher, by way of studying the annual reports.', 2, 'now', 'f');
INSERT INTO cmsession_module (cmsession_id, module_id) VALUES (805, 202);
INSERT INTO lesson (id, type, duration, tags, title, subject, order_id, created_at, is_deleted) VALUES (4838,'PRESENTATION', 20, '', '23_24_Kingfisher case study 1', 'none', 1, 'now','f');
INSERT INTO lesson_cmsession (lesson_id, cmsession_id) VALUES (4838, 805);
INSERT INTO lesson (id, type, duration, tags, title, subject, order_id, created_at, is_deleted) VALUES (4839,'PRESENTATION', 20, '', 'LESSON-1', 'NONE', 2, 'now','f');
INSERT INTO lesson_cmsession (lesson_id, cmsession_id) VALUES (4839, 805);
INSERT INTO cmsession (id, title, description, order_id, created_at, is_deleted) VALUES (807, 'Kingfisher case study 3', 'This session provides an overview of the strategic and financial decision making involved in Kingfisher, by way of studying the annual reports.', 3, 'now', 'f');
INSERT INTO cmsession_module (cmsession_id, module_id) VALUES (807, 202);
INSERT INTO lesson (id, type, duration, tags, title, subject, order_id, created_at, is_deleted) VALUES (4850,'PRESENTATION', 20, '', '25_26_Kingfisher_Report', 'none', 1, 'now','f');
INSERT INTO lesson_cmsession (lesson_id, cmsession_id) VALUES (4850, 807);
INSERT INTO lesson (id, type, duration, tags, title, subject, order_id, created_at, is_deleted) VALUES (4851,'PRESENTATION', 20, '', 'LESSON-1', 'NONE', 2, 'now','f');
INSERT INTO lesson_cmsession (lesson_id, cmsession_id) VALUES (4851, 807);
INSERT INTO module (id, module_name, order_id, is_deleted) VALUES (201, 'Annual Reports', 13, 'f');
INSERT INTO module_course (module_id, course_id) VALUES (201, 19);
INSERT INTO cmsession (id, title, description, order_id, created_at, is_deleted) VALUES (803, 'Annual Reports 1', 'This session is an introduction to annual reports and the components of the same.', 1, 'now', 'f');
INSERT INTO cmsession_module (cmsession_id, module_id) VALUES (803, 201);
INSERT INTO lesson (id, type, duration, tags, title, subject, order_id, created_at, is_deleted) VALUES (4826,'PRESENTATION', 120, '', '26_27_Annual Reports', 'none', 1, 'now','f');
INSERT INTO lesson_cmsession (lesson_id, cmsession_id) VALUES (4826, 803);
INSERT INTO lesson (id, type, duration, tags, title, subject, order_id, created_at, is_deleted) VALUES (4827,'PRESENTATION', 60, '', '30_ Satyam', 'none', 2, 'now','f');
INSERT INTO lesson_cmsession (lesson_id, cmsession_id) VALUES (4827, 803);
INSERT INTO module (id, module_name, order_id, is_deleted) VALUES (203, 'Satyam Case Study', 14, 'f');
INSERT INTO module_course (module_id, course_id) VALUES (203, 19);
INSERT INTO cmsession (id, title, description, order_id, created_at, is_deleted) VALUES (809, 'Satyam Case Study 1', 'This session provides an overview of financial analysis and financial fraud through the Satyam case study.', 1, 'now', 'f');
INSERT INTO cmsession_module (cmsession_id, module_id) VALUES (809, 203);
INSERT INTO lesson (id, type, duration, tags, title, subject, order_id, created_at, is_deleted) VALUES (4862,'PRESENTATION', 120, '', '28_29_Satyam', 'none', 1, 'now','f');
INSERT INTO lesson_cmsession (lesson_id, cmsession_id) VALUES (4862, 809);
INSERT INTO lesson (id, type, duration, tags, title, subject, order_id, created_at, is_deleted) VALUES (4863,'PRESENTATION', 20, '', 'LESSON-1', 'NONE', 2, 'now','f');
INSERT INTO lesson_cmsession (lesson_id, cmsession_id) VALUES (4863, 809);
INSERT INTO cmsession (id, title, description, order_id, created_at, is_deleted) VALUES (810, 'Satyam Case Study 2', 'This session provides an overview of financial analysis and financial fraud through the Satyam case study.', 2, 'now', 'f');
INSERT INTO cmsession_module (cmsession_id, module_id) VALUES (810, 203);
INSERT INTO lesson (id, type, duration, tags, title, subject, order_id, created_at, is_deleted) VALUES (4868,'PRESENTATION', 20, '', 'LESSON-0', 'NONE', 1, 'now','f');
INSERT INTO lesson_cmsession (lesson_id, cmsession_id) VALUES (4868, 810);
INSERT INTO lesson (id, type, duration, tags, title, subject, order_id, created_at, is_deleted) VALUES (4870,'PRESENTATION', 20, '', 'LESSON-2', 'NONE', 2, 'now','f');
INSERT INTO lesson_cmsession (lesson_id, cmsession_id) VALUES (4870, 810);
INSERT INTO lesson (id, type, duration, tags, title, subject, order_id, created_at, is_deleted) VALUES (6284,'PRESENTATION', 60, '', '30_ Satyam', 'none', 3, 'now','f');
INSERT INTO lesson_cmsession (lesson_id, cmsession_id) VALUES (6284, 810);
INSERT INTO module (id, module_name, order_id, is_deleted) VALUES (255, 'Assessments', 15, 'f');
INSERT INTO module_course (module_id, course_id) VALUES (255, 19);
INSERT INTO cmsession (id, title, description, order_id, created_at, is_deleted) VALUES (1035, 'Mid term assessment', 'Mid Term', 1, 'now', 'f');
INSERT INTO cmsession_module (cmsession_id, module_id) VALUES (1035, 255);
INSERT INTO course (id, course_name, course_description, tags, created_at) VALUES (20, 'Data Analytics', 'Business Analysis including quantitative methods using R Programming', NULL, 'now');
INSERT INTO module (id, module_name, order_id, is_deleted) VALUES (204, 'Introduction to Analytics', 1, 'f');
INSERT INTO module_course (module_id, course_id) VALUES (204, 20);
INSERT INTO cmsession (id, title, description, order_id, created_at, is_deleted) VALUES (833, '01 Introduction to Analytics', 'Introduction to Analytics', 1, 'now', 'f');
INSERT INTO cmsession_module (cmsession_id, module_id) VALUES (833, 204);
INSERT INTO lesson (id, type, duration, tags, title, subject, order_id, created_at, is_deleted) VALUES (5006,'PRESENTATION', 20, '', '01_Introduction to data analytics', 'none', 1, 'now','f');
INSERT INTO lesson_cmsession (lesson_id, cmsession_id) VALUES (5006, 833);
INSERT INTO lesson (id, type, duration, tags, title, subject, order_id, created_at, is_deleted) VALUES (5644,'PRESENTATION', 20, '', '01_Introduction to data analytics', 'none', 2, 'now','f');
INSERT INTO lesson_cmsession (lesson_id, cmsession_id) VALUES (5644, 833);
INSERT INTO lesson (id, type, duration, tags, title, subject, order_id, created_at, is_deleted) VALUES (5645,'PRESENTATION', 10, 'Intro to Data Analytics', 'Assessment', 'NONE', 3, 'now','f');
INSERT INTO lesson_cmsession (lesson_id, cmsession_id) VALUES (5645, 833);
INSERT INTO lesson (id, type, duration, tags, title, subject, order_id, created_at, is_deleted) VALUES (6106,'PRESENTATION', 60, '', 'Programming Basics', 'NONE', 5, 'now','f');
INSERT INTO lesson_cmsession (lesson_id, cmsession_id) VALUES (6106, 833);
INSERT INTO lesson (id, type, duration, tags, title, subject, order_id, created_at, is_deleted) VALUES (6107,'PRESENTATION', 50, '', 'Delete', 'none', 6, 'now','f');
INSERT INTO lesson_cmsession (lesson_id, cmsession_id) VALUES (6107, 833);
INSERT INTO lesson (id, type, duration, tags, title, subject, order_id, created_at, is_deleted) VALUES (6108,'PRESENTATION', 60, '', 'delete', 'none', 7, 'now','f');
INSERT INTO lesson_cmsession (lesson_id, cmsession_id) VALUES (6108, 833);
INSERT INTO module (id, module_name, order_id, is_deleted) VALUES (205, 'Introduction to R', 2, 'f');
INSERT INTO module_course (module_id, course_id) VALUES (205, 20);
INSERT INTO cmsession (id, title, description, order_id, created_at, is_deleted) VALUES (834, '02 Introduction to R', 'Introduction to R', 1, 'now', 'f');
INSERT INTO cmsession_module (cmsession_id, module_id) VALUES (834, 205);
INSERT INTO lesson (id, type, duration, tags, title, subject, order_id, created_at, is_deleted) VALUES (5012,'PRESENTATION', 20, '', '02_Introduction to R', 'none', 1, 'now','f');
INSERT INTO lesson_cmsession (lesson_id, cmsession_id) VALUES (5012, 834);
INSERT INTO module (id, module_name, order_id, is_deleted) VALUES (206, 'Introduction to statistics', 3, 'f');
INSERT INTO module_course (module_id, course_id) VALUES (206, 20);
INSERT INTO cmsession (id, title, description, order_id, created_at, is_deleted) VALUES (835, '03 Introduction to statistics', 'Introduction to statistics', 1, 'now', 'f');
INSERT INTO cmsession_module (cmsession_id, module_id) VALUES (835, 206);
INSERT INTO lesson (id, type, duration, tags, title, subject, order_id, created_at, is_deleted) VALUES (5018,'PRESENTATION', 20, '', '03_Introduction to statistics', 'none', 1, 'now','f');
INSERT INTO lesson_cmsession (lesson_id, cmsession_id) VALUES (5018, 835);
INSERT INTO module (id, module_name, order_id, is_deleted) VALUES (207, 'Vectors in R', 4, 'f');
INSERT INTO module_course (module_id, course_id) VALUES (207, 20);
INSERT INTO cmsession (id, title, description, order_id, created_at, is_deleted) VALUES (836, '04 Vectors in R', 'Vectors in R', 1, 'now', 'f');
INSERT INTO cmsession_module (cmsession_id, module_id) VALUES (836, 207);
INSERT INTO lesson (id, type, duration, tags, title, subject, order_id, created_at, is_deleted) VALUES (5024,'PRESENTATION', 20, '', '04_vectors in R', 'none', 1, 'now','f');
INSERT INTO lesson_cmsession (lesson_id, cmsession_id) VALUES (5024, 836);
INSERT INTO module (id, module_name, order_id, is_deleted) VALUES (208, 'Measures of dispersion', 5, 'f');
INSERT INTO module_course (module_id, course_id) VALUES (208, 20);
INSERT INTO cmsession (id, title, description, order_id, created_at, is_deleted) VALUES (837, '05 Measures of dispersion', 'Measures of dispersion', 1, 'now', 'f');
INSERT INTO cmsession_module (cmsession_id, module_id) VALUES (837, 208);
INSERT INTO lesson (id, type, duration, tags, title, subject, order_id, created_at, is_deleted) VALUES (5030,'PRESENTATION', 60, '', '05_Measures of dispersion', 'none', 1, 'now','f');
INSERT INTO lesson_cmsession (lesson_id, cmsession_id) VALUES (5030, 837);
INSERT INTO lesson (id, type, duration, tags, title, subject, order_id, created_at, is_deleted) VALUES (5581,'PRESENTATION', 20, 'Measure of dispersion', 'Assessment Measures of dispersion', 'NONE', 2, 'now','f');
INSERT INTO lesson_cmsession (lesson_id, cmsession_id) VALUES (5581, 837);
INSERT INTO module (id, module_name, order_id, is_deleted) VALUES (209, 'Measures of dispersion in R', 6, 'f');
INSERT INTO module_course (module_id, course_id) VALUES (209, 20);
INSERT INTO cmsession (id, title, description, order_id, created_at, is_deleted) VALUES (838, 'Measures of dispersion in R', 'Measures of dispersion in R', 1, 'now', 'f');
INSERT INTO cmsession_module (cmsession_id, module_id) VALUES (838, 209);
INSERT INTO lesson (id, type, duration, tags, title, subject, order_id, created_at, is_deleted) VALUES (5582,'PRESENTATION', 20, 'Measures of Dispersion in R', 'Measures of Dispersion in R', 'NONE', 2, 'now','f');
INSERT INTO lesson_cmsession (lesson_id, cmsession_id) VALUES (5582, 838);
INSERT INTO module (id, module_name, order_id, is_deleted) VALUES (210, 'Probability distributions', 7, 'f');
INSERT INTO module_course (module_id, course_id) VALUES (210, 20);
INSERT INTO cmsession (id, title, description, order_id, created_at, is_deleted) VALUES (839, 'Probability distributions', 'Probability distributions', 1, 'now', 'f');
INSERT INTO cmsession_module (cmsession_id, module_id) VALUES (839, 210);
INSERT INTO lesson (id, type, duration, tags, title, subject, order_id, created_at, is_deleted) VALUES (5042,'PRESENTATION', 60, '', '07 _ probability distribution', 'none', 1, 'now','f');
INSERT INTO lesson_cmsession (lesson_id, cmsession_id) VALUES (5042, 839);
INSERT INTO module (id, module_name, order_id, is_deleted) VALUES (211, 'Graphs in R', 8, 'f');
INSERT INTO module_course (module_id, course_id) VALUES (211, 20);
INSERT INTO cmsession (id, title, description, order_id, created_at, is_deleted) VALUES (840, 'Graphs in R', 'Graphs in R', 1, 'now', 'f');
INSERT INTO cmsession_module (cmsession_id, module_id) VALUES (840, 211);
INSERT INTO lesson (id, type, duration, tags, title, subject, order_id, created_at, is_deleted) VALUES (5048,'PRESENTATION', 60, '', '08_Graphs in R', 'none', 1, 'now','f');
INSERT INTO lesson_cmsession (lesson_id, cmsession_id) VALUES (5048, 840);
INSERT INTO cmsession (id, title, description, order_id, created_at, is_deleted) VALUES (842, 'Graphs in R', 'Graphs in R', 2, 'now', 'f');
INSERT INTO cmsession_module (cmsession_id, module_id) VALUES (842, 211);
INSERT INTO lesson (id, type, duration, tags, title, subject, order_id, created_at, is_deleted) VALUES (5060,'PRESENTATION', 60, '', '09_Graphs  in R', 'NONE', 1, 'now','f');
INSERT INTO lesson_cmsession (lesson_id, cmsession_id) VALUES (5060, 842);
INSERT INTO module (id, module_name, order_id, is_deleted) VALUES (212, 'Continuous distributions', 9, 'f');
INSERT INTO module_course (module_id, course_id) VALUES (212, 20);
INSERT INTO cmsession (id, title, description, order_id, created_at, is_deleted) VALUES (841, 'Continuous distributions', 'Continuous distributions', 1, 'now', 'f');
INSERT INTO cmsession_module (cmsession_id, module_id) VALUES (841, 212);
INSERT INTO lesson (id, type, duration, tags, title, subject, order_id, created_at, is_deleted) VALUES (5054,'PRESENTATION', 60, '', '10_Continuous distribution', 'NONE', 2, 'now','f');
INSERT INTO lesson_cmsession (lesson_id, cmsession_id) VALUES (5054, 841);
INSERT INTO lesson (id, type, duration, tags, title, subject, order_id, created_at, is_deleted) VALUES (5670,'PRESENTATION', 60, '', 'Continuous distributions new', 'none', 3, 'now','f');
INSERT INTO lesson_cmsession (lesson_id, cmsession_id) VALUES (5670, 841);
INSERT INTO cmsession (id, title, description, order_id, created_at, is_deleted) VALUES (1040, 'Continuous distribution new', 'Continuous Distribution', 2, 'now', 'f');
INSERT INTO cmsession_module (cmsession_id, module_id) VALUES (1040, 212);
INSERT INTO lesson (id, type, duration, tags, title, subject, order_id, created_at, is_deleted) VALUES (5671,'PRESENTATION', 60, '', 'Continuous distribution new1', 'none', 1, 'now','f');
INSERT INTO lesson_cmsession (lesson_id, cmsession_id) VALUES (5671, 1040);
INSERT INTO module (id, module_name, order_id, is_deleted) VALUES (213, 'Normal distributions', 10, 'f');
INSERT INTO module_course (module_id, course_id) VALUES (213, 20);
INSERT INTO cmsession (id, title, description, order_id, created_at, is_deleted) VALUES (843, 'Normal distributions', 'Normal distributions', 1, 'now', 'f');
INSERT INTO cmsession_module (cmsession_id, module_id) VALUES (843, 213);
INSERT INTO lesson (id, type, duration, tags, title, subject, order_id, created_at, is_deleted) VALUES (5066,'PRESENTATION', 60, '', '11_Normal distribution', 'none', 1, 'now','f');
INSERT INTO lesson_cmsession (lesson_id, cmsession_id) VALUES (5066, 843);
INSERT INTO lesson (id, type, duration, tags, title, subject, order_id, created_at, is_deleted) VALUES (5772,'PRESENTATION', 60, '', '11_Normal distribution', 'none', 3, 'now','f');
INSERT INTO lesson_cmsession (lesson_id, cmsession_id) VALUES (5772, 843);
INSERT INTO module (id, module_name, order_id, is_deleted) VALUES (214, 'Normal distributions in R', 11, 'f');
INSERT INTO module_course (module_id, course_id) VALUES (214, 20);
INSERT INTO cmsession (id, title, description, order_id, created_at, is_deleted) VALUES (844, 'Normal distributions in R', 'Normal distributions in R', 1, 'now', 'f');
INSERT INTO cmsession_module (cmsession_id, module_id) VALUES (844, 214);
INSERT INTO lesson (id, type, duration, tags, title, subject, order_id, created_at, is_deleted) VALUES (5072,'PRESENTATION', 60, '', '12_Normal distribution in R', 'none', 1, 'now','f');
INSERT INTO lesson_cmsession (lesson_id, cmsession_id) VALUES (5072, 844);
INSERT INTO lesson (id, type, duration, tags, title, subject, order_id, created_at, is_deleted) VALUES (5870,'PRESENTATION', 60, '', '12_Normal distribution in R', 'none', 3, 'now','f');
INSERT INTO lesson_cmsession (lesson_id, cmsession_id) VALUES (5870, 844);
INSERT INTO cmsession (id, title, description, order_id, created_at, is_deleted) VALUES (846, 'Normal distributions in R', 'Normal distributions in R', 2, 'now', 'f');
INSERT INTO cmsession_module (cmsession_id, module_id) VALUES (846, 214);
INSERT INTO lesson (id, type, duration, tags, title, subject, order_id, created_at, is_deleted) VALUES (5084,'PRESENTATION', 60, '', '13_Normal Distribution in R', 'none', 1, 'now','f');
INSERT INTO lesson_cmsession (lesson_id, cmsession_id) VALUES (5084, 846);
INSERT INTO lesson (id, type, duration, tags, title, subject, order_id, created_at, is_deleted) VALUES (5085,'PRESENTATION', 20, '', 'LESSON-1', 'NONE', 2, 'now','f');
INSERT INTO lesson_cmsession (lesson_id, cmsession_id) VALUES (5085, 846);
INSERT INTO module (id, module_name, order_id, is_deleted) VALUES (215, 'Important Distributions', 12, 'f');
INSERT INTO module_course (module_id, course_id) VALUES (215, 20);
INSERT INTO cmsession (id, title, description, order_id, created_at, is_deleted) VALUES (845, 'Important Distributions', 'Important Distributions', 1, 'now', 'f');
INSERT INTO cmsession_module (cmsession_id, module_id) VALUES (845, 215);
INSERT INTO lesson (id, type, duration, tags, title, subject, order_id, created_at, is_deleted) VALUES (5079,'PRESENTATION', 60, '', 'Theory', 'none', 2, 'now','f');
INSERT INTO lesson_cmsession (lesson_id, cmsession_id) VALUES (5079, 845);
INSERT INTO lesson (id, type, duration, tags, title, subject, order_id, created_at, is_deleted) VALUES (5524,'PRESENTATION', 20, 'Probability Distribution Functions,Chi Squared Test,Students t-test,F-test', 'Important Distributions - 2', 'none', 3, 'now','f');
INSERT INTO lesson_cmsession (lesson_id, cmsession_id) VALUES (5524, 845);
INSERT INTO lesson (id, type, duration, tags, title, subject, order_id, created_at, is_deleted) VALUES (5677,'PRESENTATION', 60, '', '14_Important Distributions - 1', 'none', 4, 'now','f');
INSERT INTO lesson_cmsession (lesson_id, cmsession_id) VALUES (5677, 845);
INSERT INTO cmsession (id, title, description, order_id, created_at, is_deleted) VALUES (847, 'Important Distributions', 'Important Distributions', 2, 'now', 'f');
INSERT INTO cmsession_module (cmsession_id, module_id) VALUES (847, 215);
INSERT INTO lesson (id, type, duration, tags, title, subject, order_id, created_at, is_deleted) VALUES (5090,'PRESENTATION', 60, '', 'Important Distributions - 1', 'none', 1, 'now','f');
INSERT INTO lesson_cmsession (lesson_id, cmsession_id) VALUES (5090, 847);
INSERT INTO lesson (id, type, duration, tags, title, subject, order_id, created_at, is_deleted) VALUES (5091,'PRESENTATION', 20, '', 'LESSON-1', 'NONE', 2, 'now','f');
INSERT INTO lesson_cmsession (lesson_id, cmsession_id) VALUES (5091, 847);
INSERT INTO lesson (id, type, duration, tags, title, subject, order_id, created_at, is_deleted) VALUES (5678,'PRESENTATION', 20, 'Probability Distribution Functions,Chi Squared Test,Students t-test,F-test', 'Important Distributions - 2', 'none', 3, 'now','f');
INSERT INTO lesson_cmsession (lesson_id, cmsession_id) VALUES (5678, 847);
INSERT INTO lesson (id, type, duration, tags, title, subject, order_id, created_at, is_deleted) VALUES (5679,'PRESENTATION', 20, 'Probability Distribution Functions,Chi Squared Test,Students t-test,F-test', '15_Important Distributions - 2', 'none', 4, 'now','f');
INSERT INTO lesson_cmsession (lesson_id, cmsession_id) VALUES (5679, 847);
INSERT INTO module (id, module_name, order_id, is_deleted) VALUES (216, 'Important Distributions in R', 13, 'f');
INSERT INTO module_course (module_id, course_id) VALUES (216, 20);
INSERT INTO cmsession (id, title, description, order_id, created_at, is_deleted) VALUES (848, 'Important Distributions in R', 'Important Distributions in R', 1, 'now', 'f');
INSERT INTO cmsession_module (cmsession_id, module_id) VALUES (848, 216);
INSERT INTO lesson (id, type, duration, tags, title, subject, order_id, created_at, is_deleted) VALUES (5096,'PRESENTATION', 60, '', '16_Important Distributions in R', 'none', 1, 'now','f');
INSERT INTO lesson_cmsession (lesson_id, cmsession_id) VALUES (5096, 848);
INSERT INTO lesson (id, type, duration, tags, title, subject, order_id, created_at, is_deleted) VALUES (5097,'PRESENTATION', 20, '', 'LESSON-1', 'NONE', 2, 'now','f');
INSERT INTO lesson_cmsession (lesson_id, cmsession_id) VALUES (5097, 848);
INSERT INTO module (id, module_name, order_id, is_deleted) VALUES (217, 'Sampling', 14, 'f');
INSERT INTO module_course (module_id, course_id) VALUES (217, 20);
INSERT INTO cmsession (id, title, description, order_id, created_at, is_deleted) VALUES (849, 'Sampling', 'Sampling', 1, 'now', 'f');
INSERT INTO cmsession_module (cmsession_id, module_id) VALUES (849, 217);
INSERT INTO lesson (id, type, duration, tags, title, subject, order_id, created_at, is_deleted) VALUES (5102,'PRESENTATION', 60, '', '17_Sampling', 'none', 1, 'now','f');
INSERT INTO lesson_cmsession (lesson_id, cmsession_id) VALUES (5102, 849);
INSERT INTO lesson (id, type, duration, tags, title, subject, order_id, created_at, is_deleted) VALUES (5103,'PRESENTATION', 20, '', 'LESSON-1', 'NONE', 2, 'now','f');
INSERT INTO lesson_cmsession (lesson_id, cmsession_id) VALUES (5103, 849);
INSERT INTO cmsession (id, title, description, order_id, created_at, is_deleted) VALUES (851, 'Sampling', 'Sampling', 2, 'now', 'f');
INSERT INTO cmsession_module (cmsession_id, module_id) VALUES (851, 217);
INSERT INTO lesson (id, type, duration, tags, title, subject, order_id, created_at, is_deleted) VALUES (5114,'PRESENTATION', 20, '', 'LESSON-0', 'NONE', 1, 'now','f');
INSERT INTO lesson_cmsession (lesson_id, cmsession_id) VALUES (5114, 851);
INSERT INTO lesson (id, type, duration, tags, title, subject, order_id, created_at, is_deleted) VALUES (5115,'PRESENTATION', 20, '', 'LESSON-1', 'NONE', 2, 'now','f');
INSERT INTO lesson_cmsession (lesson_id, cmsession_id) VALUES (5115, 851);
INSERT INTO module (id, module_name, order_id, is_deleted) VALUES (218, 'Matrices with R', 15, 'f');
INSERT INTO module_course (module_id, course_id) VALUES (218, 20);
INSERT INTO cmsession (id, title, description, order_id, created_at, is_deleted) VALUES (850, 'Matrices with R', 'Matrices with R', 1, 'now', 'f');
INSERT INTO cmsession_module (cmsession_id, module_id) VALUES (850, 218);
INSERT INTO lesson (id, type, duration, tags, title, subject, order_id, created_at, is_deleted) VALUES (5108,'PRESENTATION', 60, '', '18_Matrices with R -1', 'none', 1, 'now','f');
INSERT INTO lesson_cmsession (lesson_id, cmsession_id) VALUES (5108, 850);
INSERT INTO lesson (id, type, duration, tags, title, subject, order_id, created_at, is_deleted) VALUES (5109,'PRESENTATION', 20, '', 'LESSON-1', 'NONE', 2, 'now','f');
INSERT INTO lesson_cmsession (lesson_id, cmsession_id) VALUES (5109, 850);
INSERT INTO cmsession (id, title, description, order_id, created_at, is_deleted) VALUES (852, 'Matrices with R', 'Matrices with R', 2, 'now', 'f');
INSERT INTO cmsession_module (cmsession_id, module_id) VALUES (852, 218);
INSERT INTO lesson (id, type, duration, tags, title, subject, order_id, created_at, is_deleted) VALUES (5120,'PRESENTATION', 60, '', '19_Matrices_in_R-2', 'none', 1, 'now','f');
INSERT INTO lesson_cmsession (lesson_id, cmsession_id) VALUES (5120, 852);
INSERT INTO lesson (id, type, duration, tags, title, subject, order_id, created_at, is_deleted) VALUES (5121,'PRESENTATION', 20, '', 'LESSON-1', 'NONE', 2, 'now','f');
INSERT INTO lesson_cmsession (lesson_id, cmsession_id) VALUES (5121, 852);
INSERT INTO module (id, module_name, order_id, is_deleted) VALUES (219, 'Interval estimation', 16, 'f');
INSERT INTO module_course (module_id, course_id) VALUES (219, 20);
INSERT INTO cmsession (id, title, description, order_id, created_at, is_deleted) VALUES (853, 'Interval estimation', 'Interval estimation', 1, 'now', 'f');
INSERT INTO cmsession_module (cmsession_id, module_id) VALUES (853, 219);
INSERT INTO lesson (id, type, duration, tags, title, subject, order_id, created_at, is_deleted) VALUES (5126,'PRESENTATION', 60, '', '20_Interval_Estimation', 'none', 1, 'now','f');
INSERT INTO lesson_cmsession (lesson_id, cmsession_id) VALUES (5126, 853);
INSERT INTO lesson (id, type, duration, tags, title, subject, order_id, created_at, is_deleted) VALUES (5127,'PRESENTATION', 20, '', 'LESSON-1', 'NONE', 2, 'now','f');
INSERT INTO lesson_cmsession (lesson_id, cmsession_id) VALUES (5127, 853);
INSERT INTO cmsession (id, title, description, order_id, created_at, is_deleted) VALUES (855, 'Interval estimation', 'Interval estimation', 2, 'now', 'f');
INSERT INTO cmsession_module (cmsession_id, module_id) VALUES (855, 219);
INSERT INTO lesson (id, type, duration, tags, title, subject, order_id, created_at, is_deleted) VALUES (5138,'PRESENTATION', 20, '', 'LESSON-0', 'NONE', 1, 'now','f');
INSERT INTO lesson_cmsession (lesson_id, cmsession_id) VALUES (5138, 855);
INSERT INTO lesson (id, type, duration, tags, title, subject, order_id, created_at, is_deleted) VALUES (5139,'PRESENTATION', 20, '', 'LESSON-1', 'NONE', 2, 'now','f');
INSERT INTO lesson_cmsession (lesson_id, cmsession_id) VALUES (5139, 855);
INSERT INTO module (id, module_name, order_id, is_deleted) VALUES (220, 'Interval estimation in R', 17, 'f');
INSERT INTO module_course (module_id, course_id) VALUES (220, 20);
INSERT INTO cmsession (id, title, description, order_id, created_at, is_deleted) VALUES (854, 'Interval estimation in R', 'Interval estimation in R', 1, 'now', 'f');
INSERT INTO cmsession_module (cmsession_id, module_id) VALUES (854, 220);
INSERT INTO lesson (id, type, duration, tags, title, subject, order_id, created_at, is_deleted) VALUES (5132,'PRESENTATION', 60, '', '21_Interval_Estimation_in_R', 'none', 1, 'now','f');
INSERT INTO lesson_cmsession (lesson_id, cmsession_id) VALUES (5132, 854);
INSERT INTO lesson (id, type, duration, tags, title, subject, order_id, created_at, is_deleted) VALUES (5133,'PRESENTATION', 20, '', 'LESSON-1', 'NONE', 2, 'now','f');
INSERT INTO lesson_cmsession (lesson_id, cmsession_id) VALUES (5133, 854);
INSERT INTO cmsession (id, title, description, order_id, created_at, is_deleted) VALUES (856, 'Interval estimation in R', 'Interval estimation in R', 2, 'now', 'f');
INSERT INTO cmsession_module (cmsession_id, module_id) VALUES (856, 220);
INSERT INTO lesson (id, type, duration, tags, title, subject, order_id, created_at, is_deleted) VALUES (5144,'PRESENTATION', 20, '', 'LESSON-0', 'NONE', 1, 'now','f');
INSERT INTO lesson_cmsession (lesson_id, cmsession_id) VALUES (5144, 856);
INSERT INTO lesson (id, type, duration, tags, title, subject, order_id, created_at, is_deleted) VALUES (5145,'PRESENTATION', 20, '', 'LESSON-1', 'NONE', 2, 'now','f');
INSERT INTO lesson_cmsession (lesson_id, cmsession_id) VALUES (5145, 856);
INSERT INTO module (id, module_name, order_id, is_deleted) VALUES (221, 'Hypothesis testing', 18, 'f');
INSERT INTO module_course (module_id, course_id) VALUES (221, 20);
INSERT INTO cmsession (id, title, description, order_id, created_at, is_deleted) VALUES (857, 'Hypothesis testing', 'Hypothesis testing', 1, 'now', 'f');
INSERT INTO cmsession_module (cmsession_id, module_id) VALUES (857, 221);
INSERT INTO lesson (id, type, duration, tags, title, subject, order_id, created_at, is_deleted) VALUES (5150,'PRESENTATION', 60, '', '22_Hypothesis_Testing_1', 'none', 1, 'now','f');
INSERT INTO lesson_cmsession (lesson_id, cmsession_id) VALUES (5150, 857);
INSERT INTO lesson (id, type, duration, tags, title, subject, order_id, created_at, is_deleted) VALUES (5151,'PRESENTATION', 20, '', 'LESSON-1', 'NONE', 2, 'now','f');
INSERT INTO lesson_cmsession (lesson_id, cmsession_id) VALUES (5151, 857);
INSERT INTO cmsession (id, title, description, order_id, created_at, is_deleted) VALUES (859, 'Hypothesis testing', 'Hypothesis testing', 2, 'now', 'f');
INSERT INTO cmsession_module (cmsession_id, module_id) VALUES (859, 221);
INSERT INTO lesson (id, type, duration, tags, title, subject, order_id, created_at, is_deleted) VALUES (5162,'PRESENTATION', 60, '', '23_Hypothesis_testing', 'none', 1, 'now','f');
INSERT INTO lesson_cmsession (lesson_id, cmsession_id) VALUES (5162, 859);
INSERT INTO lesson (id, type, duration, tags, title, subject, order_id, created_at, is_deleted) VALUES (5163,'PRESENTATION', 20, '', 'LESSON-1', 'NONE', 2, 'now','f');
INSERT INTO lesson_cmsession (lesson_id, cmsession_id) VALUES (5163, 859);
INSERT INTO cmsession (id, title, description, order_id, created_at, is_deleted) VALUES (861, 'Hypothesis testing', 'Hypothesis testing', 3, 'now', 'f');
INSERT INTO cmsession_module (cmsession_id, module_id) VALUES (861, 221);
INSERT INTO lesson (id, type, duration, tags, title, subject, order_id, created_at, is_deleted) VALUES (5174,'PRESENTATION', 20, '', 'LESSON-0', 'NONE', 1, 'now','f');
INSERT INTO lesson_cmsession (lesson_id, cmsession_id) VALUES (5174, 861);
INSERT INTO lesson (id, type, duration, tags, title, subject, order_id, created_at, is_deleted) VALUES (5175,'PRESENTATION', 20, '', 'LESSON-1', 'NONE', 2, 'now','f');
INSERT INTO lesson_cmsession (lesson_id, cmsession_id) VALUES (5175, 861);
INSERT INTO module (id, module_name, order_id, is_deleted) VALUES (222, 'Clean and prepare data in R', 19, 'f');
INSERT INTO module_course (module_id, course_id) VALUES (222, 20);
INSERT INTO cmsession (id, title, description, order_id, created_at, is_deleted) VALUES (858, 'Clean and prepare data in R', 'Clean and prepare data in R', 1, 'now', 'f');
INSERT INTO cmsession_module (cmsession_id, module_id) VALUES (858, 222);
INSERT INTO lesson (id, type, duration, tags, title, subject, order_id, created_at, is_deleted) VALUES (5156,'PRESENTATION', 20, '', 'LESSON-0', 'NONE', 1, 'now','f');
INSERT INTO lesson_cmsession (lesson_id, cmsession_id) VALUES (5156, 858);
INSERT INTO lesson (id, type, duration, tags, title, subject, order_id, created_at, is_deleted) VALUES (5157,'PRESENTATION', 20, '', 'LESSON-1', 'NONE', 2, 'now','f');
INSERT INTO lesson_cmsession (lesson_id, cmsession_id) VALUES (5157, 858);
INSERT INTO lesson (id, type, duration, tags, title, subject, order_id, created_at, is_deleted) VALUES (5849,'PRESENTATION', 60, 'Market research business case,Correlation', '24_Correlation-1', 'none', 3, 'now','f');
INSERT INTO lesson_cmsession (lesson_id, cmsession_id) VALUES (5849, 858);
INSERT INTO lesson (id, type, duration, tags, title, subject, order_id, created_at, is_deleted) VALUES (5857,'PRESENTATION', 60, 'Correlation in R', '25_Correlation in R', 'none', 4, 'now','f');
INSERT INTO lesson_cmsession (lesson_id, cmsession_id) VALUES (5857, 858);
INSERT INTO cmsession (id, title, description, order_id, created_at, is_deleted) VALUES (860, 'Clean and prepare data in R', 'Clean and prepare data in R', 2, 'now', 'f');
INSERT INTO cmsession_module (cmsession_id, module_id) VALUES (860, 222);
INSERT INTO lesson (id, type, duration, tags, title, subject, order_id, created_at, is_deleted) VALUES (5168,'PRESENTATION', 20, '', 'LESSON-0', 'NONE', 1, 'now','f');
INSERT INTO lesson_cmsession (lesson_id, cmsession_id) VALUES (5168, 860);
INSERT INTO lesson (id, type, duration, tags, title, subject, order_id, created_at, is_deleted) VALUES (5169,'PRESENTATION', 20, '', 'LESSON-1', 'NONE', 2, 'now','f');
INSERT INTO lesson_cmsession (lesson_id, cmsession_id) VALUES (5169, 860);
INSERT INTO lesson (id, type, duration, tags, title, subject, order_id, created_at, is_deleted) VALUES (5858,'PRESENTATION', 60, 'Regression', '26-27_Linear_regression', 'none', 3, 'now','f');
INSERT INTO lesson_cmsession (lesson_id, cmsession_id) VALUES (5858, 860);
INSERT INTO lesson (id, type, duration, tags, title, subject, order_id, created_at, is_deleted) VALUES (5859,'PRESENTATION', 60, '', '28_Regresson in R', 'none', 4, 'now','f');
INSERT INTO lesson_cmsession (lesson_id, cmsession_id) VALUES (5859, 860);
INSERT INTO module (id, module_name, order_id, is_deleted) VALUES (223, 'Reporting in R', 20, 'f');
INSERT INTO module_course (module_id, course_id) VALUES (223, 20);
INSERT INTO cmsession (id, title, description, order_id, created_at, is_deleted) VALUES (862, 'Reporting in R', 'Reporting in R', 1, 'now', 'f');
INSERT INTO cmsession_module (cmsession_id, module_id) VALUES (862, 223);
INSERT INTO lesson (id, type, duration, tags, title, subject, order_id, created_at, is_deleted) VALUES (5180,'PRESENTATION', 20, '', 'LESSON-0', 'NONE', 1, 'now','f');
INSERT INTO lesson_cmsession (lesson_id, cmsession_id) VALUES (5180, 862);
INSERT INTO lesson (id, type, duration, tags, title, subject, order_id, created_at, is_deleted) VALUES (5181,'PRESENTATION', 20, '', 'LESSON-1', 'NONE', 2, 'now','f');
INSERT INTO lesson_cmsession (lesson_id, cmsession_id) VALUES (5181, 862);
INSERT INTO course (id, course_name, course_description, tags, created_at) VALUES (21, 'C DEMO', 'Entrance Tests of TCS, Cognizant, Infosys, Accenture, Tech Mahindra, Wipro, I-gate, Mindtree, Mu Sigma, IBM, Oracle, HP, Mphasis, SAP', NULL, 'now');
INSERT INTO module (id, module_name, order_id, is_deleted) VALUES (224, 'IT', 1, 'f');
INSERT INTO module_course (module_id, course_id) VALUES (224, 21);
INSERT INTO cmsession (id, title, description, order_id, created_at, is_deleted) VALUES (863, 'Infosys', 'Some desc', 1, 'now', 'f');
INSERT INTO cmsession_module (cmsession_id, module_id) VALUES (863, 224);
INSERT INTO cmsession (id, title, description, order_id, created_at, is_deleted) VALUES (864, 'Infosys', 'Infosys', 2, 'now', 'f');
INSERT INTO cmsession_module (cmsession_id, module_id) VALUES (864, 224);
INSERT INTO lesson (id, type, duration, tags, title, subject, order_id, created_at, is_deleted) VALUES (5207,'PRESENTATION', 20, '', 'LESSON-1', 'NONE', 1, 'now','f');
INSERT INTO lesson_cmsession (lesson_id, cmsession_id) VALUES (5207, 864);
INSERT INTO lesson (id, type, duration, tags, title, subject, order_id, created_at, is_deleted) VALUES (5208,'PRESENTATION', 20, '', 'LESSON-2', 'NONE', 2, 'now','f');
INSERT INTO lesson_cmsession (lesson_id, cmsession_id) VALUES (5208, 864);
INSERT INTO lesson (id, type, duration, tags, title, subject, order_id, created_at, is_deleted) VALUES (5209,'PRESENTATION', 20, '', 'LESSON-3', 'NONE', 3, 'now','f');
INSERT INTO lesson_cmsession (lesson_id, cmsession_id) VALUES (5209, 864);
INSERT INTO lesson (id, type, duration, tags, title, subject, order_id, created_at, is_deleted) VALUES (5210,'PRESENTATION', 20, '', 'LESSON-4', 'NONE', 4, 'now','f');
INSERT INTO lesson_cmsession (lesson_id, cmsession_id) VALUES (5210, 864);
INSERT INTO lesson (id, type, duration, tags, title, subject, order_id, created_at, is_deleted) VALUES (5211,'PRESENTATION', 20, '', 'LESSON-5', 'NONE', 5, 'now','f');
INSERT INTO lesson_cmsession (lesson_id, cmsession_id) VALUES (5211, 864);
INSERT INTO lesson (id, type, duration, tags, title, subject, order_id, created_at, is_deleted) VALUES (5212,'PRESENTATION', 20, '', 'LESSON-6', 'NONE', 6, 'now','f');
INSERT INTO lesson_cmsession (lesson_id, cmsession_id) VALUES (5212, 864);
INSERT INTO cmsession (id, title, description, order_id, created_at, is_deleted) VALUES (865, 'Wipro', 'Wipro', 3, 'now', 'f');
INSERT INTO cmsession_module (cmsession_id, module_id) VALUES (865, 224);
INSERT INTO lesson (id, type, duration, tags, title, subject, order_id, created_at, is_deleted) VALUES (5213,'PRESENTATION', 20, '', 'LESSON-1', 'NONE', 1, 'now','f');
INSERT INTO lesson_cmsession (lesson_id, cmsession_id) VALUES (5213, 865);
INSERT INTO lesson (id, type, duration, tags, title, subject, order_id, created_at, is_deleted) VALUES (5214,'PRESENTATION', 20, '', 'LESSON-2', 'NONE', 2, 'now','f');
INSERT INTO lesson_cmsession (lesson_id, cmsession_id) VALUES (5214, 865);
INSERT INTO lesson (id, type, duration, tags, title, subject, order_id, created_at, is_deleted) VALUES (5215,'PRESENTATION', 20, '', 'LESSON-3', 'NONE', 3, 'now','f');
INSERT INTO lesson_cmsession (lesson_id, cmsession_id) VALUES (5215, 865);
INSERT INTO lesson (id, type, duration, tags, title, subject, order_id, created_at, is_deleted) VALUES (5216,'PRESENTATION', 20, '', 'LESSON-4', 'NONE', 4, 'now','f');
INSERT INTO lesson_cmsession (lesson_id, cmsession_id) VALUES (5216, 865);
INSERT INTO lesson (id, type, duration, tags, title, subject, order_id, created_at, is_deleted) VALUES (5217,'PRESENTATION', 20, '', 'LESSON-5', 'NONE', 5, 'now','f');
INSERT INTO lesson_cmsession (lesson_id, cmsession_id) VALUES (5217, 865);
INSERT INTO lesson (id, type, duration, tags, title, subject, order_id, created_at, is_deleted) VALUES (5218,'PRESENTATION', 20, '', 'LESSON-6', 'NONE', 6, 'now','f');
INSERT INTO lesson_cmsession (lesson_id, cmsession_id) VALUES (5218, 865);
INSERT INTO cmsession (id, title, description, order_id, created_at, is_deleted) VALUES (866, 'Cognizant', 'Cognizant', 4, 'now', 'f');
INSERT INTO cmsession_module (cmsession_id, module_id) VALUES (866, 224);
INSERT INTO lesson (id, type, duration, tags, title, subject, order_id, created_at, is_deleted) VALUES (5219,'PRESENTATION', 20, '', 'LESSON-1', 'NONE', 1, 'now','f');
INSERT INTO lesson_cmsession (lesson_id, cmsession_id) VALUES (5219, 866);
INSERT INTO lesson (id, type, duration, tags, title, subject, order_id, created_at, is_deleted) VALUES (5220,'PRESENTATION', 20, '', 'LESSON-2', 'NONE', 2, 'now','f');
INSERT INTO lesson_cmsession (lesson_id, cmsession_id) VALUES (5220, 866);
INSERT INTO lesson (id, type, duration, tags, title, subject, order_id, created_at, is_deleted) VALUES (5221,'PRESENTATION', 20, '', 'LESSON-3', 'NONE', 3, 'now','f');
INSERT INTO lesson_cmsession (lesson_id, cmsession_id) VALUES (5221, 866);
INSERT INTO lesson (id, type, duration, tags, title, subject, order_id, created_at, is_deleted) VALUES (5222,'PRESENTATION', 20, '', 'LESSON-4', 'NONE', 4, 'now','f');
INSERT INTO lesson_cmsession (lesson_id, cmsession_id) VALUES (5222, 866);
INSERT INTO lesson (id, type, duration, tags, title, subject, order_id, created_at, is_deleted) VALUES (5223,'PRESENTATION', 20, '', 'LESSON-5', 'NONE', 5, 'now','f');
INSERT INTO lesson_cmsession (lesson_id, cmsession_id) VALUES (5223, 866);
INSERT INTO lesson (id, type, duration, tags, title, subject, order_id, created_at, is_deleted) VALUES (5224,'PRESENTATION', 20, '', 'LESSON-6', 'NONE', 6, 'now','f');
INSERT INTO lesson_cmsession (lesson_id, cmsession_id) VALUES (5224, 866);
INSERT INTO cmsession (id, title, description, order_id, created_at, is_deleted) VALUES (867, 'TCS', 'TCS', 5, 'now', 'f');
INSERT INTO cmsession_module (cmsession_id, module_id) VALUES (867, 224);
INSERT INTO lesson (id, type, duration, tags, title, subject, order_id, created_at, is_deleted) VALUES (5225,'PRESENTATION', 20, '', 'LESSON-1', 'NONE', 1, 'now','f');
INSERT INTO lesson_cmsession (lesson_id, cmsession_id) VALUES (5225, 867);
INSERT INTO lesson (id, type, duration, tags, title, subject, order_id, created_at, is_deleted) VALUES (5226,'PRESENTATION', 20, '', 'LESSON-2', 'NONE', 2, 'now','f');
INSERT INTO lesson_cmsession (lesson_id, cmsession_id) VALUES (5226, 867);
INSERT INTO lesson (id, type, duration, tags, title, subject, order_id, created_at, is_deleted) VALUES (5227,'PRESENTATION', 20, '', 'LESSON-3', 'NONE', 3, 'now','f');
INSERT INTO lesson_cmsession (lesson_id, cmsession_id) VALUES (5227, 867);
INSERT INTO lesson (id, type, duration, tags, title, subject, order_id, created_at, is_deleted) VALUES (5228,'PRESENTATION', 20, '', 'LESSON-4', 'NONE', 4, 'now','f');
INSERT INTO lesson_cmsession (lesson_id, cmsession_id) VALUES (5228, 867);
INSERT INTO lesson (id, type, duration, tags, title, subject, order_id, created_at, is_deleted) VALUES (5229,'PRESENTATION', 20, '', 'LESSON-5', 'NONE', 5, 'now','f');
INSERT INTO lesson_cmsession (lesson_id, cmsession_id) VALUES (5229, 867);
INSERT INTO lesson (id, type, duration, tags, title, subject, order_id, created_at, is_deleted) VALUES (5230,'PRESENTATION', 20, '', 'LESSON-6', 'NONE', 6, 'now','f');
INSERT INTO lesson_cmsession (lesson_id, cmsession_id) VALUES (5230, 867);
INSERT INTO cmsession (id, title, description, order_id, created_at, is_deleted) VALUES (868, 'Accenture', 'Accenture', 6, 'now', 'f');
INSERT INTO cmsession_module (cmsession_id, module_id) VALUES (868, 224);
INSERT INTO lesson (id, type, duration, tags, title, subject, order_id, created_at, is_deleted) VALUES (5231,'PRESENTATION', 20, '', 'LESSON-1', 'NONE', 1, 'now','f');
INSERT INTO lesson_cmsession (lesson_id, cmsession_id) VALUES (5231, 868);
INSERT INTO lesson (id, type, duration, tags, title, subject, order_id, created_at, is_deleted) VALUES (5232,'PRESENTATION', 20, '', 'LESSON-2', 'NONE', 2, 'now','f');
INSERT INTO lesson_cmsession (lesson_id, cmsession_id) VALUES (5232, 868);
INSERT INTO lesson (id, type, duration, tags, title, subject, order_id, created_at, is_deleted) VALUES (5233,'PRESENTATION', 20, '', 'LESSON-3', 'NONE', 3, 'now','f');
INSERT INTO lesson_cmsession (lesson_id, cmsession_id) VALUES (5233, 868);
INSERT INTO lesson (id, type, duration, tags, title, subject, order_id, created_at, is_deleted) VALUES (5234,'PRESENTATION', 20, '', 'LESSON-4', 'NONE', 4, 'now','f');
INSERT INTO lesson_cmsession (lesson_id, cmsession_id) VALUES (5234, 868);
INSERT INTO lesson (id, type, duration, tags, title, subject, order_id, created_at, is_deleted) VALUES (5235,'PRESENTATION', 20, '', 'LESSON-5', 'NONE', 5, 'now','f');
INSERT INTO lesson_cmsession (lesson_id, cmsession_id) VALUES (5235, 868);
INSERT INTO lesson (id, type, duration, tags, title, subject, order_id, created_at, is_deleted) VALUES (5236,'PRESENTATION', 20, '', 'LESSON-6', 'NONE', 6, 'now','f');
INSERT INTO lesson_cmsession (lesson_id, cmsession_id) VALUES (5236, 868);
INSERT INTO cmsession (id, title, description, order_id, created_at, is_deleted) VALUES (869, 'Tech Mahindra', 'Tech Mahindra', 7, 'now', 'f');
INSERT INTO cmsession_module (cmsession_id, module_id) VALUES (869, 224);
INSERT INTO lesson (id, type, duration, tags, title, subject, order_id, created_at, is_deleted) VALUES (5237,'PRESENTATION', 20, '', 'LESSON-1', 'NONE', 1, 'now','f');
INSERT INTO lesson_cmsession (lesson_id, cmsession_id) VALUES (5237, 869);
INSERT INTO lesson (id, type, duration, tags, title, subject, order_id, created_at, is_deleted) VALUES (5238,'PRESENTATION', 20, '', 'LESSON-2', 'NONE', 2, 'now','f');
INSERT INTO lesson_cmsession (lesson_id, cmsession_id) VALUES (5238, 869);
INSERT INTO lesson (id, type, duration, tags, title, subject, order_id, created_at, is_deleted) VALUES (5239,'PRESENTATION', 20, '', 'LESSON-3', 'NONE', 3, 'now','f');
INSERT INTO lesson_cmsession (lesson_id, cmsession_id) VALUES (5239, 869);
INSERT INTO lesson (id, type, duration, tags, title, subject, order_id, created_at, is_deleted) VALUES (5240,'PRESENTATION', 20, '', 'LESSON-4', 'NONE', 4, 'now','f');
INSERT INTO lesson_cmsession (lesson_id, cmsession_id) VALUES (5240, 869);
INSERT INTO lesson (id, type, duration, tags, title, subject, order_id, created_at, is_deleted) VALUES (5241,'PRESENTATION', 20, '', 'LESSON-5', 'NONE', 5, 'now','f');
INSERT INTO lesson_cmsession (lesson_id, cmsession_id) VALUES (5241, 869);
INSERT INTO lesson (id, type, duration, tags, title, subject, order_id, created_at, is_deleted) VALUES (5242,'PRESENTATION', 20, '', 'LESSON-6', 'NONE', 6, 'now','f');
INSERT INTO lesson_cmsession (lesson_id, cmsession_id) VALUES (5242, 869);
INSERT INTO cmsession (id, title, description, order_id, created_at, is_deleted) VALUES (870, 'Igate', 'Igate', 8, 'now', 'f');
INSERT INTO cmsession_module (cmsession_id, module_id) VALUES (870, 224);
INSERT INTO lesson (id, type, duration, tags, title, subject, order_id, created_at, is_deleted) VALUES (5243,'PRESENTATION', 20, '', 'LESSON-1', 'NONE', 1, 'now','f');
INSERT INTO lesson_cmsession (lesson_id, cmsession_id) VALUES (5243, 870);
INSERT INTO lesson (id, type, duration, tags, title, subject, order_id, created_at, is_deleted) VALUES (5244,'PRESENTATION', 20, '', 'LESSON-2', 'NONE', 2, 'now','f');
INSERT INTO lesson_cmsession (lesson_id, cmsession_id) VALUES (5244, 870);
INSERT INTO lesson (id, type, duration, tags, title, subject, order_id, created_at, is_deleted) VALUES (5245,'PRESENTATION', 20, '', 'LESSON-3', 'NONE', 3, 'now','f');
INSERT INTO lesson_cmsession (lesson_id, cmsession_id) VALUES (5245, 870);
INSERT INTO lesson (id, type, duration, tags, title, subject, order_id, created_at, is_deleted) VALUES (5246,'PRESENTATION', 20, '', 'LESSON-4', 'NONE', 4, 'now','f');
INSERT INTO lesson_cmsession (lesson_id, cmsession_id) VALUES (5246, 870);
INSERT INTO lesson (id, type, duration, tags, title, subject, order_id, created_at, is_deleted) VALUES (5247,'PRESENTATION', 20, '', 'LESSON-5', 'NONE', 5, 'now','f');
INSERT INTO lesson_cmsession (lesson_id, cmsession_id) VALUES (5247, 870);
INSERT INTO lesson (id, type, duration, tags, title, subject, order_id, created_at, is_deleted) VALUES (5248,'PRESENTATION', 20, '', 'LESSON-6', 'NONE', 6, 'now','f');
INSERT INTO lesson_cmsession (lesson_id, cmsession_id) VALUES (5248, 870);
INSERT INTO cmsession (id, title, description, order_id, created_at, is_deleted) VALUES (871, 'Mindtree', 'Mindtree', 9, 'now', 'f');
INSERT INTO cmsession_module (cmsession_id, module_id) VALUES (871, 224);
INSERT INTO lesson (id, type, duration, tags, title, subject, order_id, created_at, is_deleted) VALUES (5249,'PRESENTATION', 20, '', 'LESSON-1', 'NONE', 1, 'now','f');
INSERT INTO lesson_cmsession (lesson_id, cmsession_id) VALUES (5249, 871);
INSERT INTO lesson (id, type, duration, tags, title, subject, order_id, created_at, is_deleted) VALUES (5250,'PRESENTATION', 20, '', 'LESSON-2', 'NONE', 2, 'now','f');
INSERT INTO lesson_cmsession (lesson_id, cmsession_id) VALUES (5250, 871);
INSERT INTO lesson (id, type, duration, tags, title, subject, order_id, created_at, is_deleted) VALUES (5251,'PRESENTATION', 20, '', 'LESSON-3', 'NONE', 3, 'now','f');
INSERT INTO lesson_cmsession (lesson_id, cmsession_id) VALUES (5251, 871);
INSERT INTO lesson (id, type, duration, tags, title, subject, order_id, created_at, is_deleted) VALUES (5252,'PRESENTATION', 20, '', 'LESSON-4', 'NONE', 4, 'now','f');
INSERT INTO lesson_cmsession (lesson_id, cmsession_id) VALUES (5252, 871);
INSERT INTO lesson (id, type, duration, tags, title, subject, order_id, created_at, is_deleted) VALUES (5253,'PRESENTATION', 20, '', 'LESSON-5', 'NONE', 5, 'now','f');
INSERT INTO lesson_cmsession (lesson_id, cmsession_id) VALUES (5253, 871);
INSERT INTO lesson (id, type, duration, tags, title, subject, order_id, created_at, is_deleted) VALUES (5254,'PRESENTATION', 20, '', 'LESSON-6', 'NONE', 6, 'now','f');
INSERT INTO lesson_cmsession (lesson_id, cmsession_id) VALUES (5254, 871);
INSERT INTO cmsession (id, title, description, order_id, created_at, is_deleted) VALUES (872, 'Mu Sigma', 'Mu Sigma', 10, 'now', 'f');
INSERT INTO cmsession_module (cmsession_id, module_id) VALUES (872, 224);
INSERT INTO lesson (id, type, duration, tags, title, subject, order_id, created_at, is_deleted) VALUES (5255,'PRESENTATION', 20, '', 'LESSON-1', 'NONE', 1, 'now','f');
INSERT INTO lesson_cmsession (lesson_id, cmsession_id) VALUES (5255, 872);
INSERT INTO lesson (id, type, duration, tags, title, subject, order_id, created_at, is_deleted) VALUES (5256,'PRESENTATION', 20, '', 'LESSON-2', 'NONE', 2, 'now','f');
INSERT INTO lesson_cmsession (lesson_id, cmsession_id) VALUES (5256, 872);
INSERT INTO lesson (id, type, duration, tags, title, subject, order_id, created_at, is_deleted) VALUES (5257,'PRESENTATION', 20, '', 'LESSON-3', 'NONE', 3, 'now','f');
INSERT INTO lesson_cmsession (lesson_id, cmsession_id) VALUES (5257, 872);
INSERT INTO lesson (id, type, duration, tags, title, subject, order_id, created_at, is_deleted) VALUES (5258,'PRESENTATION', 20, '', 'LESSON-4', 'NONE', 4, 'now','f');
INSERT INTO lesson_cmsession (lesson_id, cmsession_id) VALUES (5258, 872);
INSERT INTO lesson (id, type, duration, tags, title, subject, order_id, created_at, is_deleted) VALUES (5259,'PRESENTATION', 20, '', 'LESSON-5', 'NONE', 5, 'now','f');
INSERT INTO lesson_cmsession (lesson_id, cmsession_id) VALUES (5259, 872);
INSERT INTO lesson (id, type, duration, tags, title, subject, order_id, created_at, is_deleted) VALUES (5260,'PRESENTATION', 20, '', 'LESSON-6', 'NONE', 6, 'now','f');
INSERT INTO lesson_cmsession (lesson_id, cmsession_id) VALUES (5260, 872);
INSERT INTO cmsession (id, title, description, order_id, created_at, is_deleted) VALUES (873, 'IBM', 'IBM', 11, 'now', 'f');
INSERT INTO cmsession_module (cmsession_id, module_id) VALUES (873, 224);
INSERT INTO lesson (id, type, duration, tags, title, subject, order_id, created_at, is_deleted) VALUES (5261,'PRESENTATION', 20, '', 'LESSON-1', 'NONE', 1, 'now','f');
INSERT INTO lesson_cmsession (lesson_id, cmsession_id) VALUES (5261, 873);
INSERT INTO lesson (id, type, duration, tags, title, subject, order_id, created_at, is_deleted) VALUES (5262,'PRESENTATION', 20, '', 'LESSON-2', 'NONE', 2, 'now','f');
INSERT INTO lesson_cmsession (lesson_id, cmsession_id) VALUES (5262, 873);
INSERT INTO lesson (id, type, duration, tags, title, subject, order_id, created_at, is_deleted) VALUES (5263,'PRESENTATION', 20, '', 'LESSON-3', 'NONE', 3, 'now','f');
INSERT INTO lesson_cmsession (lesson_id, cmsession_id) VALUES (5263, 873);
INSERT INTO lesson (id, type, duration, tags, title, subject, order_id, created_at, is_deleted) VALUES (5264,'PRESENTATION', 20, '', 'LESSON-4', 'NONE', 4, 'now','f');
INSERT INTO lesson_cmsession (lesson_id, cmsession_id) VALUES (5264, 873);
INSERT INTO lesson (id, type, duration, tags, title, subject, order_id, created_at, is_deleted) VALUES (5265,'PRESENTATION', 20, '', 'LESSON-5', 'NONE', 5, 'now','f');
INSERT INTO lesson_cmsession (lesson_id, cmsession_id) VALUES (5265, 873);
INSERT INTO lesson (id, type, duration, tags, title, subject, order_id, created_at, is_deleted) VALUES (5266,'PRESENTATION', 20, '', 'LESSON-6', 'NONE', 6, 'now','f');
INSERT INTO lesson_cmsession (lesson_id, cmsession_id) VALUES (5266, 873);
INSERT INTO cmsession (id, title, description, order_id, created_at, is_deleted) VALUES (874, 'Oracle', 'Oracle', 12, 'now', 'f');
INSERT INTO cmsession_module (cmsession_id, module_id) VALUES (874, 224);
INSERT INTO lesson (id, type, duration, tags, title, subject, order_id, created_at, is_deleted) VALUES (5267,'PRESENTATION', 20, '', 'LESSON-1', 'NONE', 1, 'now','f');
INSERT INTO lesson_cmsession (lesson_id, cmsession_id) VALUES (5267, 874);
INSERT INTO lesson (id, type, duration, tags, title, subject, order_id, created_at, is_deleted) VALUES (5268,'PRESENTATION', 20, '', 'LESSON-2', 'NONE', 2, 'now','f');
INSERT INTO lesson_cmsession (lesson_id, cmsession_id) VALUES (5268, 874);
INSERT INTO lesson (id, type, duration, tags, title, subject, order_id, created_at, is_deleted) VALUES (5269,'PRESENTATION', 20, '', 'LESSON-3', 'NONE', 3, 'now','f');
INSERT INTO lesson_cmsession (lesson_id, cmsession_id) VALUES (5269, 874);
INSERT INTO lesson (id, type, duration, tags, title, subject, order_id, created_at, is_deleted) VALUES (5270,'PRESENTATION', 20, '', 'LESSON-4', 'NONE', 4, 'now','f');
INSERT INTO lesson_cmsession (lesson_id, cmsession_id) VALUES (5270, 874);
INSERT INTO lesson (id, type, duration, tags, title, subject, order_id, created_at, is_deleted) VALUES (5271,'PRESENTATION', 20, '', 'LESSON-5', 'NONE', 5, 'now','f');
INSERT INTO lesson_cmsession (lesson_id, cmsession_id) VALUES (5271, 874);
INSERT INTO lesson (id, type, duration, tags, title, subject, order_id, created_at, is_deleted) VALUES (5272,'PRESENTATION', 20, '', 'LESSON-6', 'NONE', 6, 'now','f');
INSERT INTO lesson_cmsession (lesson_id, cmsession_id) VALUES (5272, 874);
INSERT INTO cmsession (id, title, description, order_id, created_at, is_deleted) VALUES (875, 'HP', 'HP', 13, 'now', 'f');
INSERT INTO cmsession_module (cmsession_id, module_id) VALUES (875, 224);
INSERT INTO lesson (id, type, duration, tags, title, subject, order_id, created_at, is_deleted) VALUES (5273,'PRESENTATION', 20, '', 'LESSON-1', 'NONE', 1, 'now','f');
INSERT INTO lesson_cmsession (lesson_id, cmsession_id) VALUES (5273, 875);
INSERT INTO lesson (id, type, duration, tags, title, subject, order_id, created_at, is_deleted) VALUES (5274,'PRESENTATION', 20, '', 'LESSON-2', 'NONE', 2, 'now','f');
INSERT INTO lesson_cmsession (lesson_id, cmsession_id) VALUES (5274, 875);
INSERT INTO lesson (id, type, duration, tags, title, subject, order_id, created_at, is_deleted) VALUES (5275,'PRESENTATION', 20, '', 'LESSON-3', 'NONE', 3, 'now','f');
INSERT INTO lesson_cmsession (lesson_id, cmsession_id) VALUES (5275, 875);
INSERT INTO lesson (id, type, duration, tags, title, subject, order_id, created_at, is_deleted) VALUES (5276,'PRESENTATION', 20, '', 'LESSON-4', 'NONE', 4, 'now','f');
INSERT INTO lesson_cmsession (lesson_id, cmsession_id) VALUES (5276, 875);
INSERT INTO lesson (id, type, duration, tags, title, subject, order_id, created_at, is_deleted) VALUES (5277,'PRESENTATION', 20, '', 'LESSON-5', 'NONE', 5, 'now','f');
INSERT INTO lesson_cmsession (lesson_id, cmsession_id) VALUES (5277, 875);
INSERT INTO lesson (id, type, duration, tags, title, subject, order_id, created_at, is_deleted) VALUES (5278,'PRESENTATION', 20, '', 'LESSON-6', 'NONE', 6, 'now','f');
INSERT INTO lesson_cmsession (lesson_id, cmsession_id) VALUES (5278, 875);
INSERT INTO cmsession (id, title, description, order_id, created_at, is_deleted) VALUES (876, 'SAP', 'SAP', 14, 'now', 'f');
INSERT INTO cmsession_module (cmsession_id, module_id) VALUES (876, 224);
INSERT INTO lesson (id, type, duration, tags, title, subject, order_id, created_at, is_deleted) VALUES (5279,'PRESENTATION', 20, '', 'LESSON-1', 'NONE', 1, 'now','f');
INSERT INTO lesson_cmsession (lesson_id, cmsession_id) VALUES (5279, 876);
INSERT INTO lesson (id, type, duration, tags, title, subject, order_id, created_at, is_deleted) VALUES (5280,'PRESENTATION', 20, '', 'LESSON-2', 'NONE', 2, 'now','f');
INSERT INTO lesson_cmsession (lesson_id, cmsession_id) VALUES (5280, 876);
INSERT INTO lesson (id, type, duration, tags, title, subject, order_id, created_at, is_deleted) VALUES (5281,'PRESENTATION', 20, '', 'LESSON-3', 'NONE', 3, 'now','f');
INSERT INTO lesson_cmsession (lesson_id, cmsession_id) VALUES (5281, 876);
INSERT INTO lesson (id, type, duration, tags, title, subject, order_id, created_at, is_deleted) VALUES (5282,'PRESENTATION', 20, '', 'LESSON-4', 'NONE', 4, 'now','f');
INSERT INTO lesson_cmsession (lesson_id, cmsession_id) VALUES (5282, 876);
INSERT INTO lesson (id, type, duration, tags, title, subject, order_id, created_at, is_deleted) VALUES (5283,'PRESENTATION', 20, '', 'LESSON-5', 'NONE', 5, 'now','f');
INSERT INTO lesson_cmsession (lesson_id, cmsession_id) VALUES (5283, 876);
INSERT INTO lesson (id, type, duration, tags, title, subject, order_id, created_at, is_deleted) VALUES (5284,'PRESENTATION', 20, '', 'LESSON-6', 'NONE', 6, 'now','f');
INSERT INTO lesson_cmsession (lesson_id, cmsession_id) VALUES (5284, 876);
INSERT INTO cmsession (id, title, description, order_id, created_at, is_deleted) VALUES (877, 'Capgemini', 'Capgemini', 15, 'now', 'f');
INSERT INTO cmsession_module (cmsession_id, module_id) VALUES (877, 224);
INSERT INTO lesson (id, type, duration, tags, title, subject, order_id, created_at, is_deleted) VALUES (5285,'PRESENTATION', 20, '', 'LESSON-1', 'NONE', 1, 'now','f');
INSERT INTO lesson_cmsession (lesson_id, cmsession_id) VALUES (5285, 877);
INSERT INTO lesson (id, type, duration, tags, title, subject, order_id, created_at, is_deleted) VALUES (5286,'PRESENTATION', 20, '', 'LESSON-2', 'NONE', 2, 'now','f');
INSERT INTO lesson_cmsession (lesson_id, cmsession_id) VALUES (5286, 877);
INSERT INTO lesson (id, type, duration, tags, title, subject, order_id, created_at, is_deleted) VALUES (5287,'PRESENTATION', 20, '', 'LESSON-3', 'NONE', 3, 'now','f');
INSERT INTO lesson_cmsession (lesson_id, cmsession_id) VALUES (5287, 877);
INSERT INTO lesson (id, type, duration, tags, title, subject, order_id, created_at, is_deleted) VALUES (5288,'PRESENTATION', 20, '', 'LESSON-4', 'NONE', 4, 'now','f');
INSERT INTO lesson_cmsession (lesson_id, cmsession_id) VALUES (5288, 877);
INSERT INTO lesson (id, type, duration, tags, title, subject, order_id, created_at, is_deleted) VALUES (5289,'PRESENTATION', 20, '', 'LESSON-5', 'NONE', 5, 'now','f');
INSERT INTO lesson_cmsession (lesson_id, cmsession_id) VALUES (5289, 877);
INSERT INTO lesson (id, type, duration, tags, title, subject, order_id, created_at, is_deleted) VALUES (5290,'PRESENTATION', 20, '', 'LESSON-6', 'NONE', 6, 'now','f');
INSERT INTO lesson_cmsession (lesson_id, cmsession_id) VALUES (5290, 877);
INSERT INTO cmsession (id, title, description, order_id, created_at, is_deleted) VALUES (878, 'Mphasis', 'Mphasis', 16, 'now', 'f');
INSERT INTO cmsession_module (cmsession_id, module_id) VALUES (878, 224);
INSERT INTO lesson (id, type, duration, tags, title, subject, order_id, created_at, is_deleted) VALUES (5291,'PRESENTATION', 20, '', 'LESSON-1', 'NONE', 1, 'now','f');
INSERT INTO lesson_cmsession (lesson_id, cmsession_id) VALUES (5291, 878);
INSERT INTO lesson (id, type, duration, tags, title, subject, order_id, created_at, is_deleted) VALUES (5292,'PRESENTATION', 20, '', 'LESSON-2', 'NONE', 2, 'now','f');
INSERT INTO lesson_cmsession (lesson_id, cmsession_id) VALUES (5292, 878);
INSERT INTO lesson (id, type, duration, tags, title, subject, order_id, created_at, is_deleted) VALUES (5293,'PRESENTATION', 20, '', 'LESSON-3', 'NONE', 3, 'now','f');
INSERT INTO lesson_cmsession (lesson_id, cmsession_id) VALUES (5293, 878);
INSERT INTO lesson (id, type, duration, tags, title, subject, order_id, created_at, is_deleted) VALUES (5294,'PRESENTATION', 20, '', 'LESSON-4', 'NONE', 4, 'now','f');
INSERT INTO lesson_cmsession (lesson_id, cmsession_id) VALUES (5294, 878);
INSERT INTO lesson (id, type, duration, tags, title, subject, order_id, created_at, is_deleted) VALUES (5295,'PRESENTATION', 20, '', 'LESSON-5', 'NONE', 5, 'now','f');
INSERT INTO lesson_cmsession (lesson_id, cmsession_id) VALUES (5295, 878);
INSERT INTO lesson (id, type, duration, tags, title, subject, order_id, created_at, is_deleted) VALUES (5296,'PRESENTATION', 20, '', 'LESSON-6', 'NONE', 6, 'now','f');
INSERT INTO lesson_cmsession (lesson_id, cmsession_id) VALUES (5296, 878);
INSERT INTO cmsession (id, title, description, order_id, created_at, is_deleted) VALUES (879, 'Infosys', 'Infosys', 17, 'now', 'f');
INSERT INTO cmsession_module (cmsession_id, module_id) VALUES (879, 224);
INSERT INTO lesson (id, type, duration, tags, title, subject, order_id, created_at, is_deleted) VALUES (5297,'PRESENTATION', 20, '', 'LESSON-1', 'NONE', 1, 'now','f');
INSERT INTO lesson_cmsession (lesson_id, cmsession_id) VALUES (5297, 879);
INSERT INTO lesson (id, type, duration, tags, title, subject, order_id, created_at, is_deleted) VALUES (5298,'PRESENTATION', 20, '', 'LESSON-2', 'NONE', 2, 'now','f');
INSERT INTO lesson_cmsession (lesson_id, cmsession_id) VALUES (5298, 879);
INSERT INTO lesson (id, type, duration, tags, title, subject, order_id, created_at, is_deleted) VALUES (5299,'PRESENTATION', 20, '', 'LESSON-3', 'NONE', 3, 'now','f');
INSERT INTO lesson_cmsession (lesson_id, cmsession_id) VALUES (5299, 879);
INSERT INTO lesson (id, type, duration, tags, title, subject, order_id, created_at, is_deleted) VALUES (5300,'PRESENTATION', 20, '', 'LESSON-4', 'NONE', 4, 'now','f');
INSERT INTO lesson_cmsession (lesson_id, cmsession_id) VALUES (5300, 879);
INSERT INTO lesson (id, type, duration, tags, title, subject, order_id, created_at, is_deleted) VALUES (5301,'PRESENTATION', 20, '', 'LESSON-5', 'NONE', 5, 'now','f');
INSERT INTO lesson_cmsession (lesson_id, cmsession_id) VALUES (5301, 879);
INSERT INTO lesson (id, type, duration, tags, title, subject, order_id, created_at, is_deleted) VALUES (5302,'PRESENTATION', 20, '', 'LESSON-6', 'NONE', 6, 'now','f');
INSERT INTO lesson_cmsession (lesson_id, cmsession_id) VALUES (5302, 879);
INSERT INTO cmsession (id, title, description, order_id, created_at, is_deleted) VALUES (880, 'Wipro', 'Wipro', 18, 'now', 'f');
INSERT INTO cmsession_module (cmsession_id, module_id) VALUES (880, 224);
INSERT INTO lesson (id, type, duration, tags, title, subject, order_id, created_at, is_deleted) VALUES (5303,'PRESENTATION', 20, '', 'LESSON-1', 'NONE', 1, 'now','f');
INSERT INTO lesson_cmsession (lesson_id, cmsession_id) VALUES (5303, 880);
INSERT INTO lesson (id, type, duration, tags, title, subject, order_id, created_at, is_deleted) VALUES (5304,'PRESENTATION', 20, '', 'LESSON-2', 'NONE', 2, 'now','f');
INSERT INTO lesson_cmsession (lesson_id, cmsession_id) VALUES (5304, 880);
INSERT INTO lesson (id, type, duration, tags, title, subject, order_id, created_at, is_deleted) VALUES (5305,'PRESENTATION', 20, '', 'LESSON-3', 'NONE', 3, 'now','f');
INSERT INTO lesson_cmsession (lesson_id, cmsession_id) VALUES (5305, 880);
INSERT INTO lesson (id, type, duration, tags, title, subject, order_id, created_at, is_deleted) VALUES (5306,'PRESENTATION', 20, '', 'LESSON-4', 'NONE', 4, 'now','f');
INSERT INTO lesson_cmsession (lesson_id, cmsession_id) VALUES (5306, 880);
INSERT INTO lesson (id, type, duration, tags, title, subject, order_id, created_at, is_deleted) VALUES (5307,'PRESENTATION', 20, '', 'LESSON-5', 'NONE', 5, 'now','f');
INSERT INTO lesson_cmsession (lesson_id, cmsession_id) VALUES (5307, 880);
INSERT INTO lesson (id, type, duration, tags, title, subject, order_id, created_at, is_deleted) VALUES (5308,'PRESENTATION', 20, '', 'LESSON-6', 'NONE', 6, 'now','f');
INSERT INTO lesson_cmsession (lesson_id, cmsession_id) VALUES (5308, 880);
INSERT INTO cmsession (id, title, description, order_id, created_at, is_deleted) VALUES (881, 'Cognizant', 'Cognizant', 19, 'now', 'f');
INSERT INTO cmsession_module (cmsession_id, module_id) VALUES (881, 224);
INSERT INTO lesson (id, type, duration, tags, title, subject, order_id, created_at, is_deleted) VALUES (5309,'PRESENTATION', 20, '', 'LESSON-1', 'NONE', 1, 'now','f');
INSERT INTO lesson_cmsession (lesson_id, cmsession_id) VALUES (5309, 881);
INSERT INTO lesson (id, type, duration, tags, title, subject, order_id, created_at, is_deleted) VALUES (5310,'PRESENTATION', 20, '', 'LESSON-2', 'NONE', 2, 'now','f');
INSERT INTO lesson_cmsession (lesson_id, cmsession_id) VALUES (5310, 881);
INSERT INTO lesson (id, type, duration, tags, title, subject, order_id, created_at, is_deleted) VALUES (5311,'PRESENTATION', 20, '', 'LESSON-3', 'NONE', 3, 'now','f');
INSERT INTO lesson_cmsession (lesson_id, cmsession_id) VALUES (5311, 881);
INSERT INTO lesson (id, type, duration, tags, title, subject, order_id, created_at, is_deleted) VALUES (5312,'PRESENTATION', 20, '', 'LESSON-4', 'NONE', 4, 'now','f');
INSERT INTO lesson_cmsession (lesson_id, cmsession_id) VALUES (5312, 881);
INSERT INTO lesson (id, type, duration, tags, title, subject, order_id, created_at, is_deleted) VALUES (5313,'PRESENTATION', 20, '', 'LESSON-5', 'NONE', 5, 'now','f');
INSERT INTO lesson_cmsession (lesson_id, cmsession_id) VALUES (5313, 881);
INSERT INTO lesson (id, type, duration, tags, title, subject, order_id, created_at, is_deleted) VALUES (5314,'PRESENTATION', 20, '', 'LESSON-6', 'NONE', 6, 'now','f');
INSERT INTO lesson_cmsession (lesson_id, cmsession_id) VALUES (5314, 881);
INSERT INTO cmsession (id, title, description, order_id, created_at, is_deleted) VALUES (882, 'TCS', 'TCS', 20, 'now', 'f');
INSERT INTO cmsession_module (cmsession_id, module_id) VALUES (882, 224);
INSERT INTO lesson (id, type, duration, tags, title, subject, order_id, created_at, is_deleted) VALUES (5315,'PRESENTATION', 20, '', 'LESSON-1', 'NONE', 1, 'now','f');
INSERT INTO lesson_cmsession (lesson_id, cmsession_id) VALUES (5315, 882);
INSERT INTO lesson (id, type, duration, tags, title, subject, order_id, created_at, is_deleted) VALUES (5316,'PRESENTATION', 20, '', 'LESSON-2', 'NONE', 2, 'now','f');
INSERT INTO lesson_cmsession (lesson_id, cmsession_id) VALUES (5316, 882);
INSERT INTO lesson (id, type, duration, tags, title, subject, order_id, created_at, is_deleted) VALUES (5317,'PRESENTATION', 20, '', 'LESSON-3', 'NONE', 3, 'now','f');
INSERT INTO lesson_cmsession (lesson_id, cmsession_id) VALUES (5317, 882);
INSERT INTO lesson (id, type, duration, tags, title, subject, order_id, created_at, is_deleted) VALUES (5318,'PRESENTATION', 20, '', 'LESSON-4', 'NONE', 4, 'now','f');
INSERT INTO lesson_cmsession (lesson_id, cmsession_id) VALUES (5318, 882);
INSERT INTO lesson (id, type, duration, tags, title, subject, order_id, created_at, is_deleted) VALUES (5319,'PRESENTATION', 20, '', 'LESSON-5', 'NONE', 5, 'now','f');
INSERT INTO lesson_cmsession (lesson_id, cmsession_id) VALUES (5319, 882);
INSERT INTO lesson (id, type, duration, tags, title, subject, order_id, created_at, is_deleted) VALUES (5320,'PRESENTATION', 20, '', 'LESSON-6', 'NONE', 6, 'now','f');
INSERT INTO lesson_cmsession (lesson_id, cmsession_id) VALUES (5320, 882);
INSERT INTO cmsession (id, title, description, order_id, created_at, is_deleted) VALUES (883, 'Accenture', 'Accenture', 21, 'now', 'f');
INSERT INTO cmsession_module (cmsession_id, module_id) VALUES (883, 224);
INSERT INTO lesson (id, type, duration, tags, title, subject, order_id, created_at, is_deleted) VALUES (5321,'PRESENTATION', 20, '', 'LESSON-1', 'NONE', 1, 'now','f');
INSERT INTO lesson_cmsession (lesson_id, cmsession_id) VALUES (5321, 883);
INSERT INTO lesson (id, type, duration, tags, title, subject, order_id, created_at, is_deleted) VALUES (5322,'PRESENTATION', 20, '', 'LESSON-2', 'NONE', 2, 'now','f');
INSERT INTO lesson_cmsession (lesson_id, cmsession_id) VALUES (5322, 883);
INSERT INTO lesson (id, type, duration, tags, title, subject, order_id, created_at, is_deleted) VALUES (5323,'PRESENTATION', 20, '', 'LESSON-3', 'NONE', 3, 'now','f');
INSERT INTO lesson_cmsession (lesson_id, cmsession_id) VALUES (5323, 883);
INSERT INTO lesson (id, type, duration, tags, title, subject, order_id, created_at, is_deleted) VALUES (5324,'PRESENTATION', 20, '', 'LESSON-4', 'NONE', 4, 'now','f');
INSERT INTO lesson_cmsession (lesson_id, cmsession_id) VALUES (5324, 883);
INSERT INTO lesson (id, type, duration, tags, title, subject, order_id, created_at, is_deleted) VALUES (5325,'PRESENTATION', 20, '', 'LESSON-5', 'NONE', 5, 'now','f');
INSERT INTO lesson_cmsession (lesson_id, cmsession_id) VALUES (5325, 883);
INSERT INTO lesson (id, type, duration, tags, title, subject, order_id, created_at, is_deleted) VALUES (5326,'PRESENTATION', 20, '', 'LESSON-6', 'NONE', 6, 'now','f');
INSERT INTO lesson_cmsession (lesson_id, cmsession_id) VALUES (5326, 883);
INSERT INTO cmsession (id, title, description, order_id, created_at, is_deleted) VALUES (884, 'Tech Mahindra', 'Tech Mahindra', 22, 'now', 'f');
INSERT INTO cmsession_module (cmsession_id, module_id) VALUES (884, 224);
INSERT INTO lesson (id, type, duration, tags, title, subject, order_id, created_at, is_deleted) VALUES (5327,'PRESENTATION', 20, '', 'LESSON-1', 'NONE', 1, 'now','f');
INSERT INTO lesson_cmsession (lesson_id, cmsession_id) VALUES (5327, 884);
INSERT INTO lesson (id, type, duration, tags, title, subject, order_id, created_at, is_deleted) VALUES (5328,'PRESENTATION', 20, '', 'LESSON-2', 'NONE', 2, 'now','f');
INSERT INTO lesson_cmsession (lesson_id, cmsession_id) VALUES (5328, 884);
INSERT INTO lesson (id, type, duration, tags, title, subject, order_id, created_at, is_deleted) VALUES (5329,'PRESENTATION', 20, '', 'LESSON-3', 'NONE', 3, 'now','f');
INSERT INTO lesson_cmsession (lesson_id, cmsession_id) VALUES (5329, 884);
INSERT INTO lesson (id, type, duration, tags, title, subject, order_id, created_at, is_deleted) VALUES (5330,'PRESENTATION', 20, '', 'LESSON-4', 'NONE', 4, 'now','f');
INSERT INTO lesson_cmsession (lesson_id, cmsession_id) VALUES (5330, 884);
INSERT INTO lesson (id, type, duration, tags, title, subject, order_id, created_at, is_deleted) VALUES (5331,'PRESENTATION', 20, '', 'LESSON-5', 'NONE', 5, 'now','f');
INSERT INTO lesson_cmsession (lesson_id, cmsession_id) VALUES (5331, 884);
INSERT INTO lesson (id, type, duration, tags, title, subject, order_id, created_at, is_deleted) VALUES (5332,'PRESENTATION', 20, '', 'LESSON-6', 'NONE', 6, 'now','f');
INSERT INTO lesson_cmsession (lesson_id, cmsession_id) VALUES (5332, 884);
INSERT INTO cmsession (id, title, description, order_id, created_at, is_deleted) VALUES (885, 'Igate', 'Igate', 23, 'now', 'f');
INSERT INTO cmsession_module (cmsession_id, module_id) VALUES (885, 224);
INSERT INTO lesson (id, type, duration, tags, title, subject, order_id, created_at, is_deleted) VALUES (5333,'PRESENTATION', 20, '', 'LESSON-1', 'NONE', 1, 'now','f');
INSERT INTO lesson_cmsession (lesson_id, cmsession_id) VALUES (5333, 885);
INSERT INTO lesson (id, type, duration, tags, title, subject, order_id, created_at, is_deleted) VALUES (5334,'PRESENTATION', 20, '', 'LESSON-2', 'NONE', 2, 'now','f');
INSERT INTO lesson_cmsession (lesson_id, cmsession_id) VALUES (5334, 885);
INSERT INTO lesson (id, type, duration, tags, title, subject, order_id, created_at, is_deleted) VALUES (5335,'PRESENTATION', 20, '', 'LESSON-3', 'NONE', 3, 'now','f');
INSERT INTO lesson_cmsession (lesson_id, cmsession_id) VALUES (5335, 885);
INSERT INTO lesson (id, type, duration, tags, title, subject, order_id, created_at, is_deleted) VALUES (5336,'PRESENTATION', 20, '', 'LESSON-4', 'NONE', 4, 'now','f');
INSERT INTO lesson_cmsession (lesson_id, cmsession_id) VALUES (5336, 885);
INSERT INTO lesson (id, type, duration, tags, title, subject, order_id, created_at, is_deleted) VALUES (5337,'PRESENTATION', 20, '', 'LESSON-5', 'NONE', 5, 'now','f');
INSERT INTO lesson_cmsession (lesson_id, cmsession_id) VALUES (5337, 885);
INSERT INTO lesson (id, type, duration, tags, title, subject, order_id, created_at, is_deleted) VALUES (5338,'PRESENTATION', 20, '', 'LESSON-6', 'NONE', 6, 'now','f');
INSERT INTO lesson_cmsession (lesson_id, cmsession_id) VALUES (5338, 885);
INSERT INTO cmsession (id, title, description, order_id, created_at, is_deleted) VALUES (886, 'Mindtree', 'Mindtree', 24, 'now', 'f');
INSERT INTO cmsession_module (cmsession_id, module_id) VALUES (886, 224);
INSERT INTO lesson (id, type, duration, tags, title, subject, order_id, created_at, is_deleted) VALUES (5339,'PRESENTATION', 20, '', 'LESSON-1', 'NONE', 1, 'now','f');
INSERT INTO lesson_cmsession (lesson_id, cmsession_id) VALUES (5339, 886);
INSERT INTO lesson (id, type, duration, tags, title, subject, order_id, created_at, is_deleted) VALUES (5340,'PRESENTATION', 20, '', 'LESSON-2', 'NONE', 2, 'now','f');
INSERT INTO lesson_cmsession (lesson_id, cmsession_id) VALUES (5340, 886);
INSERT INTO lesson (id, type, duration, tags, title, subject, order_id, created_at, is_deleted) VALUES (5341,'PRESENTATION', 20, '', 'LESSON-3', 'NONE', 3, 'now','f');
INSERT INTO lesson_cmsession (lesson_id, cmsession_id) VALUES (5341, 886);
INSERT INTO lesson (id, type, duration, tags, title, subject, order_id, created_at, is_deleted) VALUES (5342,'PRESENTATION', 20, '', 'LESSON-4', 'NONE', 4, 'now','f');
INSERT INTO lesson_cmsession (lesson_id, cmsession_id) VALUES (5342, 886);
INSERT INTO lesson (id, type, duration, tags, title, subject, order_id, created_at, is_deleted) VALUES (5343,'PRESENTATION', 20, '', 'LESSON-5', 'NONE', 5, 'now','f');
INSERT INTO lesson_cmsession (lesson_id, cmsession_id) VALUES (5343, 886);
INSERT INTO lesson (id, type, duration, tags, title, subject, order_id, created_at, is_deleted) VALUES (5344,'PRESENTATION', 20, '', 'LESSON-6', 'NONE', 6, 'now','f');
INSERT INTO lesson_cmsession (lesson_id, cmsession_id) VALUES (5344, 886);
INSERT INTO cmsession (id, title, description, order_id, created_at, is_deleted) VALUES (887, 'Mu Sigma', 'Mu Sigma', 25, 'now', 'f');
INSERT INTO cmsession_module (cmsession_id, module_id) VALUES (887, 224);
INSERT INTO lesson (id, type, duration, tags, title, subject, order_id, created_at, is_deleted) VALUES (5345,'PRESENTATION', 20, '', 'LESSON-1', 'NONE', 1, 'now','f');
INSERT INTO lesson_cmsession (lesson_id, cmsession_id) VALUES (5345, 887);
INSERT INTO lesson (id, type, duration, tags, title, subject, order_id, created_at, is_deleted) VALUES (5346,'PRESENTATION', 20, '', 'LESSON-2', 'NONE', 2, 'now','f');
INSERT INTO lesson_cmsession (lesson_id, cmsession_id) VALUES (5346, 887);
INSERT INTO lesson (id, type, duration, tags, title, subject, order_id, created_at, is_deleted) VALUES (5347,'PRESENTATION', 20, '', 'LESSON-3', 'NONE', 3, 'now','f');
INSERT INTO lesson_cmsession (lesson_id, cmsession_id) VALUES (5347, 887);
INSERT INTO lesson (id, type, duration, tags, title, subject, order_id, created_at, is_deleted) VALUES (5348,'PRESENTATION', 20, '', 'LESSON-4', 'NONE', 4, 'now','f');
INSERT INTO lesson_cmsession (lesson_id, cmsession_id) VALUES (5348, 887);
INSERT INTO lesson (id, type, duration, tags, title, subject, order_id, created_at, is_deleted) VALUES (5349,'PRESENTATION', 20, '', 'LESSON-5', 'NONE', 5, 'now','f');
INSERT INTO lesson_cmsession (lesson_id, cmsession_id) VALUES (5349, 887);
INSERT INTO lesson (id, type, duration, tags, title, subject, order_id, created_at, is_deleted) VALUES (5350,'PRESENTATION', 20, '', 'LESSON-6', 'NONE', 6, 'now','f');
INSERT INTO lesson_cmsession (lesson_id, cmsession_id) VALUES (5350, 887);
INSERT INTO cmsession (id, title, description, order_id, created_at, is_deleted) VALUES (888, 'IBM', 'IBM', 26, 'now', 'f');
INSERT INTO cmsession_module (cmsession_id, module_id) VALUES (888, 224);
INSERT INTO lesson (id, type, duration, tags, title, subject, order_id, created_at, is_deleted) VALUES (5351,'PRESENTATION', 20, '', 'LESSON-1', 'NONE', 1, 'now','f');
INSERT INTO lesson_cmsession (lesson_id, cmsession_id) VALUES (5351, 888);
INSERT INTO lesson (id, type, duration, tags, title, subject, order_id, created_at, is_deleted) VALUES (5352,'PRESENTATION', 20, '', 'LESSON-2', 'NONE', 2, 'now','f');
INSERT INTO lesson_cmsession (lesson_id, cmsession_id) VALUES (5352, 888);
INSERT INTO lesson (id, type, duration, tags, title, subject, order_id, created_at, is_deleted) VALUES (5353,'PRESENTATION', 20, '', 'LESSON-3', 'NONE', 3, 'now','f');
INSERT INTO lesson_cmsession (lesson_id, cmsession_id) VALUES (5353, 888);
INSERT INTO lesson (id, type, duration, tags, title, subject, order_id, created_at, is_deleted) VALUES (5354,'PRESENTATION', 20, '', 'LESSON-4', 'NONE', 4, 'now','f');
INSERT INTO lesson_cmsession (lesson_id, cmsession_id) VALUES (5354, 888);
INSERT INTO lesson (id, type, duration, tags, title, subject, order_id, created_at, is_deleted) VALUES (5355,'PRESENTATION', 20, '', 'LESSON-5', 'NONE', 5, 'now','f');
INSERT INTO lesson_cmsession (lesson_id, cmsession_id) VALUES (5355, 888);
INSERT INTO lesson (id, type, duration, tags, title, subject, order_id, created_at, is_deleted) VALUES (5356,'PRESENTATION', 20, '', 'LESSON-6', 'NONE', 6, 'now','f');
INSERT INTO lesson_cmsession (lesson_id, cmsession_id) VALUES (5356, 888);
INSERT INTO cmsession (id, title, description, order_id, created_at, is_deleted) VALUES (889, 'Oracle', 'Oracle', 27, 'now', 'f');
INSERT INTO cmsession_module (cmsession_id, module_id) VALUES (889, 224);
INSERT INTO lesson (id, type, duration, tags, title, subject, order_id, created_at, is_deleted) VALUES (5357,'PRESENTATION', 20, '', 'LESSON-1', 'NONE', 1, 'now','f');
INSERT INTO lesson_cmsession (lesson_id, cmsession_id) VALUES (5357, 889);
INSERT INTO lesson (id, type, duration, tags, title, subject, order_id, created_at, is_deleted) VALUES (5358,'PRESENTATION', 20, '', 'LESSON-2', 'NONE', 2, 'now','f');
INSERT INTO lesson_cmsession (lesson_id, cmsession_id) VALUES (5358, 889);
INSERT INTO lesson (id, type, duration, tags, title, subject, order_id, created_at, is_deleted) VALUES (5359,'PRESENTATION', 20, '', 'LESSON-3', 'NONE', 3, 'now','f');
INSERT INTO lesson_cmsession (lesson_id, cmsession_id) VALUES (5359, 889);
INSERT INTO lesson (id, type, duration, tags, title, subject, order_id, created_at, is_deleted) VALUES (5360,'PRESENTATION', 20, '', 'LESSON-4', 'NONE', 4, 'now','f');
INSERT INTO lesson_cmsession (lesson_id, cmsession_id) VALUES (5360, 889);
INSERT INTO lesson (id, type, duration, tags, title, subject, order_id, created_at, is_deleted) VALUES (5361,'PRESENTATION', 20, '', 'LESSON-5', 'NONE', 5, 'now','f');
INSERT INTO lesson_cmsession (lesson_id, cmsession_id) VALUES (5361, 889);
INSERT INTO lesson (id, type, duration, tags, title, subject, order_id, created_at, is_deleted) VALUES (5362,'PRESENTATION', 20, '', 'LESSON-6', 'NONE', 6, 'now','f');
INSERT INTO lesson_cmsession (lesson_id, cmsession_id) VALUES (5362, 889);
INSERT INTO cmsession (id, title, description, order_id, created_at, is_deleted) VALUES (890, 'HP', 'HP', 28, 'now', 'f');
INSERT INTO cmsession_module (cmsession_id, module_id) VALUES (890, 224);
INSERT INTO lesson (id, type, duration, tags, title, subject, order_id, created_at, is_deleted) VALUES (5363,'PRESENTATION', 20, '', 'LESSON-1', 'NONE', 1, 'now','f');
INSERT INTO lesson_cmsession (lesson_id, cmsession_id) VALUES (5363, 890);
INSERT INTO lesson (id, type, duration, tags, title, subject, order_id, created_at, is_deleted) VALUES (5364,'PRESENTATION', 20, '', 'LESSON-2', 'NONE', 2, 'now','f');
INSERT INTO lesson_cmsession (lesson_id, cmsession_id) VALUES (5364, 890);
INSERT INTO lesson (id, type, duration, tags, title, subject, order_id, created_at, is_deleted) VALUES (5365,'PRESENTATION', 20, '', 'LESSON-3', 'NONE', 3, 'now','f');
INSERT INTO lesson_cmsession (lesson_id, cmsession_id) VALUES (5365, 890);
INSERT INTO lesson (id, type, duration, tags, title, subject, order_id, created_at, is_deleted) VALUES (5366,'PRESENTATION', 20, '', 'LESSON-4', 'NONE', 4, 'now','f');
INSERT INTO lesson_cmsession (lesson_id, cmsession_id) VALUES (5366, 890);
INSERT INTO lesson (id, type, duration, tags, title, subject, order_id, created_at, is_deleted) VALUES (5367,'PRESENTATION', 20, '', 'LESSON-5', 'NONE', 5, 'now','f');
INSERT INTO lesson_cmsession (lesson_id, cmsession_id) VALUES (5367, 890);
INSERT INTO lesson (id, type, duration, tags, title, subject, order_id, created_at, is_deleted) VALUES (5368,'PRESENTATION', 20, '', 'LESSON-6', 'NONE', 6, 'now','f');
INSERT INTO lesson_cmsession (lesson_id, cmsession_id) VALUES (5368, 890);
INSERT INTO cmsession (id, title, description, order_id, created_at, is_deleted) VALUES (891, 'SAP', 'SAP', 29, 'now', 'f');
INSERT INTO cmsession_module (cmsession_id, module_id) VALUES (891, 224);
INSERT INTO lesson (id, type, duration, tags, title, subject, order_id, created_at, is_deleted) VALUES (5369,'PRESENTATION', 20, '', 'LESSON-1', 'NONE', 1, 'now','f');
INSERT INTO lesson_cmsession (lesson_id, cmsession_id) VALUES (5369, 891);
INSERT INTO lesson (id, type, duration, tags, title, subject, order_id, created_at, is_deleted) VALUES (5370,'PRESENTATION', 20, '', 'LESSON-2', 'NONE', 2, 'now','f');
INSERT INTO lesson_cmsession (lesson_id, cmsession_id) VALUES (5370, 891);
INSERT INTO lesson (id, type, duration, tags, title, subject, order_id, created_at, is_deleted) VALUES (5371,'PRESENTATION', 20, '', 'LESSON-3', 'NONE', 3, 'now','f');
INSERT INTO lesson_cmsession (lesson_id, cmsession_id) VALUES (5371, 891);
INSERT INTO lesson (id, type, duration, tags, title, subject, order_id, created_at, is_deleted) VALUES (5372,'PRESENTATION', 20, '', 'LESSON-4', 'NONE', 4, 'now','f');
INSERT INTO lesson_cmsession (lesson_id, cmsession_id) VALUES (5372, 891);
INSERT INTO lesson (id, type, duration, tags, title, subject, order_id, created_at, is_deleted) VALUES (5373,'PRESENTATION', 20, '', 'LESSON-5', 'NONE', 5, 'now','f');
INSERT INTO lesson_cmsession (lesson_id, cmsession_id) VALUES (5373, 891);
INSERT INTO lesson (id, type, duration, tags, title, subject, order_id, created_at, is_deleted) VALUES (5374,'PRESENTATION', 20, '', 'LESSON-6', 'NONE', 6, 'now','f');
INSERT INTO lesson_cmsession (lesson_id, cmsession_id) VALUES (5374, 891);
INSERT INTO cmsession (id, title, description, order_id, created_at, is_deleted) VALUES (892, 'Capgemini', 'Capgemini', 30, 'now', 'f');
INSERT INTO cmsession_module (cmsession_id, module_id) VALUES (892, 224);
INSERT INTO lesson (id, type, duration, tags, title, subject, order_id, created_at, is_deleted) VALUES (5375,'PRESENTATION', 20, '', 'LESSON-1', 'NONE', 1, 'now','f');
INSERT INTO lesson_cmsession (lesson_id, cmsession_id) VALUES (5375, 892);
INSERT INTO lesson (id, type, duration, tags, title, subject, order_id, created_at, is_deleted) VALUES (5376,'PRESENTATION', 20, '', 'LESSON-2', 'NONE', 2, 'now','f');
INSERT INTO lesson_cmsession (lesson_id, cmsession_id) VALUES (5376, 892);
INSERT INTO lesson (id, type, duration, tags, title, subject, order_id, created_at, is_deleted) VALUES (5377,'PRESENTATION', 20, '', 'LESSON-3', 'NONE', 3, 'now','f');
INSERT INTO lesson_cmsession (lesson_id, cmsession_id) VALUES (5377, 892);
INSERT INTO lesson (id, type, duration, tags, title, subject, order_id, created_at, is_deleted) VALUES (5378,'PRESENTATION', 20, '', 'LESSON-4', 'NONE', 4, 'now','f');
INSERT INTO lesson_cmsession (lesson_id, cmsession_id) VALUES (5378, 892);
INSERT INTO lesson (id, type, duration, tags, title, subject, order_id, created_at, is_deleted) VALUES (5379,'PRESENTATION', 20, '', 'LESSON-5', 'NONE', 5, 'now','f');
INSERT INTO lesson_cmsession (lesson_id, cmsession_id) VALUES (5379, 892);
INSERT INTO lesson (id, type, duration, tags, title, subject, order_id, created_at, is_deleted) VALUES (5380,'PRESENTATION', 20, '', 'LESSON-6', 'NONE', 6, 'now','f');
INSERT INTO lesson_cmsession (lesson_id, cmsession_id) VALUES (5380, 892);
INSERT INTO cmsession (id, title, description, order_id, created_at, is_deleted) VALUES (893, 'Mphasis', 'Mphasis', 31, 'now', 'f');
INSERT INTO cmsession_module (cmsession_id, module_id) VALUES (893, 224);
INSERT INTO lesson (id, type, duration, tags, title, subject, order_id, created_at, is_deleted) VALUES (5381,'PRESENTATION', 20, '', 'LESSON-1', 'NONE', 1, 'now','f');
INSERT INTO lesson_cmsession (lesson_id, cmsession_id) VALUES (5381, 893);
INSERT INTO lesson (id, type, duration, tags, title, subject, order_id, created_at, is_deleted) VALUES (5382,'PRESENTATION', 20, '', 'LESSON-2', 'NONE', 2, 'now','f');
INSERT INTO lesson_cmsession (lesson_id, cmsession_id) VALUES (5382, 893);
INSERT INTO lesson (id, type, duration, tags, title, subject, order_id, created_at, is_deleted) VALUES (5383,'PRESENTATION', 20, '', 'LESSON-3', 'NONE', 3, 'now','f');
INSERT INTO lesson_cmsession (lesson_id, cmsession_id) VALUES (5383, 893);
INSERT INTO lesson (id, type, duration, tags, title, subject, order_id, created_at, is_deleted) VALUES (5384,'PRESENTATION', 20, '', 'LESSON-4', 'NONE', 4, 'now','f');
INSERT INTO lesson_cmsession (lesson_id, cmsession_id) VALUES (5384, 893);
INSERT INTO lesson (id, type, duration, tags, title, subject, order_id, created_at, is_deleted) VALUES (5385,'PRESENTATION', 20, '', 'LESSON-5', 'NONE', 5, 'now','f');
INSERT INTO lesson_cmsession (lesson_id, cmsession_id) VALUES (5385, 893);
INSERT INTO lesson (id, type, duration, tags, title, subject, order_id, created_at, is_deleted) VALUES (5386,'PRESENTATION', 20, '', 'LESSON-6', 'NONE', 6, 'now','f');
INSERT INTO lesson_cmsession (lesson_id, cmsession_id) VALUES (5386, 893);
INSERT INTO module (id, module_name, order_id, is_deleted) VALUES (225, 'BFSI', 2, 'f');
INSERT INTO module_course (module_id, course_id) VALUES (225, 21);
INSERT INTO module (id, module_name, order_id, is_deleted) VALUES (245, 'Benchmark Test', 3, 'f');
INSERT INTO module_course (module_id, course_id) VALUES (245, 21);
INSERT INTO cmsession (id, title, description, order_id, created_at, is_deleted) VALUES (994, 'Benchmarking Test', 'Benchmarking Test', 1, 'now', 'f');
INSERT INTO cmsession_module (cmsession_id, module_id) VALUES (994, 245);
INSERT INTO module (id, module_name, order_id, is_deleted) VALUES (466, 'Direct Tax_Theory', 4, 'f');
INSERT INTO module_course (module_id, course_id) VALUES (466, 21);
INSERT INTO cmsession (id, title, description, order_id, created_at, is_deleted) VALUES (1037, 'Midterm assessments- DT Theory', 'Mid term assessments- DT theory', 1, 'now', 'f');
INSERT INTO cmsession_module (cmsession_id, module_id) VALUES (1037, 466);
INSERT INTO module (id, module_name, order_id, is_deleted) VALUES (467, 'Direct Tax_Skills', 5, 'f');
INSERT INTO module_course (module_id, course_id) VALUES (467, 21);
INSERT INTO module (id, module_name, order_id, is_deleted) VALUES (468, 'Sales', 6, 'f');
INSERT INTO module_course (module_id, course_id) VALUES (468, 21);
INSERT INTO module (id, module_name, order_id, is_deleted) VALUES (469, 'Tally ERP Level I', 7, 'f');
INSERT INTO module_course (module_id, course_id) VALUES (469, 21);
INSERT INTO cmsession (id, title, description, order_id, created_at, is_deleted) VALUES (998, 'Mid term assessments', 'Mid term assessments', 1, 'now', 'f');
INSERT INTO cmsession_module (cmsession_id, module_id) VALUES (998, 469);
INSERT INTO cmsession (id, title, description, order_id, created_at, is_deleted) VALUES (1458, 'Pre-assessment', 'Pre-assessment test', 2, 'now', 'f');
INSERT INTO cmsession_module (cmsession_id, module_id) VALUES (1458, 469);
INSERT INTO module (id, module_name, order_id, is_deleted) VALUES (470, 'Tally ERP Level II', 8, 'f');
INSERT INTO module_course (module_id, course_id) VALUES (470, 21);
INSERT INTO module (id, module_name, order_id, is_deleted) VALUES (471, 'Tally ERP Level III', 9, 'f');
INSERT INTO module_course (module_id, course_id) VALUES (471, 21);
INSERT INTO module (id, module_name, order_id, is_deleted) VALUES (472, 'Tally ERP 1.1', 10, 'f');
INSERT INTO module_course (module_id, course_id) VALUES (472, 21);
INSERT INTO cmsession (id, title, description, order_id, created_at, is_deleted) VALUES (1508, 'Midterm assessments_Tally1.1', 'Mid term assessments- Tally1.1', 1, 'now', 'f');
INSERT INTO cmsession_module (cmsession_id, module_id) VALUES (1508, 472);
INSERT INTO module (id, module_name, order_id, is_deleted) VALUES (473, 'Market Research', 11, 'f');
INSERT INTO module_course (module_id, course_id) VALUES (473, 21);
INSERT INTO cmsession (id, title, description, order_id, created_at, is_deleted) VALUES (1370, 'Final Assessment', 'Final assessment in Market Research', 2, 'now', 'f');
INSERT INTO cmsession_module (cmsession_id, module_id) VALUES (1370, 473);
INSERT INTO cmsession (id, title, description, order_id, created_at, is_deleted) VALUES (1082, '31_Mid-term Assessments', 'Mid- term assessments for MR', 1, 'now', 'f');
INSERT INTO cmsession_module (cmsession_id, module_id) VALUES (1082, 473);
INSERT INTO module (id, module_name, order_id, is_deleted) VALUES (474, 'Asset Management', 12, 'f');
INSERT INTO module_course (module_id, course_id) VALUES (474, 21);
INSERT INTO cmsession (id, title, description, order_id, created_at, is_deleted) VALUES (1039, 'Mid term assessment', 'Assessment on sessions 1-8', 1, 'now', 'f');
INSERT INTO cmsession_module (cmsession_id, module_id) VALUES (1039, 474);
INSERT INTO module (id, module_name, order_id, is_deleted) VALUES (475, 'Digital Marketing', 13, 'f');
INSERT INTO module_course (module_id, course_id) VALUES (475, 21);
INSERT INTO cmsession (id, title, description, order_id, created_at, is_deleted) VALUES (1485, 'Mid- term Assessment_DM', 'Mid- term Assessment', 1, 'now', 'f');
INSERT INTO cmsession_module (cmsession_id, module_id) VALUES (1485, 475);
INSERT INTO module (id, module_name, order_id, is_deleted) VALUES (476, 'Finance and Accounting analysis', 14, 'f');
INSERT INTO module_course (module_id, course_id) VALUES (476, 21);
INSERT INTO module (id, module_name, order_id, is_deleted) VALUES (477, 'Banking', 15, 'f');
INSERT INTO module_course (module_id, course_id) VALUES (477, 21);
INSERT INTO cmsession (id, title, description, order_id, created_at, is_deleted) VALUES (1001, 'Mid term assessment', 'This is an assessment for the fist 10 sessions of banking', 1, 'now', 'f');
INSERT INTO cmsession_module (cmsession_id, module_id) VALUES (1001, 477);
INSERT INTO lesson (id, type, duration, tags, title, subject, order_id, created_at, is_deleted) VALUES (5604,'PRESENTATION', 20, 'Banking mid term', 'Mid term assessment', 'NONE', 1, 'now','f');
INSERT INTO lesson_cmsession (lesson_id, cmsession_id) VALUES (5604, 1001);
INSERT INTO module (id, module_name, order_id, is_deleted) VALUES (478, 'Applied economics', 16, 'f');
INSERT INTO module_course (module_id, course_id) VALUES (478, 21);
INSERT INTO module (id, module_name, order_id, is_deleted) VALUES (479, 'Java- Basics', 17, 'f');
INSERT INTO module_course (module_id, course_id) VALUES (479, 21);
INSERT INTO cmsession (id, title, description, order_id, created_at, is_deleted) VALUES (1519, 'Midterm - Java', 'Assessment for Java', 1, 'now', 'f');
INSERT INTO cmsession_module (cmsession_id, module_id) VALUES (1519, 479);
INSERT INTO cmsession (id, title, description, order_id, created_at, is_deleted) VALUES (1521, 'Final Assessment', 'Assessment for Java', null, 'now', 'f');
INSERT INTO cmsession_module (cmsession_id, module_id) VALUES (1521, 479);
INSERT INTO module (id, module_name, order_id, is_deleted) VALUES (480, 'UI Developer', 18, 'f');
INSERT INTO module_course (module_id, course_id) VALUES (480, 21);
INSERT INTO cmsession (id, title, description, order_id, created_at, is_deleted) VALUES (1171, 'Midterm assessment 1', 'Midterm assessment 1', 1, 'now', 'f');
INSERT INTO cmsession_module (cmsession_id, module_id) VALUES (1171, 480);
INSERT INTO module (id, module_name, order_id, is_deleted) VALUES (481, 'Web developer (BE)', 19, 'f');
INSERT INTO module_course (module_id, course_id) VALUES (481, 21);
INSERT INTO module (id, module_name, order_id, is_deleted) VALUES (482, 'Web Developer (FE)', 20, 'f');
INSERT INTO module_course (module_id, course_id) VALUES (482, 21);
INSERT INTO module (id, module_name, order_id, is_deleted) VALUES (483, 'HR-recruitment', 21, 'f');
INSERT INTO module_course (module_id, course_id) VALUES (483, 21);
INSERT INTO course (id, course_name, course_description, tags, created_at) VALUES (22, 'CareerPrep Tests', 'Entrance Tests of TCS, Cognizant, Infosys, Accenture, Tech Mahindra, Wipro, I-gate, Mindtree, Mu Sigma, IBM, Oracle, HP, Mphasis, SAP', NULL, 'now');
INSERT INTO module (id, module_name, order_id, is_deleted) VALUES (226, 'IT-CP', 1, 'f');
INSERT INTO module_course (module_id, course_id) VALUES (226, 22);
INSERT INTO cmsession (id, title, description, order_id, created_at, is_deleted) VALUES (899, 'Wipro', 'This session tests the students understanding of verbal and logical reasoning', 6, 'now', 'f');
INSERT INTO cmsession_module (cmsession_id, module_id) VALUES (899, 226);
INSERT INTO cmsession (id, title, description, order_id, created_at, is_deleted) VALUES (894, 'TCS', 'This session tests the students understanding of logical reasoning and quant', 1, 'now', 'f');
INSERT INTO cmsession_module (cmsession_id, module_id) VALUES (894, 226);
INSERT INTO cmsession (id, title, description, order_id, created_at, is_deleted) VALUES (895, 'Cognizant', 'This session tests the students understanding of verbal and logical reasoning', 2, 'now', 'f');
INSERT INTO cmsession_module (cmsession_id, module_id) VALUES (895, 226);
INSERT INTO cmsession (id, title, description, order_id, created_at, is_deleted) VALUES (896, 'Accenture', 'This session tests the students on English grammar, logical reasoning and quantitative aptitude.', 3, 'now', 'f');
INSERT INTO cmsession_module (cmsession_id, module_id) VALUES (896, 226);
INSERT INTO cmsession (id, title, description, order_id, created_at, is_deleted) VALUES (897, 'Infosys', 'This session tests the students on English grammar, logical reasoning and quantitative aptitude.', 4, 'now', 'f');
INSERT INTO cmsession_module (cmsession_id, module_id) VALUES (897, 226);
INSERT INTO cmsession (id, title, description, order_id, created_at, is_deleted) VALUES (898, 'Tech Mahindra', 'This session tests the students understanding of verbal and logical reasoning', 5, 'now', 'f');
INSERT INTO cmsession_module (cmsession_id, module_id) VALUES (898, 226);
INSERT INTO cmsession (id, title, description, order_id, created_at, is_deleted) VALUES (900, 'Igate', 'This session tests the students understanding of Quantitative aptitude and problem solving and verbal reasoning.', 7, 'now', 'f');
INSERT INTO cmsession_module (cmsession_id, module_id) VALUES (900, 226);
INSERT INTO cmsession (id, title, description, order_id, created_at, is_deleted) VALUES (901, 'Mindtree', 'This session tests the students understanding of Quantitative aptitude and problem solving', 8, 'now', 'f');
INSERT INTO cmsession_module (cmsession_id, module_id) VALUES (901, 226);
INSERT INTO cmsession (id, title, description, order_id, created_at, is_deleted) VALUES (902, 'Mu Sigma', 'This session tests the students understanding of verbal and logical reasoning', 9, 'now', 'f');
INSERT INTO cmsession_module (cmsession_id, module_id) VALUES (902, 226);
INSERT INTO cmsession (id, title, description, order_id, created_at, is_deleted) VALUES (903, 'IBM', 'This session tests the students understanding of verbal and logical reasoning', 10, 'now', 'f');
INSERT INTO cmsession_module (cmsession_id, module_id) VALUES (903, 226);
INSERT INTO cmsession (id, title, description, order_id, created_at, is_deleted) VALUES (904, 'Oracle', 'This session tests the students understanding of verbal and logical reasoning', 11, 'now', 'f');
INSERT INTO cmsession_module (cmsession_id, module_id) VALUES (904, 226);
INSERT INTO cmsession (id, title, description, order_id, created_at, is_deleted) VALUES (905, 'HP', 'This session tests the students on English grammar, logical reasoning and quantitative', 12, 'now', 'f');
INSERT INTO cmsession_module (cmsession_id, module_id) VALUES (905, 226);
INSERT INTO cmsession (id, title, description, order_id, created_at, is_deleted) VALUES (906, 'Mphasis', 'This session tests the students understanding of verbal and logical reasoning', 13, 'now', 'f');
INSERT INTO cmsession_module (cmsession_id, module_id) VALUES (906, 226);
INSERT INTO cmsession (id, title, description, order_id, created_at, is_deleted) VALUES (907, 'SAP', 'This session tests the students understanding of verbal and logical reasoning', 14, 'now', 'f');
INSERT INTO cmsession_module (cmsession_id, module_id) VALUES (907, 226);
INSERT INTO cmsession (id, title, description, order_id, created_at, is_deleted) VALUES (908, 'Capegemini', 'This session tests the students understanding of verbal and logical reasoning', 15, 'now', 'f');
INSERT INTO cmsession_module (cmsession_id, module_id) VALUES (908, 226);
INSERT INTO cmsession (id, title, description, order_id, created_at, is_deleted) VALUES (1000, 'Benchmarking test', 'To determine the students skill and ability to attempt questions in aptitude tests of companies', 16, 'now', 'f');
INSERT INTO cmsession_module (cmsession_id, module_id) VALUES (1000, 226);
INSERT INTO lesson (id, type, duration, tags, title, subject, order_id, created_at, is_deleted) VALUES (5600,'PRESENTATION', 60, 'benchmarking,aptitude test', 'Benchmarking tests', 'NONE', 1, 'now','f');
INSERT INTO lesson_cmsession (lesson_id, cmsession_id) VALUES (5600, 1000);
INSERT INTO course (id, course_name, course_description, tags, created_at) VALUES (23, 'Careerprep Verbal Reasoning', 'Strategies for tenses, reading comprehension and grammar concepts for the verbal aptitude section of interview tests', NULL, 'now');
INSERT INTO module (id, module_name, order_id, is_deleted) VALUES (229, 'Grammar', 1, 'f');
INSERT INTO module_course (module_id, course_id) VALUES (229, 23);
INSERT INTO cmsession (id, title, description, order_id, created_at, is_deleted) VALUES (926, 'Articles and part of speech', 'This session helps the students understand articles as one of the elements of parts of speech and how to use articles while framing sentences', 1, 'now', 'f');
INSERT INTO cmsession_module (cmsession_id, module_id) VALUES (926, 229);
INSERT INTO lesson (id, type, duration, tags, title, subject, order_id, created_at, is_deleted) VALUES (5501,'PRESENTATION', 60, 'articles', 'Articles', 'NONE', 1, 'now','f');
INSERT INTO lesson_cmsession (lesson_id, cmsession_id) VALUES (5501, 926);
INSERT INTO cmsession (id, title, description, order_id, created_at, is_deleted) VALUES (932, 'Tenses', 'This session helps the students understand the use of tenses and how to change verb forms to indicate tenses', 2, 'now', 'f');
INSERT INTO cmsession_module (cmsession_id, module_id) VALUES (932, 229);
INSERT INTO lesson (id, type, duration, tags, title, subject, order_id, created_at, is_deleted) VALUES (5408,'PRESENTATION', 60, 'tenses', 'Tenses', 'NONE', 1, 'now','f');
INSERT INTO lesson_cmsession (lesson_id, cmsession_id) VALUES (5408, 932);
INSERT INTO cmsession (id, title, description, order_id, created_at, is_deleted) VALUES (927, 'Sentence construction, modifiers', 'Descriptions', 3, 'now', 'f');
INSERT INTO cmsession_module (cmsession_id, module_id) VALUES (927, 229);
INSERT INTO lesson (id, type, duration, tags, title, subject, order_id, created_at, is_deleted) VALUES (5521,'PRESENTATION', 60, '', 'Sentence Rearrangement', 'none', 1, 'now','f');
INSERT INTO lesson_cmsession (lesson_id, cmsession_id) VALUES (5521, 927);
INSERT INTO cmsession (id, title, description, order_id, created_at, is_deleted) VALUES (928, 'Parallelism', 'Descriptions', 4, 'now', 'f');
INSERT INTO cmsession_module (cmsession_id, module_id) VALUES (928, 229);
INSERT INTO lesson (id, type, duration, tags, title, subject, order_id, created_at, is_deleted) VALUES (5575,'PRESENTATION', 60, 'Analogy,parallelism', 'Analogy', 'NONE', 3, 'now','f');
INSERT INTO lesson_cmsession (lesson_id, cmsession_id) VALUES (5575, 928);
INSERT INTO cmsession (id, title, description, order_id, created_at, is_deleted) VALUES (929, 'Prepositions', 'Descriptions', 5, 'now', 'f');
INSERT INTO cmsession_module (cmsession_id, module_id) VALUES (929, 229);
INSERT INTO cmsession (id, title, description, order_id, created_at, is_deleted) VALUES (930, 'Cases of pronoun and pronoun antecedent agreement', 'Descriptions', 6, 'now', 'f');
INSERT INTO cmsession_module (cmsession_id, module_id) VALUES (930, 229);
INSERT INTO cmsession (id, title, description, order_id, created_at, is_deleted) VALUES (931, 'Subject verb agreement', 'Descriptions', 7, 'now', 'f');
INSERT INTO cmsession_module (cmsession_id, module_id) VALUES (931, 229);
INSERT INTO cmsession (id, title, description, order_id, created_at, is_deleted) VALUES (933, 'Subjunctive and conditionals', 'Descriptions', 8, 'now', 'f');
INSERT INTO cmsession_module (cmsession_id, module_id) VALUES (933, 229);
INSERT INTO module (id, module_name, order_id, is_deleted) VALUES (227, 'Introduction', 2, 'f');
INSERT INTO module_course (module_id, course_id) VALUES (227, 23);
INSERT INTO cmsession (id, title, description, order_id, created_at, is_deleted) VALUES (909, 'Reading comprehension, vocabulary, grammar, verbal reasoning', 'Descriptions', 1, 'now', 'f');
INSERT INTO cmsession_module (cmsession_id, module_id) VALUES (909, 227);
INSERT INTO lesson (id, type, duration, tags, title, subject, order_id, created_at, is_deleted) VALUES (5763,'PRESENTATION', 60, '', 'Reading Comprehension_Theory', 'none', 3, 'now','f');
INSERT INTO lesson_cmsession (lesson_id, cmsession_id) VALUES (5763, 909);
INSERT INTO lesson (id, type, duration, tags, title, subject, order_id, created_at, is_deleted) VALUES (5841,'PRESENTATION', 60, '', 'Sentence Completion theory', 'none', 6, 'now','f');
INSERT INTO lesson_cmsession (lesson_id, cmsession_id) VALUES (5841, 909);
INSERT INTO cmsession (id, title, description, order_id, created_at, is_deleted) VALUES (977, 'Logical reasoning', 'Logical reasoning', 2, 'now', 'f');
INSERT INTO cmsession_module (cmsession_id, module_id) VALUES (977, 227);
INSERT INTO lesson (id, type, duration, tags, title, subject, order_id, created_at, is_deleted) VALUES (5410,'PRESENTATION', 20, '', 'LESSON-1', 'NONE', 1, 'now','f');
INSERT INTO lesson_cmsession (lesson_id, cmsession_id) VALUES (5410, 977);
INSERT INTO lesson (id, type, duration, tags, title, subject, order_id, created_at, is_deleted) VALUES (5411,'PRESENTATION', 20, '', 'LESSON-2', 'NONE', 2, 'now','f');
INSERT INTO lesson_cmsession (lesson_id, cmsession_id) VALUES (5411, 977);
INSERT INTO lesson (id, type, duration, tags, title, subject, order_id, created_at, is_deleted) VALUES (5412,'PRESENTATION', 20, '', 'LESSON-3', 'NONE', 3, 'now','f');
INSERT INTO lesson_cmsession (lesson_id, cmsession_id) VALUES (5412, 977);
INSERT INTO lesson (id, type, duration, tags, title, subject, order_id, created_at, is_deleted) VALUES (5413,'PRESENTATION', 20, '', 'LESSON-4', 'NONE', 4, 'now','f');
INSERT INTO lesson_cmsession (lesson_id, cmsession_id) VALUES (5413, 977);
INSERT INTO lesson (id, type, duration, tags, title, subject, order_id, created_at, is_deleted) VALUES (5414,'PRESENTATION', 20, '', 'LESSON-5', 'NONE', 5, 'now','f');
INSERT INTO lesson_cmsession (lesson_id, cmsession_id) VALUES (5414, 977);
INSERT INTO lesson (id, type, duration, tags, title, subject, order_id, created_at, is_deleted) VALUES (5415,'PRESENTATION', 20, '', 'LESSON-6', 'NONE', 6, 'now','f');
INSERT INTO lesson_cmsession (lesson_id, cmsession_id) VALUES (5415, 977);
INSERT INTO module (id, module_name, order_id, is_deleted) VALUES (228, 'Vocabulary', 3, 'f');
INSERT INTO module_course (module_id, course_id) VALUES (228, 23);
INSERT INTO cmsession (id, title, description, order_id, created_at, is_deleted) VALUES (920, 'Roots, Prefixes and suffixes', 'Descriptions', 1, 'now', 'f');
INSERT INTO cmsession_module (cmsession_id, module_id) VALUES (920, 228);
INSERT INTO cmsession (id, title, description, order_id, created_at, is_deleted) VALUES (922, 'Homophones and other confusing words', 'Descriptions', 2, 'now', 'f');
INSERT INTO cmsession_module (cmsession_id, module_id) VALUES (922, 228);
INSERT INTO lesson (id, type, duration, tags, title, subject, order_id, created_at, is_deleted) VALUES (5568,'PRESENTATION', 60, 'homophones', 'Homophones content', 'NONE', 3, 'now','f');
INSERT INTO lesson_cmsession (lesson_id, cmsession_id) VALUES (5568, 922);
INSERT INTO cmsession (id, title, description, order_id, created_at, is_deleted) VALUES (921, 'Frequently misspelled words', 'Descriptions', 3, 'now', 'f');
INSERT INTO cmsession_module (cmsession_id, module_id) VALUES (921, 228);
INSERT INTO cmsession (id, title, description, order_id, created_at, is_deleted) VALUES (925, 'Sentence completion', 'Descriptions', 4, 'now', 'f');
INSERT INTO cmsession_module (cmsession_id, module_id) VALUES (925, 228);
INSERT INTO lesson (id, type, duration, tags, title, subject, order_id, created_at, is_deleted) VALUES (5571,'PRESENTATION', 15, 'Sentence Completion', 'Sentence Completion', 'none', 3, 'now','f');
INSERT INTO lesson_cmsession (lesson_id, cmsession_id) VALUES (5571, 925);
INSERT INTO cmsession (id, title, description, order_id, created_at, is_deleted) VALUES (923, 'Specialised terms', 'Descriptions', 5, 'now', 'f');
INSERT INTO cmsession_module (cmsession_id, module_id) VALUES (923, 228);
INSERT INTO cmsession (id, title, description, order_id, created_at, is_deleted) VALUES (924, 'Phrasal verbs', 'Descriptions', 6, 'now', 'f');
INSERT INTO cmsession_module (cmsession_id, module_id) VALUES (924, 228);
INSERT INTO module (id, module_name, order_id, is_deleted) VALUES (230, 'Reading comprehension', 4, 'f');
INSERT INTO module_course (module_id, course_id) VALUES (230, 23);
INSERT INTO cmsession (id, title, description, order_id, created_at, is_deleted) VALUES (934, 'Types of passages and tone', 'Descriptions', 1, 'now', 'f');
INSERT INTO cmsession_module (cmsession_id, module_id) VALUES (934, 230);
INSERT INTO cmsession (id, title, description, order_id, created_at, is_deleted) VALUES (935, 'Jumbled paragraphs', 'Descriptions', 2, 'now', 'f');
INSERT INTO cmsession_module (cmsession_id, module_id) VALUES (935, 230);
INSERT INTO cmsession (id, title, description, order_id, created_at, is_deleted) VALUES (936, 'Incorrect sentence in context questions', 'Descriptions', 3, 'now', 'f');
INSERT INTO cmsession_module (cmsession_id, module_id) VALUES (936, 230);
INSERT INTO cmsession (id, title, description, order_id, created_at, is_deleted) VALUES (937, 'RC question types', 'Descriptions', 4, 'now', 'f');
INSERT INTO cmsession_module (cmsession_id, module_id) VALUES (937, 230);
INSERT INTO cmsession (id, title, description, order_id, created_at, is_deleted) VALUES (938, 'Strategies for tackling RC passages', 'Descriptions', 5, 'now', 'f');
INSERT INTO cmsession_module (cmsession_id, module_id) VALUES (938, 230);
INSERT INTO module (id, module_name, order_id, is_deleted) VALUES (231, 'Verbal Reasoning', 5, 'f');
INSERT INTO module_course (module_id, course_id) VALUES (231, 23);
INSERT INTO cmsession (id, title, description, order_id, created_at, is_deleted) VALUES (939, 'Syllogisms', 'Descriptions', 1, 'now', 'f');
INSERT INTO cmsession_module (cmsession_id, module_id) VALUES (939, 231);
INSERT INTO cmsession (id, title, description, order_id, created_at, is_deleted) VALUES (940, 'Introduction to critical reasoning-constructing an argument', 'Descriptions', 2, 'now', 'f');
INSERT INTO cmsession_module (cmsession_id, module_id) VALUES (940, 231);
INSERT INTO cmsession (id, title, description, order_id, created_at, is_deleted) VALUES (941, 'Critical reasoning, summary questions', 'Descriptions', 3, 'now', 'f');
INSERT INTO cmsession_module (cmsession_id, module_id) VALUES (941, 231);
INSERT INTO cmsession (id, title, description, order_id, created_at, is_deleted) VALUES (942, 'Paragraph completion questions and definition based questions', 'Descriptions', 4, 'now', 'f');
INSERT INTO cmsession_module (cmsession_id, module_id) VALUES (942, 231);
INSERT INTO cmsession (id, title, description, order_id, created_at, is_deleted) VALUES (943, 'Multiple usage and analogies', 'Descriptions', 5, 'now', 'f');
INSERT INTO cmsession_module (cmsession_id, module_id) VALUES (943, 231);
INSERT INTO course (id, course_name, course_description, tags, created_at) VALUES (24, 'Careerprep Data Interpretation ', 'Data representation, graphs, diagrams, observational, calculative, approximations, percentages', NULL, 'now');
INSERT INTO module (id, module_name, order_id, is_deleted) VALUES (232, 'Introduction', 1, 'f');
INSERT INTO module_course (module_id, course_id) VALUES (232, 24);
INSERT INTO cmsession (id, title, description, order_id, created_at, is_deleted) VALUES (944, 'Data representation,graphs,diagrams', 'Descriptions', 1, 'now', 'f');
INSERT INTO cmsession_module (cmsession_id, module_id) VALUES (944, 232);
INSERT INTO module (id, module_name, order_id, is_deleted) VALUES (234, 'Graphs', 2, 'f');
INSERT INTO module_course (module_id, course_id) VALUES (234, 24);
INSERT INTO cmsession (id, title, description, order_id, created_at, is_deleted) VALUES (947, 'Bar graph and line graph', 'This lesson will help the student to understand the basics of bar graph and strategy to solve the bar graph problem', 1, 'now', 'f');
INSERT INTO cmsession_module (cmsession_id, module_id) VALUES (947, 234);
INSERT INTO lesson (id, type, duration, tags, title, subject, order_id, created_at, is_deleted) VALUES (5500,'PRESENTATION', 60, 'Graphs', 'Bar Graphs', 'NONE', 1, 'now','f');
INSERT INTO lesson_cmsession (lesson_id, cmsession_id) VALUES (5500, 947);
INSERT INTO module (id, module_name, order_id, is_deleted) VALUES (233, 'Data representation', 3, 'f');
INSERT INTO module_course (module_id, course_id) VALUES (233, 24);
INSERT INTO cmsession (id, title, description, order_id, created_at, is_deleted) VALUES (945, 'Observational and calculative', 'Descriptions', 1, 'now', 'f');
INSERT INTO cmsession_module (cmsession_id, module_id) VALUES (945, 233);
INSERT INTO cmsession (id, title, description, order_id, created_at, is_deleted) VALUES (946, 'Approximation,percentages and averages', 'Descriptions', 2, 'now', 'f');
INSERT INTO cmsession_module (cmsession_id, module_id) VALUES (946, 233);
INSERT INTO module (id, module_name, order_id, is_deleted) VALUES (235, 'Diagram', 4, 'f');
INSERT INTO module_course (module_id, course_id) VALUES (235, 24);
INSERT INTO cmsession (id, title, description, order_id, created_at, is_deleted) VALUES (948, 'Pie Chart', 'This lesson will help the student to understand the basics of pie chart  and strategy to solve the pie chart problem', 1, 'now', 'f');
INSERT INTO cmsession_module (cmsession_id, module_id) VALUES (948, 235);
INSERT INTO lesson (id, type, duration, tags, title, subject, order_id, created_at, is_deleted) VALUES (5409,'PRESENTATION', 60, '', 'Pie charts', 'NONE', 1, 'now','f');
INSERT INTO lesson_cmsession (lesson_id, cmsession_id) VALUES (5409, 948);
INSERT INTO cmsession (id, title, description, order_id, created_at, is_deleted) VALUES (949, 'Venn diagram', 'Descriptions', 2, 'now', 'f');
INSERT INTO cmsession_module (cmsession_id, module_id) VALUES (949, 235);
INSERT INTO cmsession (id, title, description, order_id, created_at, is_deleted) VALUES (950, 'Tables', 'Descriptions', 3, 'now', 'f');
INSERT INTO cmsession_module (cmsession_id, module_id) VALUES (950, 235);
INSERT INTO cmsession (id, title, description, order_id, created_at, is_deleted) VALUES (951, 'Multiple diagram', 'Descriptions', 4, 'now', 'f');
INSERT INTO cmsession_module (cmsession_id, module_id) VALUES (951, 235);
INSERT INTO course (id, course_name, course_description, tags, created_at) VALUES (25, 'Careerprep Quantitative Ability', 'Number theory, divisibility, indices, surds, percentages, sets, ratio, proportion, averages, fractions, algebra, inequalities, lines, power and root', NULL, 'now');
INSERT INTO module (id, module_name, order_id, is_deleted) VALUES (236, 'Arithmetic', 1, 'f');
INSERT INTO module_course (module_id, course_id) VALUES (236, 25);
INSERT INTO cmsession (id, title, description, order_id, created_at, is_deleted) VALUES (952, 'Number Theory Basic', 'Basic', 1, 'now', 'f');
INSERT INTO cmsession_module (cmsession_id, module_id) VALUES (952, 236);
INSERT INTO lesson (id, type, duration, tags, title, subject, order_id, created_at, is_deleted) VALUES (5554,'PRESENTATION', 60, '', 'Number Theory Basic', 'none', 1, 'now','f');
INSERT INTO lesson_cmsession (lesson_id, cmsession_id) VALUES (5554, 952);
INSERT INTO lesson (id, type, duration, tags, title, subject, order_id, created_at, is_deleted) VALUES (5494,'PRESENTATION', 20, 'place values,numbers', '01_place values and numbers', 'banking-1', 2, 'now','f');
INSERT INTO lesson_cmsession (lesson_id, cmsession_id) VALUES (5494, 952);
INSERT INTO lesson (id, type, duration, tags, title, subject, order_id, created_at, is_deleted) VALUES (5495,'PRESENTATION', 60, 'Squares,Quick Maths,Remainder Theorem,Quick Square,Quick Cube,Last digit of Power', 'Number Theory Advanced', 'banking-1', 3, 'now','f');
INSERT INTO lesson_cmsession (lesson_id, cmsession_id) VALUES (5495, 952);
INSERT INTO lesson (id, type, duration, tags, title, subject, order_id, created_at, is_deleted) VALUES (5601,'PRESENTATION', 30, '', 'Number theory 3', 'NONE', 5, 'now','f');
INSERT INTO lesson_cmsession (lesson_id, cmsession_id) VALUES (5601, 952);
INSERT INTO lesson (id, type, duration, tags, title, subject, order_id, created_at, is_deleted) VALUES (5602,'PRESENTATION', 30, '', 'Number theory 3', 'NONE', 7, 'now','f');
INSERT INTO lesson_cmsession (lesson_id, cmsession_id) VALUES (5602, 952);
INSERT INTO lesson (id, type, duration, tags, title, subject, order_id, created_at, is_deleted) VALUES (5846,'PRESENTATION', 60, '', 'Number Theory 1 Questions', 'none', 10, 'now','f');
INSERT INTO lesson_cmsession (lesson_id, cmsession_id) VALUES (5846, 952);
INSERT INTO lesson (id, type, duration, tags, title, subject, order_id, created_at, is_deleted) VALUES (5850,'PRESENTATION', 60, '', 'Number Theory 2 Questions', 'none', 11, 'now','f');
INSERT INTO lesson_cmsession (lesson_id, cmsession_id) VALUES (5850, 952);
INSERT INTO cmsession (id, title, description, order_id, created_at, is_deleted) VALUES (1181, 'Number Theory Advanced', 'Advanced', 2, 'now', 'f');
INSERT INTO cmsession_module (cmsession_id, module_id) VALUES (1181, 236);
INSERT INTO lesson (id, type, duration, tags, title, subject, order_id, created_at, is_deleted) VALUES (5902,'PRESENTATION', 60, 'Squares,Quick Maths,Remainder Theorem,Quick Square,Quick Cube,Last digit of Power', 'Number Theory Advanced', 'banking-1', 1, 'now','f');
INSERT INTO lesson_cmsession (lesson_id, cmsession_id) VALUES (5902, 1181);
INSERT INTO cmsession (id, title, description, order_id, created_at, is_deleted) VALUES (953, 'Divisibility,GCD_LCM', 'Descriptions', 3, 'now', 'f');
INSERT INTO cmsession_module (cmsession_id, module_id) VALUES (953, 236);
INSERT INTO cmsession (id, title, description, order_id, created_at, is_deleted) VALUES (955, 'Percentage', 'Descriptions', 4, 'now', 'f');
INSERT INTO cmsession_module (cmsession_id, module_id) VALUES (955, 236);
INSERT INTO lesson (id, type, duration, tags, title, subject, order_id, created_at, is_deleted) VALUES (5559,'PRESENTATION', 60, '', 'Percentage - Concept', 'none', 2, 'now','f');
INSERT INTO lesson_cmsession (lesson_id, cmsession_id) VALUES (5559, 955);
INSERT INTO cmsession (id, title, description, order_id, created_at, is_deleted) VALUES (954, 'Indices and surds', 'Descriptions', 5, 'now', 'f');
INSERT INTO cmsession_module (cmsession_id, module_id) VALUES (954, 236);
INSERT INTO cmsession (id, title, description, order_id, created_at, is_deleted) VALUES (956, 'Set', 'Descriptions', 6, 'now', 'f');
INSERT INTO cmsession_module (cmsession_id, module_id) VALUES (956, 236);
INSERT INTO lesson (id, type, duration, tags, title, subject, order_id, created_at, is_deleted) VALUES (6025,'PRESENTATION', 60, '', 'Set theory', 'NONE', 2, 'now','f');
INSERT INTO lesson_cmsession (lesson_id, cmsession_id) VALUES (6025, 956);
INSERT INTO cmsession (id, title, description, order_id, created_at, is_deleted) VALUES (957, 'Ratio and proportions', 'Descriptions', 7, 'now', 'f');
INSERT INTO cmsession_module (cmsession_id, module_id) VALUES (957, 236);
INSERT INTO lesson (id, type, duration, tags, title, subject, order_id, created_at, is_deleted) VALUES (5833,'PRESENTATION', 60, '', 'Ratio and proportion', 'NONE', 2, 'now','f');
INSERT INTO lesson_cmsession (lesson_id, cmsession_id) VALUES (5833, 957);
INSERT INTO cmsession (id, title, description, order_id, created_at, is_deleted) VALUES (958, 'Averages', 'Descriptions', 8, 'now', 'f');
INSERT INTO cmsession_module (cmsession_id, module_id) VALUES (958, 236);
INSERT INTO lesson (id, type, duration, tags, title, subject, order_id, created_at, is_deleted) VALUES (5589,'PRESENTATION', 60, 'pre assessment', 'Average', 'none', 2, 'now','f');
INSERT INTO lesson_cmsession (lesson_id, cmsession_id) VALUES (5589, 958);
INSERT INTO lesson (id, type, duration, tags, title, subject, order_id, created_at, is_deleted) VALUES (5643,'PRESENTATION', 15, '', 'Average_post assessment', 'NONE', 5, 'now','f');
INSERT INTO lesson_cmsession (lesson_id, cmsession_id) VALUES (5643, 958);
INSERT INTO cmsession (id, title, description, order_id, created_at, is_deleted) VALUES (991, 'Fractions', 'The session aims to teach the concept of fractions and the arithmetic operations on fractions', 9, 'now', 'f');
INSERT INTO cmsession_module (cmsession_id, module_id) VALUES (991, 236);
INSERT INTO lesson (id, type, duration, tags, title, subject, order_id, created_at, is_deleted) VALUES (5496,'PRESENTATION', 20, 'fractions ,equivalent fractions', '05_fractions', 'banking-1', 1, 'now','f');
INSERT INTO lesson_cmsession (lesson_id, cmsession_id) VALUES (5496, 991);
INSERT INTO module (id, module_name, order_id, is_deleted) VALUES (237, 'Algebra', 2, 'f');
INSERT INTO module_course (module_id, course_id) VALUES (237, 25);
INSERT INTO cmsession (id, title, description, order_id, created_at, is_deleted) VALUES (959, 'Algebric equation', 'Descriptions', 1, 'now', 'f');
INSERT INTO cmsession_module (cmsession_id, module_id) VALUES (959, 237);
INSERT INTO lesson (id, type, duration, tags, title, subject, order_id, created_at, is_deleted) VALUES (5577,'PRESENTATION', 60, 'linear,equations,algebraic', 'Linear equations 1', 'NONE', 2, 'now','f');
INSERT INTO lesson_cmsession (lesson_id, cmsession_id) VALUES (5577, 959);
INSERT INTO cmsession (id, title, description, order_id, created_at, is_deleted) VALUES (960, 'Functions', 'Descriptions', 2, 'now', 'f');
INSERT INTO cmsession_module (cmsession_id, module_id) VALUES (960, 237);
INSERT INTO cmsession (id, title, description, order_id, created_at, is_deleted) VALUES (961, 'Inequalities', 'Descriptions', 3, 'now', 'f');
INSERT INTO cmsession_module (cmsession_id, module_id) VALUES (961, 237);
INSERT INTO cmsession (id, title, description, order_id, created_at, is_deleted) VALUES (962, 'Power and root', 'Descriptions', 4, 'now', 'f');
INSERT INTO cmsession_module (cmsession_id, module_id) VALUES (962, 237);
INSERT INTO module (id, module_name, order_id, is_deleted) VALUES (238, 'Geometry', 3, 'f');
INSERT INTO module_course (module_id, course_id) VALUES (238, 25);
INSERT INTO cmsession (id, title, description, order_id, created_at, is_deleted) VALUES (963, 'Lines', 'Descriptions', 1, 'now', 'f');
INSERT INTO cmsession_module (cmsession_id, module_id) VALUES (963, 238);
INSERT INTO cmsession (id, title, description, order_id, created_at, is_deleted) VALUES (964, 'Triangles', 'Descriptions', 2, 'now', 'f');
INSERT INTO cmsession_module (cmsession_id, module_id) VALUES (964, 238);
INSERT INTO cmsession (id, title, description, order_id, created_at, is_deleted) VALUES (965, 'Quadrilaterals', 'Descriptions', 3, 'now', 'f');
INSERT INTO cmsession_module (cmsession_id, module_id) VALUES (965, 238);
INSERT INTO cmsession (id, title, description, order_id, created_at, is_deleted) VALUES (966, 'Circles', 'Descriptions', 4, 'now', 'f');
INSERT INTO cmsession_module (cmsession_id, module_id) VALUES (966, 238);
INSERT INTO cmsession (id, title, description, order_id, created_at, is_deleted) VALUES (967, 'Coordinate Geometry', 'Descriptions', 5, 'now', 'f');
INSERT INTO cmsession_module (cmsession_id, module_id) VALUES (967, 238);
INSERT INTO module (id, module_name, order_id, is_deleted) VALUES (239, 'Word problems', 4, 'f');
INSERT INTO module_course (module_id, course_id) VALUES (239, 25);
INSERT INTO cmsession (id, title, description, order_id, created_at, is_deleted) VALUES (968, 'Alligation', 'Descriptions', 1, 'now', 'f');
INSERT INTO cmsession_module (cmsession_id, module_id) VALUES (968, 239);
INSERT INTO lesson (id, type, duration, tags, title, subject, order_id, created_at, is_deleted) VALUES (5591,'PRESENTATION', 60, '', 'Alligation', 'banking-1', 2, 'now','f');
INSERT INTO lesson_cmsession (lesson_id, cmsession_id) VALUES (5591, 968);
INSERT INTO cmsession (id, title, description, order_id, created_at, is_deleted) VALUES (969, 'speed ,time and distance', 'Descriptions', 2, 'now', 'f');
INSERT INTO cmsession_module (cmsession_id, module_id) VALUES (969, 239);
INSERT INTO lesson (id, type, duration, tags, title, subject, order_id, created_at, is_deleted) VALUES (5583,'PRESENTATION', 60, 'pre assessment', 'Time and distance', 'NONE', 1, 'now','f');
INSERT INTO lesson_cmsession (lesson_id, cmsession_id) VALUES (5583, 969);
INSERT INTO lesson (id, type, duration, tags, title, subject, order_id, created_at, is_deleted) VALUES (5586,'PRESENTATION', 10, 'pre assessment', 'Time and distance 2', 'NONE', 4, 'now','f');
INSERT INTO lesson_cmsession (lesson_id, cmsession_id) VALUES (5586, 969);
INSERT INTO lesson (id, type, duration, tags, title, subject, order_id, created_at, is_deleted) VALUES (5588,'PRESENTATION', 20, 'post assessment', 'Time and distance 2', 'none', 5, 'now','f');
INSERT INTO lesson_cmsession (lesson_id, cmsession_id) VALUES (5588, 969);
INSERT INTO lesson (id, type, duration, tags, title, subject, order_id, created_at, is_deleted) VALUES (5587,'PRESENTATION', 60, 'session', 'Time and distance 2', 'NONE', 6, 'now','f');
INSERT INTO lesson_cmsession (lesson_id, cmsession_id) VALUES (5587, 969);
INSERT INTO cmsession (id, title, description, order_id, created_at, is_deleted) VALUES (970, 'Time and Work', 'Descriptions', 3, 'now', 'f');
INSERT INTO cmsession_module (cmsession_id, module_id) VALUES (970, 239);
INSERT INTO lesson (id, type, duration, tags, title, subject, order_id, created_at, is_deleted) VALUES (5516,'PRESENTATION', 60, 'Work', 'Time and work', 'none', 2, 'now','f');
INSERT INTO lesson_cmsession (lesson_id, cmsession_id) VALUES (5516, 970);
INSERT INTO lesson (id, type, duration, tags, title, subject, order_id, created_at, is_deleted) VALUES (5531,'PRESENTATION', 60, '', 'Lesson 2', 'NONE', 3, 'now','f');
INSERT INTO lesson_cmsession (lesson_id, cmsession_id) VALUES (5531, 970);
INSERT INTO lesson (id, type, duration, tags, title, subject, order_id, created_at, is_deleted) VALUES (5533,'PRESENTATION', 60, '', 'lesson 5', 'NONE', 5, 'now','f');
INSERT INTO lesson_cmsession (lesson_id, cmsession_id) VALUES (5533, 970);
INSERT INTO lesson (id, type, duration, tags, title, subject, order_id, created_at, is_deleted) VALUES (5534,'PRESENTATION', 60, '', 'lesson 6', 'NONE', 6, 'now','f');
INSERT INTO lesson_cmsession (lesson_id, cmsession_id) VALUES (5534, 970);
INSERT INTO lesson (id, type, duration, tags, title, subject, order_id, created_at, is_deleted) VALUES (5535,'PRESENTATION', 60, '', 'lesson 6', 'NONE', 7, 'now','f');
INSERT INTO lesson_cmsession (lesson_id, cmsession_id) VALUES (5535, 970);
INSERT INTO cmsession (id, title, description, order_id, created_at, is_deleted) VALUES (971, 'profit and loss', 'Descriptions', 4, 'now', 'f');
INSERT INTO cmsession_module (cmsession_id, module_id) VALUES (971, 239);
INSERT INTO lesson (id, type, duration, tags, title, subject, order_id, created_at, is_deleted) VALUES (5555,'PRESENTATION', 60, 'Profit,Loss', 'Profit and Loss', 'none', 2, 'now','f');
INSERT INTO lesson_cmsession (lesson_id, cmsession_id) VALUES (5555, 971);
INSERT INTO cmsession (id, title, description, order_id, created_at, is_deleted) VALUES (972, 'simple interest and compound interest', 'This session teaches the concept of simple and compound interest. It also aims to explain the time value of money.', 5, 'now', 'f');
INSERT INTO cmsession_module (cmsession_id, module_id) VALUES (972, 239);
INSERT INTO lesson (id, type, duration, tags, title, subject, order_id, created_at, is_deleted) VALUES (5497,'PRESENTATION', 20, 'Time value of money', 'Simple & Compound Interest', 'banking-1', 1, 'now','f');
INSERT INTO lesson_cmsession (lesson_id, cmsession_id) VALUES (5497, 972);
INSERT INTO lesson (id, type, duration, tags, title, subject, order_id, created_at, is_deleted) VALUES (5928,'PRESENTATION', 60, '', 'Simple & Compound interest', 'NONE', 3, 'now','f');
INSERT INTO lesson_cmsession (lesson_id, cmsession_id) VALUES (5928, 972);
INSERT INTO module (id, module_name, order_id, is_deleted) VALUES (240, 'Higher Mathematics', 5, 'f');
INSERT INTO module_course (module_id, course_id) VALUES (240, 25);
INSERT INTO cmsession (id, title, description, order_id, created_at, is_deleted) VALUES (973, 'Permutation and combination', 'Descriptions', 1, 'now', 'f');
INSERT INTO cmsession_module (cmsession_id, module_id) VALUES (973, 240);
INSERT INTO lesson (id, type, duration, tags, title, subject, order_id, created_at, is_deleted) VALUES (5515,'PRESENTATION', 60, 'Permutation', 'Permutation and Combination-Advanced', 'NONE', 2, 'now','f');
INSERT INTO lesson_cmsession (lesson_id, cmsession_id) VALUES (5515, 973);
INSERT INTO lesson (id, type, duration, tags, title, subject, order_id, created_at, is_deleted) VALUES (5519,'PRESENTATION', 60, '', 'Permutation and combination_01', 'none', 3, 'now','f');
INSERT INTO lesson_cmsession (lesson_id, cmsession_id) VALUES (5519, 973);
INSERT INTO lesson (id, type, duration, tags, title, subject, order_id, created_at, is_deleted) VALUES (5525,'PRESENTATION', 60, '', 'lesson 4', 'NONE', 5, 'now','f');
INSERT INTO lesson_cmsession (lesson_id, cmsession_id) VALUES (5525, 973);
INSERT INTO lesson (id, type, duration, tags, title, subject, order_id, created_at, is_deleted) VALUES (5526,'PRESENTATION', 60, '', 'lesson 5', 'NONE', 6, 'now','f');
INSERT INTO lesson_cmsession (lesson_id, cmsession_id) VALUES (5526, 973);
INSERT INTO lesson (id, type, duration, tags, title, subject, order_id, created_at, is_deleted) VALUES (5527,'PRESENTATION', 60, '', 'lesson 6', 'NONE', 7, 'now','f');
INSERT INTO lesson_cmsession (lesson_id, cmsession_id) VALUES (5527, 973);
INSERT INTO lesson (id, type, duration, tags, title, subject, order_id, created_at, is_deleted) VALUES (5528,'PRESENTATION', 60, '', 'lesson 7', 'NONE', 8, 'now','f');
INSERT INTO lesson_cmsession (lesson_id, cmsession_id) VALUES (5528, 973);
INSERT INTO lesson (id, type, duration, tags, title, subject, order_id, created_at, is_deleted) VALUES (5529,'PRESENTATION', 60, '', 'lesson 8', 'NONE', 9, 'now','f');
INSERT INTO lesson_cmsession (lesson_id, cmsession_id) VALUES (5529, 973);
INSERT INTO cmsession (id, title, description, order_id, created_at, is_deleted) VALUES (974, 'progression', 'Descriptions', 2, 'now', 'f');
INSERT INTO cmsession_module (cmsession_id, module_id) VALUES (974, 240);
INSERT INTO lesson (id, type, duration, tags, title, subject, order_id, created_at, is_deleted) VALUES (5933,'PRESENTATION', 60, '', 'Progressions', 'NONE', 2, 'now','f');
INSERT INTO lesson_cmsession (lesson_id, cmsession_id) VALUES (5933, 974);
INSERT INTO cmsession (id, title, description, order_id, created_at, is_deleted) VALUES (975, 'Trignometry', 'Descriptions', 3, 'now', 'f');
INSERT INTO cmsession_module (cmsession_id, module_id) VALUES (975, 240);
INSERT INTO cmsession (id, title, description, order_id, created_at, is_deleted) VALUES (976, 'Probability', 'Descriptions', 4, 'now', 'f');
INSERT INTO cmsession_module (cmsession_id, module_id) VALUES (976, 240);
INSERT INTO lesson (id, type, duration, tags, title, subject, order_id, created_at, is_deleted) VALUES (6049,'PRESENTATION', 60, '', 'Probability', 'NONE', 3, 'now','f');
INSERT INTO lesson_cmsession (lesson_id, cmsession_id) VALUES (6049, 976);
INSERT INTO course (id, course_name, course_description, tags, created_at) VALUES (26, 'Careerprep Logical Reasoning', 'Strategies for deductive, inductive and abductive reasoning and calendar problems for the logic sections on aptitude tests', NULL, 'now');
INSERT INTO module (id, module_name, order_id, is_deleted) VALUES (241, 'Deductive reasoning', 1, 'f');
INSERT INTO module_course (module_id, course_id) VALUES (241, 26);
INSERT INTO cmsession (id, title, description, order_id, created_at, is_deleted) VALUES (980, 'Syllogism', 'Syllogism', 3, 'now', 'f');
INSERT INTO cmsession_module (cmsession_id, module_id) VALUES (980, 241);
INSERT INTO lesson (id, type, duration, tags, title, subject, order_id, created_at, is_deleted) VALUES (5428,'PRESENTATION', 60, '', 'Syllogism', 'none', 2, 'now','f');
INSERT INTO lesson_cmsession (lesson_id, cmsession_id) VALUES (5428, 980);
INSERT INTO lesson (id, type, duration, tags, title, subject, order_id, created_at, is_deleted) VALUES (5431,'PRESENTATION', 20, '', 'LESSON-4', 'NONE', 4, 'now','f');
INSERT INTO lesson_cmsession (lesson_id, cmsession_id) VALUES (5431, 980);
INSERT INTO lesson (id, type, duration, tags, title, subject, order_id, created_at, is_deleted) VALUES (5432,'PRESENTATION', 20, '', 'LESSON-5', 'NONE', 5, 'now','f');
INSERT INTO lesson_cmsession (lesson_id, cmsession_id) VALUES (5432, 980);
INSERT INTO lesson (id, type, duration, tags, title, subject, order_id, created_at, is_deleted) VALUES (5433,'PRESENTATION', 20, '', 'LESSON-6', 'NONE', 6, 'now','f');
INSERT INTO lesson_cmsession (lesson_id, cmsession_id) VALUES (5433, 980);
INSERT INTO cmsession (id, title, description, order_id, created_at, is_deleted) VALUES (981, 'Data sufficiency', 'Data sufficiency', 4, 'now', 'f');
INSERT INTO cmsession_module (cmsession_id, module_id) VALUES (981, 241);
INSERT INTO lesson (id, type, duration, tags, title, subject, order_id, created_at, is_deleted) VALUES (5436,'PRESENTATION', 60, '', 'Data sufficiency', 'none', 2, 'now','f');
INSERT INTO lesson_cmsession (lesson_id, cmsession_id) VALUES (5436, 981);
INSERT INTO lesson (id, type, duration, tags, title, subject, order_id, created_at, is_deleted) VALUES (5437,'PRESENTATION', 20, '', 'LESSON-4', 'NONE', 4, 'now','f');
INSERT INTO lesson_cmsession (lesson_id, cmsession_id) VALUES (5437, 981);
INSERT INTO lesson (id, type, duration, tags, title, subject, order_id, created_at, is_deleted) VALUES (5438,'PRESENTATION', 20, '', 'LESSON-5', 'NONE', 5, 'now','f');
INSERT INTO lesson_cmsession (lesson_id, cmsession_id) VALUES (5438, 981);
INSERT INTO lesson (id, type, duration, tags, title, subject, order_id, created_at, is_deleted) VALUES (5439,'PRESENTATION', 20, '', 'LESSON-6', 'NONE', 6, 'now','f');
INSERT INTO lesson_cmsession (lesson_id, cmsession_id) VALUES (5439, 981);
INSERT INTO cmsession (id, title, description, order_id, created_at, is_deleted) VALUES (979, 'Logical Puzzles', 'Logical Puzzles', 2, 'now', 'f');
INSERT INTO cmsession_module (cmsession_id, module_id) VALUES (979, 241);
INSERT INTO lesson (id, type, duration, tags, title, subject, order_id, created_at, is_deleted) VALUES (5422,'PRESENTATION', 60, '', 'Logical Puzzle', 'none', 2, 'now','f');
INSERT INTO lesson_cmsession (lesson_id, cmsession_id) VALUES (5422, 979);
INSERT INTO lesson (id, type, duration, tags, title, subject, order_id, created_at, is_deleted) VALUES (5423,'PRESENTATION', 10, '', 'Logical Puzzles_Pre Assessment', 'none', 4, 'now','f');
INSERT INTO lesson_cmsession (lesson_id, cmsession_id) VALUES (5423, 979);
INSERT INTO lesson (id, type, duration, tags, title, subject, order_id, created_at, is_deleted) VALUES (5426,'PRESENTATION', 20, '', 'LESSON-5', 'NONE', 5, 'now','f');
INSERT INTO lesson_cmsession (lesson_id, cmsession_id) VALUES (5426, 979);
INSERT INTO lesson (id, type, duration, tags, title, subject, order_id, created_at, is_deleted) VALUES (5427,'PRESENTATION', 20, '', 'LESSON-6', 'NONE', 6, 'now','f');
INSERT INTO lesson_cmsession (lesson_id, cmsession_id) VALUES (5427, 979);
INSERT INTO lesson (id, type, duration, tags, title, subject, order_id, created_at, is_deleted) VALUES (5898,'PRESENTATION', 60, '', 'Logical Puzzles questions', 'NONE', 7, 'now','f');
INSERT INTO lesson_cmsession (lesson_id, cmsession_id) VALUES (5898, 979);
INSERT INTO lesson (id, type, duration, tags, title, subject, order_id, created_at, is_deleted) VALUES (5899,'PRESENTATION', 60, '', 'Logical Puzzles questions', 'NONE', 8, 'now','f');
INSERT INTO lesson_cmsession (lesson_id, cmsession_id) VALUES (5899, 979);
INSERT INTO cmsession (id, title, description, order_id, created_at, is_deleted) VALUES (978, 'Arrangement and grouping', 'Arrangement and grouping', 1, 'now', 'f');
INSERT INTO cmsession_module (cmsession_id, module_id) VALUES (978, 241);
INSERT INTO lesson (id, type, duration, tags, title, subject, order_id, created_at, is_deleted) VALUES (5416,'PRESENTATION', 60, '', 'Seating Arrangement', 'none', 1, 'now','f');
INSERT INTO lesson_cmsession (lesson_id, cmsession_id) VALUES (5416, 978);
INSERT INTO lesson (id, type, duration, tags, title, subject, order_id, created_at, is_deleted) VALUES (5419,'PRESENTATION', 60, '', 'Grouping', 'none', 4, 'now','f');
INSERT INTO lesson_cmsession (lesson_id, cmsession_id) VALUES (5419, 978);
INSERT INTO lesson (id, type, duration, tags, title, subject, order_id, created_at, is_deleted) VALUES (5897,'PRESENTATION', 15, '', 'Seating Arrangement questions', 'none', 7, 'now','f');
INSERT INTO lesson_cmsession (lesson_id, cmsession_id) VALUES (5897, 978);
INSERT INTO lesson (id, type, duration, tags, title, subject, order_id, created_at, is_deleted) VALUES (5420,'PRESENTATION', 20, '', 'LESSON-5', 'NONE', 8, 'now','f');
INSERT INTO lesson_cmsession (lesson_id, cmsession_id) VALUES (5420, 978);
INSERT INTO lesson (id, type, duration, tags, title, subject, order_id, created_at, is_deleted) VALUES (5421,'PRESENTATION', 20, '', 'LESSON-6', 'NONE', 9, 'now','f');
INSERT INTO lesson_cmsession (lesson_id, cmsession_id) VALUES (5421, 978);
INSERT INTO lesson (id, type, duration, tags, title, subject, order_id, created_at, is_deleted) VALUES (5541,'PRESENTATION', 60, '', 'LESSON 3', 'NONE', 10, 'now','f');
INSERT INTO lesson_cmsession (lesson_id, cmsession_id) VALUES (5541, 978);
INSERT INTO cmsession (id, title, description, order_id, created_at, is_deleted) VALUES (982, 'Blood relations', 'In this session students will learn how to approach blood relation questions and solve them', 5, 'now', 'f');
INSERT INTO cmsession_module (cmsession_id, module_id) VALUES (982, 241);
INSERT INTO lesson (id, type, duration, tags, title, subject, order_id, created_at, is_deleted) VALUES (5440,'PRESENTATION', 20, '', 'Blood relations', 'none', 1, 'now','f');
INSERT INTO lesson_cmsession (lesson_id, cmsession_id) VALUES (5440, 982);
INSERT INTO lesson (id, type, duration, tags, title, subject, order_id, created_at, is_deleted) VALUES (5442,'PRESENTATION', 60, '', 'Blood Relations_01', 'none', 3, 'now','f');
INSERT INTO lesson_cmsession (lesson_id, cmsession_id) VALUES (5442, 982);
INSERT INTO cmsession (id, title, description, order_id, created_at, is_deleted) VALUES (983, 'Direction', 'Direction', 6, 'now', 'f');
INSERT INTO cmsession_module (cmsession_id, module_id) VALUES (983, 241);
INSERT INTO lesson (id, type, duration, tags, title, subject, order_id, created_at, is_deleted) VALUES (5446,'PRESENTATION', 60, '', 'Direction sense', 'none', 2, 'now','f');
INSERT INTO lesson_cmsession (lesson_id, cmsession_id) VALUES (5446, 983);
INSERT INTO lesson (id, type, duration, tags, title, subject, order_id, created_at, is_deleted) VALUES (5449,'PRESENTATION', 20, '', 'LESSON-4', 'NONE', 4, 'now','f');
INSERT INTO lesson_cmsession (lesson_id, cmsession_id) VALUES (5449, 983);
INSERT INTO lesson (id, type, duration, tags, title, subject, order_id, created_at, is_deleted) VALUES (5450,'PRESENTATION', 20, '', 'LESSON-5', 'NONE', 5, 'now','f');
INSERT INTO lesson_cmsession (lesson_id, cmsession_id) VALUES (5450, 983);
INSERT INTO lesson (id, type, duration, tags, title, subject, order_id, created_at, is_deleted) VALUES (5451,'PRESENTATION', 20, '', 'LESSON-6', 'NONE', 6, 'now','f');
INSERT INTO lesson_cmsession (lesson_id, cmsession_id) VALUES (5451, 983);
INSERT INTO lesson (id, type, duration, tags, title, subject, order_id, created_at, is_deleted) VALUES (5536,'PRESENTATION', 60, '', 'Lesson 1', 'NONE', 7, 'now','f');
INSERT INTO lesson_cmsession (lesson_id, cmsession_id) VALUES (5536, 983);
INSERT INTO lesson (id, type, duration, tags, title, subject, order_id, created_at, is_deleted) VALUES (5537,'PRESENTATION', 60, '', 'lesson 2', 'NONE', 8, 'now','f');
INSERT INTO lesson_cmsession (lesson_id, cmsession_id) VALUES (5537, 983);
INSERT INTO lesson (id, type, duration, tags, title, subject, order_id, created_at, is_deleted) VALUES (5538,'PRESENTATION', 60, '', 'lesson 3', 'NONE', 9, 'now','f');
INSERT INTO lesson_cmsession (lesson_id, cmsession_id) VALUES (5538, 983);
INSERT INTO cmsession (id, title, description, order_id, created_at, is_deleted) VALUES (992, 'Statement and conclusion', 'Statement and conclusion', 7, 'now', 'f');
INSERT INTO cmsession_module (cmsession_id, module_id) VALUES (992, 241);
INSERT INTO lesson (id, type, duration, tags, title, subject, order_id, created_at, is_deleted) VALUES (5498,'PRESENTATION', 60, 'conclusion', 'Statement and conclusion', 'NONE', 1, 'now','f');
INSERT INTO lesson_cmsession (lesson_id, cmsession_id) VALUES (5498, 992);
INSERT INTO module (id, module_name, order_id, is_deleted) VALUES (242, 'Inductive reasoning', 2, 'f');
INSERT INTO module_course (module_id, course_id) VALUES (242, 26);
INSERT INTO cmsession (id, title, description, order_id, created_at, is_deleted) VALUES (984, 'Pattern Recognition', 'Pattern Recognition', 1, 'now', 'f');
INSERT INTO cmsession_module (cmsession_id, module_id) VALUES (984, 242);
INSERT INTO lesson (id, type, duration, tags, title, subject, order_id, created_at, is_deleted) VALUES (5452,'PRESENTATION', 60, '', 'Pattern recognition', 'none', 2, 'now','f');
INSERT INTO lesson_cmsession (lesson_id, cmsession_id) VALUES (5452, 984);
INSERT INTO lesson (id, type, duration, tags, title, subject, order_id, created_at, is_deleted) VALUES (5455,'PRESENTATION', 20, '', 'LESSON-4', 'NONE', 4, 'now','f');
INSERT INTO lesson_cmsession (lesson_id, cmsession_id) VALUES (5455, 984);
INSERT INTO lesson (id, type, duration, tags, title, subject, order_id, created_at, is_deleted) VALUES (5456,'PRESENTATION', 20, '', 'LESSON-5', 'NONE', 5, 'now','f');
INSERT INTO lesson_cmsession (lesson_id, cmsession_id) VALUES (5456, 984);
INSERT INTO lesson (id, type, duration, tags, title, subject, order_id, created_at, is_deleted) VALUES (5457,'PRESENTATION', 20, '', 'LESSON-6', 'NONE', 6, 'now','f');
INSERT INTO lesson_cmsession (lesson_id, cmsession_id) VALUES (5457, 984);
INSERT INTO cmsession (id, title, description, order_id, created_at, is_deleted) VALUES (985, 'Analogy', 'Analogy', 2, 'now', 'f');
INSERT INTO cmsession_module (cmsession_id, module_id) VALUES (985, 242);
INSERT INTO lesson (id, type, duration, tags, title, subject, order_id, created_at, is_deleted) VALUES (5458,'PRESENTATION', 60, '', 'Analogy and  Coding Decoding', 'none', 2, 'now','f');
INSERT INTO lesson_cmsession (lesson_id, cmsession_id) VALUES (5458, 985);
INSERT INTO lesson (id, type, duration, tags, title, subject, order_id, created_at, is_deleted) VALUES (5459,'PRESENTATION', 20, '', 'LESSON-2', 'NONE', 4, 'now','f');
INSERT INTO lesson_cmsession (lesson_id, cmsession_id) VALUES (5459, 985);
INSERT INTO lesson (id, type, duration, tags, title, subject, order_id, created_at, is_deleted) VALUES (5461,'PRESENTATION', 20, '', 'LESSON-4', 'NONE', 5, 'now','f');
INSERT INTO lesson_cmsession (lesson_id, cmsession_id) VALUES (5461, 985);
INSERT INTO lesson (id, type, duration, tags, title, subject, order_id, created_at, is_deleted) VALUES (5462,'PRESENTATION', 20, '', 'LESSON-5', 'NONE', 6, 'now','f');
INSERT INTO lesson_cmsession (lesson_id, cmsession_id) VALUES (5462, 985);
INSERT INTO lesson (id, type, duration, tags, title, subject, order_id, created_at, is_deleted) VALUES (5463,'PRESENTATION', 20, '', 'LESSON-6', 'NONE', 7, 'now','f');
INSERT INTO lesson_cmsession (lesson_id, cmsession_id) VALUES (5463, 985);
INSERT INTO cmsession (id, title, description, order_id, created_at, is_deleted) VALUES (986, 'Series completion', 'In this session students will understand logical reasoning', 3, 'now', 'f');
INSERT INTO cmsession_module (cmsession_id, module_id) VALUES (986, 242);
INSERT INTO lesson (id, type, duration, tags, title, subject, order_id, created_at, is_deleted) VALUES (5464,'PRESENTATION', 20, '', 'Logic Reasoning 1', 'none', 1, 'now','f');
INSERT INTO lesson_cmsession (lesson_id, cmsession_id) VALUES (5464, 986);
INSERT INTO lesson (id, type, duration, tags, title, subject, order_id, created_at, is_deleted) VALUES (5465,'PRESENTATION', 60, '', 'Series completion', 'none', 3, 'now','f');
INSERT INTO lesson_cmsession (lesson_id, cmsession_id) VALUES (5465, 986);
INSERT INTO lesson (id, type, duration, tags, title, subject, order_id, created_at, is_deleted) VALUES (5468,'PRESENTATION', 20, '', 'LESSON-5', 'NONE', 5, 'now','f');
INSERT INTO lesson_cmsession (lesson_id, cmsession_id) VALUES (5468, 986);
INSERT INTO lesson (id, type, duration, tags, title, subject, order_id, created_at, is_deleted) VALUES (5469,'PRESENTATION', 20, '', 'LESSON-6', 'NONE', 6, 'now','f');
INSERT INTO lesson_cmsession (lesson_id, cmsession_id) VALUES (5469, 986);
INSERT INTO module (id, module_name, order_id, is_deleted) VALUES (243, 'Abductive reasoning', 3, 'f');
INSERT INTO module_course (module_id, course_id) VALUES (243, 26);
INSERT INTO cmsession (id, title, description, order_id, created_at, is_deleted) VALUES (987, 'Logic Abduction', 'Logic Abduction', 1, 'now', 'f');
INSERT INTO cmsession_module (cmsession_id, module_id) VALUES (987, 243);
INSERT INTO lesson (id, type, duration, tags, title, subject, order_id, created_at, is_deleted) VALUES (5470,'PRESENTATION', 20, '', 'LESSON-1', 'NONE', 1, 'now','f');
INSERT INTO lesson_cmsession (lesson_id, cmsession_id) VALUES (5470, 987);
INSERT INTO lesson (id, type, duration, tags, title, subject, order_id, created_at, is_deleted) VALUES (5471,'PRESENTATION', 20, '', 'LESSON-2', 'NONE', 2, 'now','f');
INSERT INTO lesson_cmsession (lesson_id, cmsession_id) VALUES (5471, 987);
INSERT INTO lesson (id, type, duration, tags, title, subject, order_id, created_at, is_deleted) VALUES (5472,'PRESENTATION', 20, '', 'LESSON-3', 'NONE', 3, 'now','f');
INSERT INTO lesson_cmsession (lesson_id, cmsession_id) VALUES (5472, 987);
INSERT INTO lesson (id, type, duration, tags, title, subject, order_id, created_at, is_deleted) VALUES (5473,'PRESENTATION', 20, '', 'LESSON-4', 'NONE', 4, 'now','f');
INSERT INTO lesson_cmsession (lesson_id, cmsession_id) VALUES (5473, 987);
INSERT INTO lesson (id, type, duration, tags, title, subject, order_id, created_at, is_deleted) VALUES (5474,'PRESENTATION', 20, '', 'LESSON-5', 'NONE', 5, 'now','f');
INSERT INTO lesson_cmsession (lesson_id, cmsession_id) VALUES (5474, 987);
INSERT INTO lesson (id, type, duration, tags, title, subject, order_id, created_at, is_deleted) VALUES (5475,'PRESENTATION', 20, '', 'LESSON-6', 'NONE', 6, 'now','f');
INSERT INTO lesson_cmsession (lesson_id, cmsession_id) VALUES (5475, 987);
INSERT INTO cmsession (id, title, description, order_id, created_at, is_deleted) VALUES (988, 'Data sufficiency', 'Data sufficiency', 2, 'now', 'f');
INSERT INTO cmsession_module (cmsession_id, module_id) VALUES (988, 243);
INSERT INTO lesson (id, type, duration, tags, title, subject, order_id, created_at, is_deleted) VALUES (5476,'PRESENTATION', 20, '', 'LESSON-1', 'NONE', 1, 'now','f');
INSERT INTO lesson_cmsession (lesson_id, cmsession_id) VALUES (5476, 988);
INSERT INTO lesson (id, type, duration, tags, title, subject, order_id, created_at, is_deleted) VALUES (5477,'PRESENTATION', 20, '', 'LESSON-2', 'NONE', 2, 'now','f');
INSERT INTO lesson_cmsession (lesson_id, cmsession_id) VALUES (5477, 988);
INSERT INTO lesson (id, type, duration, tags, title, subject, order_id, created_at, is_deleted) VALUES (5478,'PRESENTATION', 20, '', 'LESSON-3', 'NONE', 3, 'now','f');
INSERT INTO lesson_cmsession (lesson_id, cmsession_id) VALUES (5478, 988);
INSERT INTO lesson (id, type, duration, tags, title, subject, order_id, created_at, is_deleted) VALUES (5479,'PRESENTATION', 20, '', 'LESSON-4', 'NONE', 4, 'now','f');
INSERT INTO lesson_cmsession (lesson_id, cmsession_id) VALUES (5479, 988);
INSERT INTO lesson (id, type, duration, tags, title, subject, order_id, created_at, is_deleted) VALUES (5480,'PRESENTATION', 20, '', 'LESSON-5', 'NONE', 5, 'now','f');
INSERT INTO lesson_cmsession (lesson_id, cmsession_id) VALUES (5480, 988);
INSERT INTO module (id, module_name, order_id, is_deleted) VALUES (244, 'Miscellaneous', 4, 'f');
INSERT INTO module_course (module_id, course_id) VALUES (244, 26);
INSERT INTO cmsession (id, title, description, order_id, created_at, is_deleted) VALUES (990, 'Cube', 'Cube', 2, 'now', 'f');
INSERT INTO cmsession_module (cmsession_id, module_id) VALUES (990, 244);
INSERT INTO lesson (id, type, duration, tags, title, subject, order_id, created_at, is_deleted) VALUES (5488,'PRESENTATION', 20, '', 'LESSON-1', 'NONE', 1, 'now','f');
INSERT INTO lesson_cmsession (lesson_id, cmsession_id) VALUES (5488, 990);
INSERT INTO lesson (id, type, duration, tags, title, subject, order_id, created_at, is_deleted) VALUES (5489,'PRESENTATION', 20, '', 'LESSON-2', 'NONE', 2, 'now','f');
INSERT INTO lesson_cmsession (lesson_id, cmsession_id) VALUES (5489, 990);
INSERT INTO lesson (id, type, duration, tags, title, subject, order_id, created_at, is_deleted) VALUES (5490,'PRESENTATION', 20, '', 'LESSON-3', 'NONE', 3, 'now','f');
INSERT INTO lesson_cmsession (lesson_id, cmsession_id) VALUES (5490, 990);
INSERT INTO lesson (id, type, duration, tags, title, subject, order_id, created_at, is_deleted) VALUES (5491,'PRESENTATION', 20, '', 'LESSON-4', 'NONE', 4, 'now','f');
INSERT INTO lesson_cmsession (lesson_id, cmsession_id) VALUES (5491, 990);
INSERT INTO lesson (id, type, duration, tags, title, subject, order_id, created_at, is_deleted) VALUES (5492,'PRESENTATION', 20, '', 'LESSON-5', 'NONE', 5, 'now','f');
INSERT INTO lesson_cmsession (lesson_id, cmsession_id) VALUES (5492, 990);
INSERT INTO lesson (id, type, duration, tags, title, subject, order_id, created_at, is_deleted) VALUES (5493,'PRESENTATION', 20, '', 'LESSON-6', 'NONE', 6, 'now','f');
INSERT INTO lesson_cmsession (lesson_id, cmsession_id) VALUES (5493, 990);
INSERT INTO cmsession (id, title, description, order_id, created_at, is_deleted) VALUES (989, 'Calender and clocks', 'Calender and clocks', 1, 'now', 'f');
INSERT INTO cmsession_module (cmsession_id, module_id) VALUES (989, 244);
INSERT INTO lesson (id, type, duration, tags, title, subject, order_id, created_at, is_deleted) VALUES (5482,'PRESENTATION', 60, '', 'Calendar and Clock', 'none', 2, 'now','f');
INSERT INTO lesson_cmsession (lesson_id, cmsession_id) VALUES (5482, 989);
INSERT INTO lesson (id, type, duration, tags, title, subject, order_id, created_at, is_deleted) VALUES (5484,'PRESENTATION', 20, '', 'LESSON-3', 'NONE', 4, 'now','f');
INSERT INTO lesson_cmsession (lesson_id, cmsession_id) VALUES (5484, 989);
INSERT INTO lesson (id, type, duration, tags, title, subject, order_id, created_at, is_deleted) VALUES (5485,'PRESENTATION', 20, '', 'LESSON-4', 'NONE', 5, 'now','f');
INSERT INTO lesson_cmsession (lesson_id, cmsession_id) VALUES (5485, 989);
INSERT INTO lesson (id, type, duration, tags, title, subject, order_id, created_at, is_deleted) VALUES (5486,'PRESENTATION', 20, '', 'LESSON-5', 'NONE', 6, 'now','f');
INSERT INTO lesson_cmsession (lesson_id, cmsession_id) VALUES (5486, 989);
INSERT INTO cmsession (id, title, description, order_id, created_at, is_deleted) VALUES (993, 'Team Formation', 'Team Formation', 3, 'now', 'f');
INSERT INTO cmsession_module (cmsession_id, module_id) VALUES (993, 244);
INSERT INTO lesson (id, type, duration, tags, title, subject, order_id, created_at, is_deleted) VALUES (5499,'PRESENTATION', 60, 'Team formatoin', 'Team Formation', 'NONE', 1, 'now','f');
INSERT INTO lesson_cmsession (lesson_id, cmsession_id) VALUES (5499, 993);
INSERT INTO course (id, course_name, course_description, tags, created_at) VALUES (27, 'Corporate Sales', 'Provides an understanding of the sales process, helps judge customers and their behaviour and facilitates  sales closure', NULL, 'now');
INSERT INTO module (id, module_name, order_id, is_deleted) VALUES (247, 'Corporate- Need for sales and marketing', 1, 'f');
INSERT INTO module_course (module_id, course_id) VALUES (247, 27);
INSERT INTO cmsession (id, title, description, order_id, created_at, is_deleted) VALUES (1004, 'Corporate- Need For Sales', 'Corporate- Need For Sales', 1, 'now', 'f');
INSERT INTO cmsession_module (cmsession_id, module_id) VALUES (1004, 247);
INSERT INTO lesson (id, type, duration, tags, title, subject, order_id, created_at, is_deleted) VALUES (5607,'PRESENTATION', 20, '', 'LESSON-1', 'NONE', 1, 'now','f');
INSERT INTO lesson_cmsession (lesson_id, cmsession_id) VALUES (5607, 1004);
INSERT INTO cmsession (id, title, description, order_id, created_at, is_deleted) VALUES (1005, 'Corporate- Need For Sales', 'Corporate- Need For Sales', 2, 'now', 'f');
INSERT INTO cmsession_module (cmsession_id, module_id) VALUES (1005, 247);
INSERT INTO lesson (id, type, duration, tags, title, subject, order_id, created_at, is_deleted) VALUES (5608,'PRESENTATION', 20, '', 'LESSON-1', 'NONE', 1, 'now','f');
INSERT INTO lesson_cmsession (lesson_id, cmsession_id) VALUES (5608, 1005);
INSERT INTO module (id, module_name, order_id, is_deleted) VALUES (248, 'Corporate- Life Skills for the marketing executive', 2, 'f');
INSERT INTO module_course (module_id, course_id) VALUES (248, 27);
INSERT INTO cmsession (id, title, description, order_id, created_at, is_deleted) VALUES (1007, 'Corporate- Discipline', 'Corporate- Discipline', 1, 'now', 'f');
INSERT INTO cmsession_module (cmsession_id, module_id) VALUES (1007, 248);
INSERT INTO lesson (id, type, duration, tags, title, subject, order_id, created_at, is_deleted) VALUES (5610,'PRESENTATION', 20, '', 'LESSON-1', 'NONE', 1, 'now','f');
INSERT INTO lesson_cmsession (lesson_id, cmsession_id) VALUES (5610, 1007);
INSERT INTO cmsession (id, title, description, order_id, created_at, is_deleted) VALUES (1008, 'Corporate- Handle Rejection', 'Corporate- Handle Rejection', 2, 'now', 'f');
INSERT INTO cmsession_module (cmsession_id, module_id) VALUES (1008, 248);
INSERT INTO lesson (id, type, duration, tags, title, subject, order_id, created_at, is_deleted) VALUES (5611,'PRESENTATION', 20, '', 'LESSON-1', 'NONE', 1, 'now','f');
INSERT INTO lesson_cmsession (lesson_id, cmsession_id) VALUES (5611, 1008);
INSERT INTO cmsession (id, title, description, order_id, created_at, is_deleted) VALUES (1006, 'Corporate- Discipline', 'Corporate- Discipline', 3, 'now', 'f');
INSERT INTO cmsession_module (cmsession_id, module_id) VALUES (1006, 248);
INSERT INTO lesson (id, type, duration, tags, title, subject, order_id, created_at, is_deleted) VALUES (5609,'PRESENTATION', 20, '', 'LESSON-1', 'NONE', 1, 'now','f');
INSERT INTO lesson_cmsession (lesson_id, cmsession_id) VALUES (5609, 1006);
INSERT INTO cmsession (id, title, description, order_id, created_at, is_deleted) VALUES (1011, 'Corporate- Communication', 'Corporate- Communication', 4, 'now', 'f');
INSERT INTO cmsession_module (cmsession_id, module_id) VALUES (1011, 248);
INSERT INTO lesson (id, type, duration, tags, title, subject, order_id, created_at, is_deleted) VALUES (5614,'PRESENTATION', 20, '', 'LESSON-1', 'NONE', 1, 'now','f');
INSERT INTO lesson_cmsession (lesson_id, cmsession_id) VALUES (5614, 1011);
INSERT INTO cmsession (id, title, description, order_id, created_at, is_deleted) VALUES (1013, 'Corporate- Grooming', 'Corporate- Grooming', 5, 'now', 'f');
INSERT INTO cmsession_module (cmsession_id, module_id) VALUES (1013, 248);
INSERT INTO lesson (id, type, duration, tags, title, subject, order_id, created_at, is_deleted) VALUES (5616,'PRESENTATION', 20, '', 'LESSON-1', 'NONE', 1, 'now','f');
INSERT INTO lesson_cmsession (lesson_id, cmsession_id) VALUES (5616, 1013);
INSERT INTO cmsession (id, title, description, order_id, created_at, is_deleted) VALUES (1009, 'Corporate- Handle Rejection', 'Corporate- Handle Rejection', 6, 'now', 'f');
INSERT INTO cmsession_module (cmsession_id, module_id) VALUES (1009, 248);
INSERT INTO lesson (id, type, duration, tags, title, subject, order_id, created_at, is_deleted) VALUES (5612,'PRESENTATION', 20, '', 'LESSON-1', 'NONE', 1, 'now','f');
INSERT INTO lesson_cmsession (lesson_id, cmsession_id) VALUES (5612, 1009);
INSERT INTO cmsession (id, title, description, order_id, created_at, is_deleted) VALUES (1012, 'Corporate- Communication', 'Corporate- Communication', 7, 'now', 'f');
INSERT INTO cmsession_module (cmsession_id, module_id) VALUES (1012, 248);
INSERT INTO lesson (id, type, duration, tags, title, subject, order_id, created_at, is_deleted) VALUES (5615,'PRESENTATION', 20, '', 'LESSON-1', 'NONE', 1, 'now','f');
INSERT INTO lesson_cmsession (lesson_id, cmsession_id) VALUES (5615, 1012);
INSERT INTO cmsession (id, title, description, order_id, created_at, is_deleted) VALUES (1010, 'Corporate- Numbers approach', 'Corporate- Numbers approach', 8, 'now', 'f');
INSERT INTO cmsession_module (cmsession_id, module_id) VALUES (1010, 248);
INSERT INTO lesson (id, type, duration, tags, title, subject, order_id, created_at, is_deleted) VALUES (5613,'PRESENTATION', 20, '', 'LESSON-1', 'NONE', 1, 'now','f');
INSERT INTO lesson_cmsession (lesson_id, cmsession_id) VALUES (5613, 1010);
INSERT INTO module (id, module_name, order_id, is_deleted) VALUES (249, 'Corporate- Sales process', 3, 'f');
INSERT INTO module_course (module_id, course_id) VALUES (249, 27);
INSERT INTO cmsession (id, title, description, order_id, created_at, is_deleted) VALUES (1016, 'Corporate- Timing of calls and outcomes from a sales meeting', 'Corporate- Timing of calls and outcomes from a sales meeting', 1, 'now', 'f');
INSERT INTO cmsession_module (cmsession_id, module_id) VALUES (1016, 249);
INSERT INTO lesson (id, type, duration, tags, title, subject, order_id, created_at, is_deleted) VALUES (5619,'PRESENTATION', 20, '', 'LESSON-1', 'NONE', 1, 'now','f');
INSERT INTO lesson_cmsession (lesson_id, cmsession_id) VALUES (5619, 1016);
INSERT INTO cmsession (id, title, description, order_id, created_at, is_deleted) VALUES (1015, 'Corporate- Sales pitch', 'Corporate- Sales pitch', 2, 'now', 'f');
INSERT INTO cmsession_module (cmsession_id, module_id) VALUES (1015, 249);
INSERT INTO lesson (id, type, duration, tags, title, subject, order_id, created_at, is_deleted) VALUES (5618,'PRESENTATION', 20, '', 'LESSON-1', 'NONE', 1, 'now','f');
INSERT INTO lesson_cmsession (lesson_id, cmsession_id) VALUES (5618, 1015);
INSERT INTO cmsession (id, title, description, order_id, created_at, is_deleted) VALUES (1019, 'Corporate- Lead Qualification & Prioritization', 'Corporate- Lead Qualification & Prioritization', 3, 'now', 'f');
INSERT INTO cmsession_module (cmsession_id, module_id) VALUES (1019, 249);
INSERT INTO lesson (id, type, duration, tags, title, subject, order_id, created_at, is_deleted) VALUES (5622,'PRESENTATION', 20, '', 'LESSON-1', 'NONE', 1, 'now','f');
INSERT INTO lesson_cmsession (lesson_id, cmsession_id) VALUES (5622, 1019);
INSERT INTO cmsession (id, title, description, order_id, created_at, is_deleted) VALUES (1018, 'Corporate- Prospect Diary', 'Corporate- Prospect Diary', 4, 'now', 'f');
INSERT INTO cmsession_module (cmsession_id, module_id) VALUES (1018, 249);
INSERT INTO lesson (id, type, duration, tags, title, subject, order_id, created_at, is_deleted) VALUES (5621,'PRESENTATION', 20, '', 'LESSON-1', 'NONE', 1, 'now','f');
INSERT INTO lesson_cmsession (lesson_id, cmsession_id) VALUES (5621, 1018);
INSERT INTO cmsession (id, title, description, order_id, created_at, is_deleted) VALUES (1020, 'Corporate- Lead Qualification & Prioritization', 'Corporate- Lead Qualification & Prioritization', 5, 'now', 'f');
INSERT INTO cmsession_module (cmsession_id, module_id) VALUES (1020, 249);
INSERT INTO lesson (id, type, duration, tags, title, subject, order_id, created_at, is_deleted) VALUES (5623,'PRESENTATION', 20, '', 'LESSON-1', 'NONE', 1, 'now','f');
INSERT INTO lesson_cmsession (lesson_id, cmsession_id) VALUES (5623, 1020);
INSERT INTO cmsession (id, title, description, order_id, created_at, is_deleted) VALUES (1014, 'Corporate- Sales pitch', 'Corporate- Sales pitch', 6, 'now', 'f');
INSERT INTO cmsession_module (cmsession_id, module_id) VALUES (1014, 249);
INSERT INTO lesson (id, type, duration, tags, title, subject, order_id, created_at, is_deleted) VALUES (5617,'PRESENTATION', 20, '', 'LESSON-1', 'NONE', 1, 'now','f');
INSERT INTO lesson_cmsession (lesson_id, cmsession_id) VALUES (5617, 1014);
INSERT INTO cmsession (id, title, description, order_id, created_at, is_deleted) VALUES (1017, 'Corporate- Timing of calls and outcomes from a sales meeting', 'Corporate- Timing of calls and outcomes from a sales meeting', 7, 'now', 'f');
INSERT INTO cmsession_module (cmsession_id, module_id) VALUES (1017, 249);
INSERT INTO lesson (id, type, duration, tags, title, subject, order_id, created_at, is_deleted) VALUES (5620,'PRESENTATION', 20, '', 'LESSON-1', 'NONE', 1, 'now','f');
INSERT INTO lesson_cmsession (lesson_id, cmsession_id) VALUES (5620, 1017);
INSERT INTO module (id, module_name, order_id, is_deleted) VALUES (250, 'Corporate- Sales Process: Assist', 4, 'f');
INSERT INTO module_course (module_id, course_id) VALUES (250, 27);
INSERT INTO cmsession (id, title, description, order_id, created_at, is_deleted) VALUES (1022, 'Corporate- Understanding the customer requirement', 'Corporate- Understanding the customer requirement', 1, 'now', 'f');
INSERT INTO cmsession_module (cmsession_id, module_id) VALUES (1022, 250);
INSERT INTO lesson (id, type, duration, tags, title, subject, order_id, created_at, is_deleted) VALUES (5625,'PRESENTATION', 20, '', 'LESSON-1', 'NONE', 1, 'now','f');
INSERT INTO lesson_cmsession (lesson_id, cmsession_id) VALUES (5625, 1022);
INSERT INTO cmsession (id, title, description, order_id, created_at, is_deleted) VALUES (1021, 'Corporate- Understanding the customer', 'Corporate- Understanding the customer', 2, 'now', 'f');
INSERT INTO cmsession_module (cmsession_id, module_id) VALUES (1021, 250);
INSERT INTO lesson (id, type, duration, tags, title, subject, order_id, created_at, is_deleted) VALUES (5624,'PRESENTATION', 20, '', 'LESSON-1', 'NONE', 1, 'now','f');
INSERT INTO lesson_cmsession (lesson_id, cmsession_id) VALUES (5624, 1021);
INSERT INTO cmsession (id, title, description, order_id, created_at, is_deleted) VALUES (1023, 'Corporate- Product Knowledge', 'Corporate- Product Knowledge', 3, 'now', 'f');
INSERT INTO cmsession_module (cmsession_id, module_id) VALUES (1023, 250);
INSERT INTO lesson (id, type, duration, tags, title, subject, order_id, created_at, is_deleted) VALUES (5626,'PRESENTATION', 20, '', 'LESSON-1', 'NONE', 1, 'now','f');
INSERT INTO lesson_cmsession (lesson_id, cmsession_id) VALUES (5626, 1023);
INSERT INTO cmsession (id, title, description, order_id, created_at, is_deleted) VALUES (1024, 'Corporate- Product Knowledge', 'Corporate- Product Knowledge', 4, 'now', 'f');
INSERT INTO cmsession_module (cmsession_id, module_id) VALUES (1024, 250);
INSERT INTO lesson (id, type, duration, tags, title, subject, order_id, created_at, is_deleted) VALUES (5627,'PRESENTATION', 20, '', 'LESSON-1', 'NONE', 1, 'now','f');
INSERT INTO lesson_cmsession (lesson_id, cmsession_id) VALUES (5627, 1024);
INSERT INTO module (id, module_name, order_id, is_deleted) VALUES (251, 'Corporate- Sales Process: Demo/Pitch', 5, 'f');
INSERT INTO module_course (module_id, course_id) VALUES (251, 27);
INSERT INTO cmsession (id, title, description, order_id, created_at, is_deleted) VALUES (1025, 'Corporate- Product demonstration', 'Deals with aspects of product demonstration and customer assessment', 1, 'now', 'f');
INSERT INTO cmsession_module (cmsession_id, module_id) VALUES (1025, 251);
INSERT INTO lesson (id, type, duration, tags, title, subject, order_id, created_at, is_deleted) VALUES (5628,'PRESENTATION', 20, '', 'Pitch_Corp_RealEstate', 'none', 1, 'now','f');
INSERT INTO lesson_cmsession (lesson_id, cmsession_id) VALUES (5628, 1025);
INSERT INTO lesson (id, type, duration, tags, title, subject, order_id, created_at, is_deleted) VALUES (5682,'PRESENTATION', 60, 'demo,product', 'Product Demo-BFSI', 'none', 2, 'now','f');
INSERT INTO lesson_cmsession (lesson_id, cmsession_id) VALUES (5682, 1025);
INSERT INTO lesson (id, type, duration, tags, title, subject, order_id, created_at, is_deleted) VALUES (5981,'PRESENTATION', 60, 'demo,product', 'Product Demo-BFSI_new_p1', 'none', 3, 'now','f');
INSERT INTO lesson_cmsession (lesson_id, cmsession_id) VALUES (5981, 1025);
INSERT INTO lesson (id, type, duration, tags, title, subject, order_id, created_at, is_deleted) VALUES (6002,'PRESENTATION', 60, '', 'Product Demo-BFSI_new_p2', 'none', 5, 'now','f');
INSERT INTO lesson_cmsession (lesson_id, cmsession_id) VALUES (6002, 1025);
INSERT INTO lesson (id, type, duration, tags, title, subject, order_id, created_at, is_deleted) VALUES (6009,'PRESENTATION', 60, 'demo,product', 'Product Demo-BFSI_new_p3', 'none', 7, 'now','f');
INSERT INTO lesson_cmsession (lesson_id, cmsession_id) VALUES (6009, 1025);
INSERT INTO lesson (id, type, duration, tags, title, subject, order_id, created_at, is_deleted) VALUES (5987,'PRESENTATION', 30, '', 'Product Demo-BFSI_new_p4', 'none', 8, 'now','f');
INSERT INTO lesson_cmsession (lesson_id, cmsession_id) VALUES (5987, 1025);
INSERT INTO cmsession (id, title, description, order_id, created_at, is_deleted) VALUES (1026, 'Corporate- Cross Selling', 'Corporate- Cross Selling', 2, 'now', 'f');
INSERT INTO cmsession_module (cmsession_id, module_id) VALUES (1026, 251);
INSERT INTO lesson (id, type, duration, tags, title, subject, order_id, created_at, is_deleted) VALUES (5629,'PRESENTATION', 20, '', 'LESSON-1', 'NONE', 1, 'now','f');
INSERT INTO lesson_cmsession (lesson_id, cmsession_id) VALUES (5629, 1026);
INSERT INTO cmsession (id, title, description, order_id, created_at, is_deleted) VALUES (1027, 'Corporate- Upselling', 'Corporate- Upselling', 3, 'now', 'f');
INSERT INTO cmsession_module (cmsession_id, module_id) VALUES (1027, 251);
INSERT INTO lesson (id, type, duration, tags, title, subject, order_id, created_at, is_deleted) VALUES (5630,'PRESENTATION', 20, '', 'LESSON-1', 'NONE', 1, 'now','f');
INSERT INTO lesson_cmsession (lesson_id, cmsession_id) VALUES (5630, 1027);
INSERT INTO cmsession (id, title, description, order_id, created_at, is_deleted) VALUES (1036, 'Product Demo_Auto', 'Product demo for Corp Sales', 4, 'now', 'f');
INSERT INTO cmsession_module (cmsession_id, module_id) VALUES (1036, 251);
INSERT INTO lesson (id, type, duration, tags, title, subject, order_id, created_at, is_deleted) VALUES (5655,'PRESENTATION', 60, 'auto,product,demo', 'Product Demo_Auto', 'none', 1, 'now','f');
INSERT INTO lesson_cmsession (lesson_id, cmsession_id) VALUES (5655, 1036);
INSERT INTO module (id, module_name, order_id, is_deleted) VALUES (252, 'Corporate- Sales Process: Persuade', 6, 'f');
INSERT INTO module_course (module_id, course_id) VALUES (252, 27);
INSERT INTO cmsession (id, title, description, order_id, created_at, is_deleted) VALUES (1029, 'Corporate- Objection Handling', 'Corporate- Objection Handling', 1, 'now', 'f');
INSERT INTO cmsession_module (cmsession_id, module_id) VALUES (1029, 252);
INSERT INTO lesson (id, type, duration, tags, title, subject, order_id, created_at, is_deleted) VALUES (5632,'PRESENTATION', 20, '', 'LESSON-1', 'NONE', 1, 'now','f');
INSERT INTO lesson_cmsession (lesson_id, cmsession_id) VALUES (5632, 1029);
INSERT INTO cmsession (id, title, description, order_id, created_at, is_deleted) VALUES (1028, 'Corporate- Objection Handling', 'Corporate- Objection Handling', 2, 'now', 'f');
INSERT INTO cmsession_module (cmsession_id, module_id) VALUES (1028, 252);
INSERT INTO lesson (id, type, duration, tags, title, subject, order_id, created_at, is_deleted) VALUES (5631,'PRESENTATION', 20, '', 'LESSON-1', 'NONE', 1, 'now','f');
INSERT INTO lesson_cmsession (lesson_id, cmsession_id) VALUES (5631, 1028);
INSERT INTO module (id, module_name, order_id, is_deleted) VALUES (253, 'Corporate- Sales Process: Close', 7, 'f');
INSERT INTO module_course (module_id, course_id) VALUES (253, 27);
INSERT INTO cmsession (id, title, description, order_id, created_at, is_deleted) VALUES (1030, 'Corporate- Closure Cues and Techniques', 'Corporate- Closure Cues and Techniques', 1, 'now', 'f');
INSERT INTO cmsession_module (cmsession_id, module_id) VALUES (1030, 253);
INSERT INTO lesson (id, type, duration, tags, title, subject, order_id, created_at, is_deleted) VALUES (5633,'PRESENTATION', 20, '', 'LESSON-1', 'NONE', 1, 'now','f');
INSERT INTO lesson_cmsession (lesson_id, cmsession_id) VALUES (5633, 1030);
INSERT INTO cmsession (id, title, description, order_id, created_at, is_deleted) VALUES (1032, 'Corporate- Negotiation tactics & strategies', 'Corporate- Negotiation tactics & strategies', 2, 'now', 'f');
INSERT INTO cmsession_module (cmsession_id, module_id) VALUES (1032, 253);
INSERT INTO lesson (id, type, duration, tags, title, subject, order_id, created_at, is_deleted) VALUES (5635,'PRESENTATION', 20, '', 'LESSON-1', 'NONE', 1, 'now','f');
INSERT INTO lesson_cmsession (lesson_id, cmsession_id) VALUES (5635, 1032);
INSERT INTO cmsession (id, title, description, order_id, created_at, is_deleted) VALUES (1033, 'Corporate- Negotiation tactics & strategies', 'Corporate- Negotiation tactics & strategies', 3, 'now', 'f');
INSERT INTO cmsession_module (cmsession_id, module_id) VALUES (1033, 253);
INSERT INTO lesson (id, type, duration, tags, title, subject, order_id, created_at, is_deleted) VALUES (5636,'PRESENTATION', 20, '', 'LESSON-1', 'NONE', 1, 'now','f');
INSERT INTO lesson_cmsession (lesson_id, cmsession_id) VALUES (5636, 1033);
INSERT INTO cmsession (id, title, description, order_id, created_at, is_deleted) VALUES (1031, 'Corporate- Closure Cues and Techniques', 'Corporate- Closure Cues and Techniques', 4, 'now', 'f');
INSERT INTO cmsession_module (cmsession_id, module_id) VALUES (1031, 253);
INSERT INTO lesson (id, type, duration, tags, title, subject, order_id, created_at, is_deleted) VALUES (5634,'PRESENTATION', 20, '', 'LESSON-1', 'NONE', 1, 'now','f');
INSERT INTO lesson_cmsession (lesson_id, cmsession_id) VALUES (5634, 1031);
INSERT INTO course (id, course_name, course_description, tags, created_at) VALUES (28, 'DDUGKY-ND-ComputerSkills-NonIT', 'DDUGKY - Non Domain -  Computer Skills for Non IT Background', NULL, 'now');
INSERT INTO module (id, module_name, order_id, is_deleted) VALUES (258, 'Basics of Computers', 1, 'f');
INSERT INTO module_course (module_id, course_id) VALUES (258, 28);
INSERT INTO cmsession (id, title, description, order_id, created_at, is_deleted) VALUES (1041, 'History of Computers', 'History of Computers', 1, 'now', 'f');
INSERT INTO cmsession_module (cmsession_id, module_id) VALUES (1041, 258);
INSERT INTO lesson (id, type, duration, tags, title, subject, order_id, created_at, is_deleted) VALUES (5681,'PRESENTATION', 60, 'computers,basics', 'Delete this', 'none', 1, 'now','f');
INSERT INTO lesson_cmsession (lesson_id, cmsession_id) VALUES (5681, 1041);
INSERT INTO lesson (id, type, duration, tags, title, subject, order_id, created_at, is_deleted) VALUES (6028,'PRESENTATION', 120, '', 'History of Computers', 'none', 2, 'now','f');
INSERT INTO lesson_cmsession (lesson_id, cmsession_id) VALUES (6028, 1041);
INSERT INTO cmsession (id, title, description, order_id, created_at, is_deleted) VALUES (1043, 'Components of a Computer', 'Components of a Computer', 2, 'now', 'f');
INSERT INTO cmsession_module (cmsession_id, module_id) VALUES (1043, 258);
INSERT INTO lesson (id, type, duration, tags, title, subject, order_id, created_at, is_deleted) VALUES (5683,'PRESENTATION', 60, 'computers,basics', 'Delete this', 'none', 1, 'now','f');
INSERT INTO lesson_cmsession (lesson_id, cmsession_id) VALUES (5683, 1043);
INSERT INTO lesson (id, type, duration, tags, title, subject, order_id, created_at, is_deleted) VALUES (6045,'PRESENTATION', 120, '', 'Components of a Computer', 'none', 2, 'now','f');
INSERT INTO lesson_cmsession (lesson_id, cmsession_id) VALUES (6045, 1043);
INSERT INTO module (id, module_name, order_id, is_deleted) VALUES (259, 'Operating Systems', 2, 'f');
INSERT INTO module_course (module_id, course_id) VALUES (259, 28);
INSERT INTO cmsession (id, title, description, order_id, created_at, is_deleted) VALUES (1042, 'Operating Systems Basics', 'Operating Systems', 1, 'now', 'f');
INSERT INTO cmsession_module (cmsession_id, module_id) VALUES (1042, 259);
INSERT INTO lesson (id, type, duration, tags, title, subject, order_id, created_at, is_deleted) VALUES (6050,'PRESENTATION', 120, '', 'Operating Systems Basics', 'none', 1, 'now','f');
INSERT INTO lesson_cmsession (lesson_id, cmsession_id) VALUES (6050, 1042);
INSERT INTO cmsession (id, title, description, order_id, created_at, is_deleted) VALUES (1044, 'OS - Windows', 'Windows Operating Systems', 2, 'now', 'f');
INSERT INTO cmsession_module (cmsession_id, module_id) VALUES (1044, 259);
INSERT INTO lesson (id, type, duration, tags, title, subject, order_id, created_at, is_deleted) VALUES (6048,'PRESENTATION', 120, '', 'Windows OS', 'none', 1, 'now','f');
INSERT INTO lesson_cmsession (lesson_id, cmsession_id) VALUES (6048, 1044);
INSERT INTO cmsession (id, title, description, order_id, created_at, is_deleted) VALUES (1045, 'File Systems', 'Different file systems in windows', 3, 'now', 'f');
INSERT INTO cmsession_module (cmsession_id, module_id) VALUES (1045, 259);
INSERT INTO lesson (id, type, duration, tags, title, subject, order_id, created_at, is_deleted) VALUES (6054,'PRESENTATION', 120, '', 'Delete', 'none', 1, 'now','f');
INSERT INTO lesson_cmsession (lesson_id, cmsession_id) VALUES (6054, 1045);
INSERT INTO lesson (id, type, duration, tags, title, subject, order_id, created_at, is_deleted) VALUES (6058,'PRESENTATION', 120, '', 'File systems', 'NONE', 2, 'now','f');
INSERT INTO lesson_cmsession (lesson_id, cmsession_id) VALUES (6058, 1045);
INSERT INTO module (id, module_name, order_id, is_deleted) VALUES (262, 'Computer Network Basics', 3, 'f');
INSERT INTO module_course (module_id, course_id) VALUES (262, 28);
INSERT INTO cmsession (id, title, description, order_id, created_at, is_deleted) VALUES (1053, 'Computer Network Basics', 'Computer Network Basics', 1, 'now', 'f');
INSERT INTO cmsession_module (cmsession_id, module_id) VALUES (1053, 262);
INSERT INTO lesson (id, type, duration, tags, title, subject, order_id, created_at, is_deleted) VALUES (6057,'PRESENTATION', 120, '', 'Computer Network Basics', 'none', 1, 'now','f');
INSERT INTO lesson_cmsession (lesson_id, cmsession_id) VALUES (6057, 1053);
INSERT INTO module (id, module_name, order_id, is_deleted) VALUES (260, 'Concepts of Internet', 4, 'f');
INSERT INTO module_course (module_id, course_id) VALUES (260, 28);
INSERT INTO cmsession (id, title, description, order_id, created_at, is_deleted) VALUES (1046, 'History of Internet', 'History of Internet', 1, 'now', 'f');
INSERT INTO cmsession_module (cmsession_id, module_id) VALUES (1046, 260);
INSERT INTO lesson (id, type, duration, tags, title, subject, order_id, created_at, is_deleted) VALUES (6068,'PRESENTATION', 120, '', 'History of Internet', 'NONE', 1, 'now','f');
INSERT INTO lesson_cmsession (lesson_id, cmsession_id) VALUES (6068, 1046);
INSERT INTO cmsession (id, title, description, order_id, created_at, is_deleted) VALUES (1047, 'Internet Browser', 'Various Internet Browser', 2, 'now', 'f');
INSERT INTO cmsession_module (cmsession_id, module_id) VALUES (1047, 260);
INSERT INTO lesson (id, type, duration, tags, title, subject, order_id, created_at, is_deleted) VALUES (6069,'PRESENTATION', 120, '', 'Internet Browsers', 'NONE', 1, 'now','f');
INSERT INTO lesson_cmsession (lesson_id, cmsession_id) VALUES (6069, 1047);
INSERT INTO cmsession (id, title, description, order_id, created_at, is_deleted) VALUES (1049, 'Mail and Social Networking', 'Mail and Social Networking Concepts', 3, 'now', 'f');
INSERT INTO cmsession_module (cmsession_id, module_id) VALUES (1049, 260);
INSERT INTO lesson (id, type, duration, tags, title, subject, order_id, created_at, is_deleted) VALUES (6074,'PRESENTATION', 120, '', 'Internet Mail', 'NONE', 1, 'now','f');
INSERT INTO lesson_cmsession (lesson_id, cmsession_id) VALUES (6074, 1049);
INSERT INTO lesson (id, type, duration, tags, title, subject, order_id, created_at, is_deleted) VALUES (6080,'PRESENTATION', 120, '', 'Social Networking', 'NONE', 2, 'now','f');
INSERT INTO lesson_cmsession (lesson_id, cmsession_id) VALUES (6080, 1049);
INSERT INTO lesson (id, type, duration, tags, title, subject, order_id, created_at, is_deleted) VALUES (6078,'PRESENTATION', 120, '', 'Delete this', 'none', 3, 'now','f');
INSERT INTO lesson_cmsession (lesson_id, cmsession_id) VALUES (6078, 1049);
INSERT INTO lesson (id, type, duration, tags, title, subject, order_id, created_at, is_deleted) VALUES (6079,'PRESENTATION', 120, '', 'Delete this', 'none', 4, 'now','f');
INSERT INTO lesson_cmsession (lesson_id, cmsession_id) VALUES (6079, 1049);
INSERT INTO cmsession (id, title, description, order_id, created_at, is_deleted) VALUES (1048, 'Internet tools', 'Session on useful online tools', 4, 'now', 'f');
INSERT INTO cmsession_module (cmsession_id, module_id) VALUES (1048, 260);
INSERT INTO lesson (id, type, duration, tags, title, subject, order_id, created_at, is_deleted) VALUES (6083,'PRESENTATION', 120, '', 'Google Tools', 'none', 1, 'now','f');
INSERT INTO lesson_cmsession (lesson_id, cmsession_id) VALUES (6083, 1048);
INSERT INTO module (id, module_name, order_id, is_deleted) VALUES (264, 'Computer Threats and Security', 5, 'f');
INSERT INTO module_course (module_id, course_id) VALUES (264, 28);
INSERT INTO cmsession (id, title, description, order_id, created_at, is_deleted) VALUES (1058, 'Computer Threats and Security', 'Computer Threats and Security', 1, 'now', 'f');
INSERT INTO cmsession_module (cmsession_id, module_id) VALUES (1058, 264);
INSERT INTO lesson (id, type, duration, tags, title, subject, order_id, created_at, is_deleted) VALUES (6088,'PRESENTATION', 120, '', 'Computer Threats and Security', 'NONE', 1, 'now','f');
INSERT INTO lesson_cmsession (lesson_id, cmsession_id) VALUES (6088, 1058);
INSERT INTO module (id, module_name, order_id, is_deleted) VALUES (263, 'Computer concepts - Advanced', 6, 'f');
INSERT INTO module_course (module_id, course_id) VALUES (263, 28);
INSERT INTO cmsession (id, title, description, order_id, created_at, is_deleted) VALUES (1057, 'IT Act', 'IT Act', 4, 'now', 'f');
INSERT INTO cmsession_module (cmsession_id, module_id) VALUES (1057, 263);
INSERT INTO lesson (id, type, duration, tags, title, subject, order_id, created_at, is_deleted) VALUES (6059,'PRESENTATION', 120, '', 'IT act', 'NONE', 1, 'now','f');
INSERT INTO lesson_cmsession (lesson_id, cmsession_id) VALUES (6059, 1057);
INSERT INTO cmsession (id, title, description, order_id, created_at, is_deleted) VALUES (1054, 'Multimedia based applications', 'Multimedia based applications', 1, 'now', 'f');
INSERT INTO cmsession_module (cmsession_id, module_id) VALUES (1054, 263);
INSERT INTO lesson (id, type, duration, tags, title, subject, order_id, created_at, is_deleted) VALUES (6061,'PRESENTATION', 120, '', 'Multimedia based applications', 'NONE', 1, 'now','f');
INSERT INTO lesson_cmsession (lesson_id, cmsession_id) VALUES (6061, 1054);
INSERT INTO cmsession (id, title, description, order_id, created_at, is_deleted) VALUES (1055, 'Cloud Computing', 'Cloud Computing Concepts', 2, 'now', 'f');
INSERT INTO cmsession_module (cmsession_id, module_id) VALUES (1055, 263);
INSERT INTO lesson (id, type, duration, tags, title, subject, order_id, created_at, is_deleted) VALUES (6092,'PRESENTATION', 120, '', 'Cloud Computing', 'NONE', 1, 'now','f');
INSERT INTO lesson_cmsession (lesson_id, cmsession_id) VALUES (6092, 1055);
INSERT INTO cmsession (id, title, description, order_id, created_at, is_deleted) VALUES (1056, 'Popular Tech Companies', 'Popular Tech Companies', 3, 'now', 'f');
INSERT INTO cmsession_module (cmsession_id, module_id) VALUES (1056, 263);
INSERT INTO lesson (id, type, duration, tags, title, subject, order_id, created_at, is_deleted) VALUES (6063,'PRESENTATION', 120, '', 'Popular Tech Companies', 'NONE', 1, 'now','f');
INSERT INTO lesson_cmsession (lesson_id, cmsession_id) VALUES (6063, 1056);
INSERT INTO module (id, module_name, order_id, is_deleted) VALUES (261, 'Technology in Business', 7, 'f');
INSERT INTO module_course (module_id, course_id) VALUES (261, 28);
INSERT INTO cmsession (id, title, description, order_id, created_at, is_deleted) VALUES (1050, 'Introduction of Smart Devices', 'Introduction of Smart Devices', 1, 'now', 'f');
INSERT INTO cmsession_module (cmsession_id, module_id) VALUES (1050, 261);
INSERT INTO lesson (id, type, duration, tags, title, subject, order_id, created_at, is_deleted) VALUES (6085,'PRESENTATION', 120, '', 'Introduction of Smart Devices', 'NONE', 1, 'now','f');
INSERT INTO lesson_cmsession (lesson_id, cmsession_id) VALUES (6085, 1050);
INSERT INTO cmsession (id, title, description, order_id, created_at, is_deleted) VALUES (1051, 'Technology in Business 1', 'Technology in Business - Concepts', 2, 'now', 'f');
INSERT INTO cmsession_module (cmsession_id, module_id) VALUES (1051, 261);
INSERT INTO lesson (id, type, duration, tags, title, subject, order_id, created_at, is_deleted) VALUES (6066,'PRESENTATION', 120, '', 'Technology in Business', 'NONE', 1, 'now','f');
INSERT INTO lesson_cmsession (lesson_id, cmsession_id) VALUES (6066, 1051);
INSERT INTO cmsession (id, title, description, order_id, created_at, is_deleted) VALUES (1052, 'Technology in Business 2', 'Technology in Business  - More concepts', 3, 'now', 'f');
INSERT INTO cmsession_module (cmsession_id, module_id) VALUES (1052, 261);
INSERT INTO module (id, module_name, order_id, is_deleted) VALUES (265, 'Computer Basics - Assessment', 8, 'f');
INSERT INTO module_course (module_id, course_id) VALUES (265, 28);
INSERT INTO cmsession (id, title, description, order_id, created_at, is_deleted) VALUES (1060, 'Computer Basics - Assessment', 'Computer Basics - Assessment', 1, 'now', 'f');
INSERT INTO cmsession_module (cmsession_id, module_id) VALUES (1060, 265);
INSERT INTO module (id, module_name, order_id, is_deleted) VALUES (266, 'MAWS Test', 9, 'f');
INSERT INTO module_course (module_id, course_id) VALUES (266, 28);
INSERT INTO cmsession (id, title, description, order_id, created_at, is_deleted) VALUES (1221, 'Maws Test', 'DDUGKY Maws Test', 1, 'now', 'f');
INSERT INTO cmsession_module (cmsession_id, module_id) VALUES (1221, 266);
INSERT INTO module (id, module_name, order_id, is_deleted) VALUES (267, 'Delete this', 10, 'f');
INSERT INTO module_course (module_id, course_id) VALUES (267, 28);
INSERT INTO module (id, module_name, order_id, is_deleted) VALUES (268, 'Delete this', 11, 'f');
INSERT INTO module_course (module_id, course_id) VALUES (268, 28);
INSERT INTO module (id, module_name, order_id, is_deleted) VALUES (269, 'Delete this', 12, 'f');
INSERT INTO module_course (module_id, course_id) VALUES (269, 28);
INSERT INTO module (id, module_name, order_id, is_deleted) VALUES (270, 'Delete this', 13, 'f');
INSERT INTO module_course (module_id, course_id) VALUES (270, 28);
INSERT INTO module (id, module_name, order_id, is_deleted) VALUES (271, 'Delete this', 14, 'f');
INSERT INTO module_course (module_id, course_id) VALUES (271, 28);
INSERT INTO module (id, module_name, order_id, is_deleted) VALUES (272, 'Delete this', 15, 'f');
INSERT INTO module_course (module_id, course_id) VALUES (272, 28);
INSERT INTO module (id, module_name, order_id, is_deleted) VALUES (273, 'Delete this', 16, 'f');
INSERT INTO module_course (module_id, course_id) VALUES (273, 28);
INSERT INTO module (id, module_name, order_id, is_deleted) VALUES (274, 'Delete this', 17, 'f');
INSERT INTO module_course (module_id, course_id) VALUES (274, 28);
INSERT INTO module (id, module_name, order_id, is_deleted) VALUES (275, 'Delete this', 18, 'f');
INSERT INTO module_course (module_id, course_id) VALUES (275, 28);
INSERT INTO module (id, module_name, order_id, is_deleted) VALUES (276, 'Delete this', 19, 'f');
INSERT INTO module_course (module_id, course_id) VALUES (276, 28);
INSERT INTO module (id, module_name, order_id, is_deleted) VALUES (277, 'Delete this', 20, 'f');
INSERT INTO module_course (module_id, course_id) VALUES (277, 28);
INSERT INTO course (id, course_name, course_description, tags, created_at) VALUES (29, 'DDUGKY-ND-ComputerSkills-IT', 'DDUGKY - Non Domain- Computer Skills for IT Background', NULL, 'now');
INSERT INTO module (id, module_name, order_id, is_deleted) VALUES (278, 'Computer Concepts', 1, 'f');
INSERT INTO module_course (module_id, course_id) VALUES (278, 29);
INSERT INTO cmsession (id, title, description, order_id, created_at, is_deleted) VALUES (1061, 'Computer Concepts', 'OS, Network, Cloud Computing', 1, 'now', 'f');
INSERT INTO cmsession_module (cmsession_id, module_id) VALUES (1061, 278);
INSERT INTO lesson (id, type, duration, tags, title, subject, order_id, created_at, is_deleted) VALUES (6150,'PRESENTATION', 120, '', 'History of Computers', 'none', 1, 'now','f');
INSERT INTO lesson_cmsession (lesson_id, cmsession_id) VALUES (6150, 1061);
INSERT INTO lesson (id, type, duration, tags, title, subject, order_id, created_at, is_deleted) VALUES (6261,'PRESENTATION', 120, '', 'Components of a Computer', 'none', 2, 'now','f');
INSERT INTO lesson_cmsession (lesson_id, cmsession_id) VALUES (6261, 1061);
INSERT INTO lesson (id, type, duration, tags, title, subject, order_id, created_at, is_deleted) VALUES (6151,'PRESENTATION', 120, '', 'Components of a Computer', 'none', 3, 'now','f');
INSERT INTO lesson_cmsession (lesson_id, cmsession_id) VALUES (6151, 1061);
INSERT INTO lesson (id, type, duration, tags, title, subject, order_id, created_at, is_deleted) VALUES (6273,'PRESENTATION', 120, '', 'Operating Systems Basics', 'none', 4, 'now','f');
INSERT INTO lesson_cmsession (lesson_id, cmsession_id) VALUES (6273, 1061);
INSERT INTO lesson (id, type, duration, tags, title, subject, order_id, created_at, is_deleted) VALUES (6152,'PRESENTATION', 120, '', 'Windows OS', 'none', 5, 'now','f');
INSERT INTO lesson_cmsession (lesson_id, cmsession_id) VALUES (6152, 1061);
INSERT INTO lesson (id, type, duration, tags, title, subject, order_id, created_at, is_deleted) VALUES (6153,'PRESENTATION', 120, '', 'File systems', 'NONE', 6, 'now','f');
INSERT INTO lesson_cmsession (lesson_id, cmsession_id) VALUES (6153, 1061);
INSERT INTO lesson (id, type, duration, tags, title, subject, order_id, created_at, is_deleted) VALUES (6154,'PRESENTATION', 120, '', 'Computer Network Basics', 'none', 7, 'now','f');
INSERT INTO lesson_cmsession (lesson_id, cmsession_id) VALUES (6154, 1061);
INSERT INTO lesson (id, type, duration, tags, title, subject, order_id, created_at, is_deleted) VALUES (6155,'PRESENTATION', 120, '', 'Internet Browsers', 'NONE', 8, 'now','f');
INSERT INTO lesson_cmsession (lesson_id, cmsession_id) VALUES (6155, 1061);
INSERT INTO lesson (id, type, duration, tags, title, subject, order_id, created_at, is_deleted) VALUES (6274,'PRESENTATION', 120, '', 'Internet Mail', 'NONE', 9, 'now','f');
INSERT INTO lesson_cmsession (lesson_id, cmsession_id) VALUES (6274, 1061);
INSERT INTO lesson (id, type, duration, tags, title, subject, order_id, created_at, is_deleted) VALUES (6156,'PRESENTATION', 120, '', 'Social Networking', 'NONE', 10, 'now','f');
INSERT INTO lesson_cmsession (lesson_id, cmsession_id) VALUES (6156, 1061);
INSERT INTO lesson (id, type, duration, tags, title, subject, order_id, created_at, is_deleted) VALUES (6157,'PRESENTATION', 120, '', 'Google Tools', 'none', 11, 'now','f');
INSERT INTO lesson_cmsession (lesson_id, cmsession_id) VALUES (6157, 1061);
INSERT INTO lesson (id, type, duration, tags, title, subject, order_id, created_at, is_deleted) VALUES (6158,'PRESENTATION', 120, '', 'Computer Threats and Security', 'NONE', 12, 'now','f');
INSERT INTO lesson_cmsession (lesson_id, cmsession_id) VALUES (6158, 1061);
INSERT INTO lesson (id, type, duration, tags, title, subject, order_id, created_at, is_deleted) VALUES (6159,'PRESENTATION', 120, '', 'Multimedia based applications', 'NONE', 13, 'now','f');
INSERT INTO lesson_cmsession (lesson_id, cmsession_id) VALUES (6159, 1061);
INSERT INTO lesson (id, type, duration, tags, title, subject, order_id, created_at, is_deleted) VALUES (6163,'PRESENTATION', 120, '', 'Technology in Business', 'NONE', 14, 'now','f');
INSERT INTO lesson_cmsession (lesson_id, cmsession_id) VALUES (6163, 1061);
INSERT INTO lesson (id, type, duration, tags, title, subject, order_id, created_at, is_deleted) VALUES (6160,'PRESENTATION', 120, '', 'Cloud Computing', 'NONE', 15, 'now','f');
INSERT INTO lesson_cmsession (lesson_id, cmsession_id) VALUES (6160, 1061);
INSERT INTO lesson (id, type, duration, tags, title, subject, order_id, created_at, is_deleted) VALUES (6161,'PRESENTATION', 120, '', 'Popular Tech Companies', 'NONE', 16, 'now','f');
INSERT INTO lesson_cmsession (lesson_id, cmsession_id) VALUES (6161, 1061);
INSERT INTO lesson (id, type, duration, tags, title, subject, order_id, created_at, is_deleted) VALUES (6162,'PRESENTATION', 120, '', 'IT act', 'NONE', 17, 'now','f');
INSERT INTO lesson_cmsession (lesson_id, cmsession_id) VALUES (6162, 1061);
INSERT INTO cmsession (id, title, description, order_id, created_at, is_deleted) VALUES (1323, 'Operating Systems', 'OS Concepts', 2, 'now', 'f');
INSERT INTO cmsession_module (cmsession_id, module_id) VALUES (1323, 278);
INSERT INTO lesson (id, type, duration, tags, title, subject, order_id, created_at, is_deleted) VALUES (6288,'PRESENTATION', 120, '', 'Operating Systems Basics', 'none', 1, 'now','f');
INSERT INTO lesson_cmsession (lesson_id, cmsession_id) VALUES (6288, 1323);
INSERT INTO lesson (id, type, duration, tags, title, subject, order_id, created_at, is_deleted) VALUES (6289,'PRESENTATION', 120, '', 'Windows OS', 'none', 2, 'now','f');
INSERT INTO lesson_cmsession (lesson_id, cmsession_id) VALUES (6289, 1323);
INSERT INTO lesson (id, type, duration, tags, title, subject, order_id, created_at, is_deleted) VALUES (6290,'PRESENTATION', 120, '', 'File systems', 'NONE', 3, 'now','f');
INSERT INTO lesson_cmsession (lesson_id, cmsession_id) VALUES (6290, 1323);
INSERT INTO cmsession (id, title, description, order_id, created_at, is_deleted) VALUES (1324, 'Internet', 'Internet Concepts', 3, 'now', 'f');
INSERT INTO cmsession_module (cmsession_id, module_id) VALUES (1324, 278);
INSERT INTO lesson (id, type, duration, tags, title, subject, order_id, created_at, is_deleted) VALUES (6291,'PRESENTATION', 120, '', 'Computer Network Basics', 'none', 1, 'now','f');
INSERT INTO lesson_cmsession (lesson_id, cmsession_id) VALUES (6291, 1324);
INSERT INTO lesson (id, type, duration, tags, title, subject, order_id, created_at, is_deleted) VALUES (6292,'PRESENTATION', 120, '', 'Internet Browsers', 'NONE', 2, 'now','f');
INSERT INTO lesson_cmsession (lesson_id, cmsession_id) VALUES (6292, 1324);
INSERT INTO lesson (id, type, duration, tags, title, subject, order_id, created_at, is_deleted) VALUES (6293,'PRESENTATION', 120, '', 'Internet Browsers', 'NONE', 3, 'now','f');
INSERT INTO lesson_cmsession (lesson_id, cmsession_id) VALUES (6293, 1324);
INSERT INTO cmsession (id, title, description, order_id, created_at, is_deleted) VALUES (1325, 'Mail and Social Networking', 'Mail and Social Networking Concepts', 4, 'now', 'f');
INSERT INTO cmsession_module (cmsession_id, module_id) VALUES (1325, 278);
INSERT INTO lesson (id, type, duration, tags, title, subject, order_id, created_at, is_deleted) VALUES (6294,'PRESENTATION', 120, '', 'Internet Mail', 'NONE', 1, 'now','f');
INSERT INTO lesson_cmsession (lesson_id, cmsession_id) VALUES (6294, 1325);
INSERT INTO lesson (id, type, duration, tags, title, subject, order_id, created_at, is_deleted) VALUES (6295,'PRESENTATION', 120, '', 'Social Networking', 'NONE', 2, 'now','f');
INSERT INTO lesson_cmsession (lesson_id, cmsession_id) VALUES (6295, 1325);
INSERT INTO lesson (id, type, duration, tags, title, subject, order_id, created_at, is_deleted) VALUES (6296,'PRESENTATION', 120, '', 'Google Tools', 'none', 3, 'now','f');
INSERT INTO lesson_cmsession (lesson_id, cmsession_id) VALUES (6296, 1325);
INSERT INTO cmsession (id, title, description, order_id, created_at, is_deleted) VALUES (1326, 'Threats & Security', 'Computer Threats and Security', 5, 'now', 'f');
INSERT INTO cmsession_module (cmsession_id, module_id) VALUES (1326, 278);
INSERT INTO lesson (id, type, duration, tags, title, subject, order_id, created_at, is_deleted) VALUES (6297,'PRESENTATION', 120, '', 'Computer Threats and Security', 'NONE', 1, 'now','f');
INSERT INTO lesson_cmsession (lesson_id, cmsession_id) VALUES (6297, 1326);
INSERT INTO cmsession (id, title, description, order_id, created_at, is_deleted) VALUES (1327, 'Technology & Business', 'Technology in Business - Concepts', 6, 'now', 'f');
INSERT INTO cmsession_module (cmsession_id, module_id) VALUES (1327, 278);
INSERT INTO lesson (id, type, duration, tags, title, subject, order_id, created_at, is_deleted) VALUES (6298,'PRESENTATION', 120, '', 'Multimedia based applications', 'NONE', 1, 'now','f');
INSERT INTO lesson_cmsession (lesson_id, cmsession_id) VALUES (6298, 1327);
INSERT INTO lesson (id, type, duration, tags, title, subject, order_id, created_at, is_deleted) VALUES (6299,'PRESENTATION', 120, '', 'Technology in Business', 'NONE', 2, 'now','f');
INSERT INTO lesson_cmsession (lesson_id, cmsession_id) VALUES (6299, 1327);
INSERT INTO lesson (id, type, duration, tags, title, subject, order_id, created_at, is_deleted) VALUES (6300,'PRESENTATION', 120, '', 'Cloud Computing', 'NONE', 3, 'now','f');
INSERT INTO lesson_cmsession (lesson_id, cmsession_id) VALUES (6300, 1327);
INSERT INTO lesson (id, type, duration, tags, title, subject, order_id, created_at, is_deleted) VALUES (6301,'PRESENTATION', 120, '', 'Popular Tech Companies', 'NONE', 4, 'now','f');
INSERT INTO lesson_cmsession (lesson_id, cmsession_id) VALUES (6301, 1327);
INSERT INTO lesson (id, type, duration, tags, title, subject, order_id, created_at, is_deleted) VALUES (6302,'PRESENTATION', 120, '', 'Popular Tech Companies', 'NONE', 5, 'now','f');
INSERT INTO lesson_cmsession (lesson_id, cmsession_id) VALUES (6302, 1327);
INSERT INTO lesson (id, type, duration, tags, title, subject, order_id, created_at, is_deleted) VALUES (6303,'PRESENTATION', 120, '', 'IT act', 'NONE', 6, 'now','f');
INSERT INTO lesson_cmsession (lesson_id, cmsession_id) VALUES (6303, 1327);
INSERT INTO module (id, module_name, order_id, is_deleted) VALUES (279, 'Topic - Computers in Business', 2, 'f');
INSERT INTO module_course (module_id, course_id) VALUES (279, 29);
INSERT INTO module (id, module_name, order_id, is_deleted) VALUES (280, 'Computer concepts - Advanced Topics', 3, 'f');
INSERT INTO module_course (module_id, course_id) VALUES (280, 29);
INSERT INTO module (id, module_name, order_id, is_deleted) VALUES (282, 'Internet concepts', 4, 'f');
INSERT INTO module_course (module_id, course_id) VALUES (282, 29);
INSERT INTO module (id, module_name, order_id, is_deleted) VALUES (281, 'Networking and Internet', 5, 'f');
INSERT INTO module_course (module_id, course_id) VALUES (281, 29);
INSERT INTO cmsession (id, title, description, order_id, created_at, is_deleted) VALUES (1062, 'Origin of the Internet', 'Origin of the Internet', 1, 'now', 'f');
INSERT INTO cmsession_module (cmsession_id, module_id) VALUES (1062, 281);
INSERT INTO lesson (id, type, duration, tags, title, subject, order_id, created_at, is_deleted) VALUES (6067,'PRESENTATION', 120, '', 'Origin of Internet', 'NONE', 1, 'now','f');
INSERT INTO lesson_cmsession (lesson_id, cmsession_id) VALUES (6067, 1062);
INSERT INTO cmsession (id, title, description, order_id, created_at, is_deleted) VALUES (1063, 'Networking Fundamentals', 'Networking Fundamentals', 2, 'now', 'f');
INSERT INTO cmsession_module (cmsession_id, module_id) VALUES (1063, 281);
INSERT INTO lesson (id, type, duration, tags, title, subject, order_id, created_at, is_deleted) VALUES (6070,'PRESENTATION', 120, '', 'Networking Fundamentals', 'NONE', 1, 'now','f');
INSERT INTO lesson_cmsession (lesson_id, cmsession_id) VALUES (6070, 1063);
INSERT INTO cmsession (id, title, description, order_id, created_at, is_deleted) VALUES (1064, '7 Layer OSI Model', '7 Layer OSI Model', 3, 'now', 'f');
INSERT INTO cmsession_module (cmsession_id, module_id) VALUES (1064, 281);
INSERT INTO lesson (id, type, duration, tags, title, subject, order_id, created_at, is_deleted) VALUES (6075,'PRESENTATION', 120, '', 'OSI Layers', 'NONE', 1, 'now','f');
INSERT INTO lesson_cmsession (lesson_id, cmsession_id) VALUES (6075, 1064);
INSERT INTO cmsession (id, title, description, order_id, created_at, is_deleted) VALUES (1065, 'TCP IP model, 5 Internet Architecture', 'TCP IP model, 5 Internet Architecture', 4, 'now', 'f');
INSERT INTO cmsession_module (cmsession_id, module_id) VALUES (1065, 281);
INSERT INTO lesson (id, type, duration, tags, title, subject, order_id, created_at, is_deleted) VALUES (6076,'PRESENTATION', 120, '', 'TCP/IP Model', 'NONE', 1, 'now','f');
INSERT INTO lesson_cmsession (lesson_id, cmsession_id) VALUES (6076, 1065);
INSERT INTO cmsession (id, title, description, order_id, created_at, is_deleted) VALUES (1066, 'Internet Arch and components', 'Internet Arch and components', 5, 'now', 'f');
INSERT INTO cmsession_module (cmsession_id, module_id) VALUES (1066, 281);
INSERT INTO lesson (id, type, duration, tags, title, subject, order_id, created_at, is_deleted) VALUES (6084,'PRESENTATION', 120, '', 'Internet Architecture and Component', 'NONE', 1, 'now','f');
INSERT INTO lesson_cmsession (lesson_id, cmsession_id) VALUES (6084, 1066);
INSERT INTO cmsession (id, title, description, order_id, created_at, is_deleted) VALUES (1067, 'Client Server model architecture', 'Client Server model architecture', 6, 'now', 'f');
INSERT INTO cmsession_module (cmsession_id, module_id) VALUES (1067, 281);
INSERT INTO lesson (id, type, duration, tags, title, subject, order_id, created_at, is_deleted) VALUES (6093,'PRESENTATION', 60, '', 'Client Server Model', 'NONE', 1, 'now','f');
INSERT INTO lesson_cmsession (lesson_id, cmsession_id) VALUES (6093, 1067);
INSERT INTO cmsession (id, title, description, order_id, created_at, is_deleted) VALUES (1068, 'Routing Concepts', 'Routing Concepts', 7, 'now', 'f');
INSERT INTO cmsession_module (cmsession_id, module_id) VALUES (1068, 281);
INSERT INTO lesson (id, type, duration, tags, title, subject, order_id, created_at, is_deleted) VALUES (6086,'PRESENTATION', 120, '', 'Routing Concept', 'NONE', 1, 'now','f');
INSERT INTO lesson_cmsession (lesson_id, cmsession_id) VALUES (6086, 1068);
INSERT INTO cmsession (id, title, description, order_id, created_at, is_deleted) VALUES (1069, 'Routing Protocols', 'Routing Protocols', 8, 'now', 'f');
INSERT INTO cmsession_module (cmsession_id, module_id) VALUES (1069, 281);
INSERT INTO lesson (id, type, duration, tags, title, subject, order_id, created_at, is_deleted) VALUES (6089,'PRESENTATION', 120, '', 'Routing Protocols and Server Architecture', 'none', 1, 'now','f');
INSERT INTO lesson_cmsession (lesson_id, cmsession_id) VALUES (6089, 1069);
INSERT INTO cmsession (id, title, description, order_id, created_at, is_deleted) VALUES (1070, 'IP Addressing', 'IP Addressing', 9, 'now', 'f');
INSERT INTO cmsession_module (cmsession_id, module_id) VALUES (1070, 281);
INSERT INTO lesson (id, type, duration, tags, title, subject, order_id, created_at, is_deleted) VALUES (6100,'PRESENTATION', 120, '', 'IP Addressing', 'none', 1, 'now','f');
INSERT INTO lesson_cmsession (lesson_id, cmsession_id) VALUES (6100, 1070);
INSERT INTO cmsession (id, title, description, order_id, created_at, is_deleted) VALUES (1072, 'IP routing', 'IP routing', 10, 'now', 'f');
INSERT INTO cmsession_module (cmsession_id, module_id) VALUES (1072, 281);
INSERT INTO lesson (id, type, duration, tags, title, subject, order_id, created_at, is_deleted) VALUES (6109,'PRESENTATION', 120, '', 'IP Routing', 'NONE', 1, 'now','f');
INSERT INTO lesson_cmsession (lesson_id, cmsession_id) VALUES (6109, 1072);
INSERT INTO cmsession (id, title, description, order_id, created_at, is_deleted) VALUES (1071, 'DNS', 'DNS', 11, 'now', 'f');
INSERT INTO cmsession_module (cmsession_id, module_id) VALUES (1071, 281);
INSERT INTO lesson (id, type, duration, tags, title, subject, order_id, created_at, is_deleted) VALUES (6094,'PRESENTATION', 120, '', 'Domain Name System', 'NONE', 1, 'now','f');
INSERT INTO lesson_cmsession (lesson_id, cmsession_id) VALUES (6094, 1071);
INSERT INTO course (id, course_name, course_description, tags, created_at) VALUES (30, 'DDUGKY-Programming Basics', 'Concepts of Programming - Basics, OOPS Concepts, Data Structures, Business Intelligence, SDLC', NULL, 'now');
INSERT INTO module (id, module_name, order_id, is_deleted) VALUES (283, 'Programming Basics', 1, 'f');
INSERT INTO module_course (module_id, course_id) VALUES (283, 30);
INSERT INTO cmsession (id, title, description, order_id, created_at, is_deleted) VALUES (1074, 'Computers as a Programming device', 'This sessions gives and introduction to computers as a programming device', 1, 'now', 'f');
INSERT INTO cmsession_module (cmsession_id, module_id) VALUES (1074, 283);
INSERT INTO lesson (id, type, duration, tags, title, subject, order_id, created_at, is_deleted) VALUES (5989,'PRESENTATION', 60, '', 'computer basics', 'none', 1, 'now','f');
INSERT INTO lesson_cmsession (lesson_id, cmsession_id) VALUES (5989, 1074);
INSERT INTO cmsession (id, title, description, order_id, created_at, is_deleted) VALUES (1075, 'Basics of Program', 'This sessions teaches the basics of a program', 2, 'now', 'f');
INSERT INTO cmsession_module (cmsession_id, module_id) VALUES (1075, 283);
INSERT INTO lesson (id, type, duration, tags, title, subject, order_id, created_at, is_deleted) VALUES (5991,'PRESENTATION', 60, '', 'Basics of program', 'none', 1, 'now','f');
INSERT INTO lesson_cmsession (lesson_id, cmsession_id) VALUES (5991, 1075);
INSERT INTO cmsession (id, title, description, order_id, created_at, is_deleted) VALUES (1076, 'Computer language and development', 'This sessions teaches about various computer language and development', 3, 'now', 'f');
INSERT INTO cmsession_module (cmsession_id, module_id) VALUES (1076, 283);
INSERT INTO lesson (id, type, duration, tags, title, subject, order_id, created_at, is_deleted) VALUES (6008,'PRESENTATION', 60, '', 'Computer langauge', 'none', 1, 'now','f');
INSERT INTO lesson_cmsession (lesson_id, cmsession_id) VALUES (6008, 1076);
INSERT INTO cmsession (id, title, description, order_id, created_at, is_deleted) VALUES (1077, 'Number System, BODMAS rule', 'This session teaches about various number systems and BODMAS rules in calculation', 4, 'now', 'f');
INSERT INTO cmsession_module (cmsession_id, module_id) VALUES (1077, 283);
INSERT INTO lesson (id, type, duration, tags, title, subject, order_id, created_at, is_deleted) VALUES (6012,'PRESENTATION', 60, '', 'Number system', 'none', 1, 'now','f');
INSERT INTO lesson_cmsession (lesson_id, cmsession_id) VALUES (6012, 1077);
INSERT INTO cmsession (id, title, description, order_id, created_at, is_deleted) VALUES (1078, 'Boolean Logic', 'This session teaches about boolean logic', 5, 'now', 'f');
INSERT INTO cmsession_module (cmsession_id, module_id) VALUES (1078, 283);
INSERT INTO lesson (id, type, duration, tags, title, subject, order_id, created_at, is_deleted) VALUES (6013,'PRESENTATION', 60, '', 'Boolean Logic', 'none', 1, 'now','f');
INSERT INTO lesson_cmsession (lesson_id, cmsession_id) VALUES (6013, 1078);
INSERT INTO cmsession (id, title, description, order_id, created_at, is_deleted) VALUES (1079, 'Algorithmic Thinking', 'This session gives an introduction to algorithmic thinking', 6, 'now', 'f');
INSERT INTO cmsession_module (cmsession_id, module_id) VALUES (1079, 283);
INSERT INTO lesson (id, type, duration, tags, title, subject, order_id, created_at, is_deleted) VALUES (6014,'PRESENTATION', 120, '', 'Algorithmic Thinking', 'none', 1, 'now','f');
INSERT INTO lesson_cmsession (lesson_id, cmsession_id) VALUES (6014, 1079);
INSERT INTO cmsession (id, title, description, order_id, created_at, is_deleted) VALUES (1080, 'Language Basics - Datatypes, Variables, Records', 'This session teaches about Datatypes, Variables, Records for programming', 7, 'now', 'f');
INSERT INTO cmsession_module (cmsession_id, module_id) VALUES (1080, 283);
INSERT INTO lesson (id, type, duration, tags, title, subject, order_id, created_at, is_deleted) VALUES (6015,'PRESENTATION', 60, '', 'Langauge Basics', 'none', 1, 'now','f');
INSERT INTO lesson_cmsession (lesson_id, cmsession_id) VALUES (6015, 1080);
INSERT INTO cmsession (id, title, description, order_id, created_at, is_deleted) VALUES (1196, 'Strings', 'Concepts of strings in programming', 8, 'now', 'f');
INSERT INTO cmsession_module (cmsession_id, module_id) VALUES (1196, 283);
INSERT INTO lesson (id, type, duration, tags, title, subject, order_id, created_at, is_deleted) VALUES (5997,'PRESENTATION', 60, '', 'Strings', 'NONE', 1, 'now','f');
INSERT INTO lesson_cmsession (lesson_id, cmsession_id) VALUES (5997, 1196);
INSERT INTO cmsession (id, title, description, order_id, created_at, is_deleted) VALUES (1081, 'Language Basics Decisions statements, Looping Statements', 'This session teaches about Decisions statements, Looping Statements', 9, 'now', 'f');
INSERT INTO cmsession_module (cmsession_id, module_id) VALUES (1081, 283);
INSERT INTO lesson (id, type, duration, tags, title, subject, order_id, created_at, is_deleted) VALUES (6016,'PRESENTATION', 120, '', 'Decision looping', 'none', 1, 'now','f');
INSERT INTO lesson_cmsession (lesson_id, cmsession_id) VALUES (6016, 1081);
INSERT INTO cmsession (id, title, description, order_id, created_at, is_deleted) VALUES (1194, 'FlowChart and Pseudocode', 'This sessions teaches about use of flowchart and pseudocode', 10, 'now', 'f');
INSERT INTO cmsession_module (cmsession_id, module_id) VALUES (1194, 283);
INSERT INTO lesson (id, type, duration, tags, title, subject, order_id, created_at, is_deleted) VALUES (5996,'PRESENTATION', 60, '', 'Flowchart and Pseudocode', 'NONE', 1, 'now','f');
INSERT INTO lesson_cmsession (lesson_id, cmsession_id) VALUES (5996, 1194);
INSERT INTO cmsession (id, title, description, order_id, created_at, is_deleted) VALUES (1198, 'Computational Complexity and Big-O', 'Understanding program complexity', 11, 'now', 'f');
INSERT INTO cmsession_module (cmsession_id, module_id) VALUES (1198, 283);
INSERT INTO lesson (id, type, duration, tags, title, subject, order_id, created_at, is_deleted) VALUES (5994,'PRESENTATION', 60, '', 'Computational Complexity', 'NONE', 1, 'now','f');
INSERT INTO lesson_cmsession (lesson_id, cmsession_id) VALUES (5994, 1198);
INSERT INTO cmsession (id, title, description, order_id, created_at, is_deleted) VALUES (1193, 'Programming Tools', 'This teaches about different tools involved in programming', 12, 'now', 'f');
INSERT INTO cmsession_module (cmsession_id, module_id) VALUES (1193, 283);
INSERT INTO lesson (id, type, duration, tags, title, subject, order_id, created_at, is_deleted) VALUES (5993,'PRESENTATION', 55, '', 'Programming Tools', 'NONE', 1, 'now','f');
INSERT INTO lesson_cmsession (lesson_id, cmsession_id) VALUES (5993, 1193);
INSERT INTO cmsession (id, title, description, order_id, created_at, is_deleted) VALUES (1197, 'Programming Practises', 'Teaches about good practises in programming', 13, 'now', 'f');
INSERT INTO cmsession_module (cmsession_id, module_id) VALUES (1197, 283);
INSERT INTO lesson (id, type, duration, tags, title, subject, order_id, created_at, is_deleted) VALUES (5995,'PRESENTATION', 60, '', 'Programming Practises', 'NONE', 1, 'now','f');
INSERT INTO lesson_cmsession (lesson_id, cmsession_id) VALUES (5995, 1197);
INSERT INTO module (id, module_name, order_id, is_deleted) VALUES (284, 'Object Oriented Programming Concepts', 2, 'f');
INSERT INTO module_course (module_id, course_id) VALUES (284, 30);
INSERT INTO cmsession (id, title, description, order_id, created_at, is_deleted) VALUES (1115, 'Classes and Objects', 'This session teaches about classes and objects', 1, 'now', 'f');
INSERT INTO cmsession_module (cmsession_id, module_id) VALUES (1115, 284);
INSERT INTO lesson (id, type, duration, tags, title, subject, order_id, created_at, is_deleted) VALUES (5990,'PRESENTATION', 60, '', 'Delete this', 'none', 1, 'now','f');
INSERT INTO lesson_cmsession (lesson_id, cmsession_id) VALUES (5990, 1115);
INSERT INTO lesson (id, type, duration, tags, title, subject, order_id, created_at, is_deleted) VALUES (6116,'PRESENTATION', 60, '', 'Classes and Objects', 'NONE', 2, 'now','f');
INSERT INTO lesson_cmsession (lesson_id, cmsession_id) VALUES (6116, 1115);
INSERT INTO cmsession (id, title, description, order_id, created_at, is_deleted) VALUES (1116, 'Classes and Methods', 'This sessions teaches about classes and methods', 2, 'now', 'f');
INSERT INTO cmsession_module (cmsession_id, module_id) VALUES (1116, 284);
INSERT INTO lesson (id, type, duration, tags, title, subject, order_id, created_at, is_deleted) VALUES (6117,'PRESENTATION', 60, '', 'Methods', 'NONE', 1, 'now','f');
INSERT INTO lesson_cmsession (lesson_id, cmsession_id) VALUES (6117, 1116);
INSERT INTO cmsession (id, title, description, order_id, created_at, is_deleted) VALUES (1117, 'Encapsulation and Abstraction', 'This session teaches about Encapsulation and Abstraction in OOPS', 3, 'now', 'f');
INSERT INTO cmsession_module (cmsession_id, module_id) VALUES (1117, 284);
INSERT INTO lesson (id, type, duration, tags, title, subject, order_id, created_at, is_deleted) VALUES (6111,'PRESENTATION', 60, '', 'Encapsulation and Abstraction', 'none', 1, 'now','f');
INSERT INTO lesson_cmsession (lesson_id, cmsession_id) VALUES (6111, 1117);
INSERT INTO cmsession (id, title, description, order_id, created_at, is_deleted) VALUES (1118, 'Inheritance', 'This session teaches about Inheritance in OOPS', 4, 'now', 'f');
INSERT INTO cmsession_module (cmsession_id, module_id) VALUES (1118, 284);
INSERT INTO lesson (id, type, duration, tags, title, subject, order_id, created_at, is_deleted) VALUES (6112,'PRESENTATION', 60, '', 'Inheritance', 'none', 1, 'now','f');
INSERT INTO lesson_cmsession (lesson_id, cmsession_id) VALUES (6112, 1118);
INSERT INTO cmsession (id, title, description, order_id, created_at, is_deleted) VALUES (1119, 'Polymorphism', 'This method teaches about Polymorphism concepts in OOPS', 5, 'now', 'f');
INSERT INTO cmsession_module (cmsession_id, module_id) VALUES (1119, 284);
INSERT INTO lesson (id, type, duration, tags, title, subject, order_id, created_at, is_deleted) VALUES (6113,'PRESENTATION', 60, '', 'Polymorphism', 'NONE', 1, 'now','f');
INSERT INTO lesson_cmsession (lesson_id, cmsession_id) VALUES (6113, 1119);
INSERT INTO cmsession (id, title, description, order_id, created_at, is_deleted) VALUES (1121, 'Scope of Variables', 'This session teaches about different scope of variables - Private, public, protected in OOPS', 6, 'now', 'f');
INSERT INTO cmsession_module (cmsession_id, module_id) VALUES (1121, 284);
INSERT INTO lesson (id, type, duration, tags, title, subject, order_id, created_at, is_deleted) VALUES (6104,'PRESENTATION', 60, '', 'Scope of Variables', 'NONE', 1, 'now','f');
INSERT INTO lesson_cmsession (lesson_id, cmsession_id) VALUES (6104, 1121);
INSERT INTO cmsession (id, title, description, order_id, created_at, is_deleted) VALUES (1120, 'Constructor and Destructor', 'This session teaches about constructor and destructor  in OOPS', 7, 'now', 'f');
INSERT INTO cmsession_module (cmsession_id, module_id) VALUES (1120, 284);
INSERT INTO lesson (id, type, duration, tags, title, subject, order_id, created_at, is_deleted) VALUES (6110,'PRESENTATION', 60, '', 'Constructor and Destructor Concepts', 'NONE', 1, 'now','f');
INSERT INTO lesson_cmsession (lesson_id, cmsession_id) VALUES (6110, 1120);
INSERT INTO cmsession (id, title, description, order_id, created_at, is_deleted) VALUES (1234, 'OOPS Languages 1', 'This session teaches about common OOPS languages', 8, 'now', 'f');
INSERT INTO cmsession_module (cmsession_id, module_id) VALUES (1234, 284);
INSERT INTO cmsession (id, title, description, order_id, created_at, is_deleted) VALUES (1235, 'OOPS Languages 2', 'This session teaches about OOPS languages', 9, 'now', 'f');
INSERT INTO cmsession_module (cmsession_id, module_id) VALUES (1235, 284);
INSERT INTO lesson (id, type, duration, tags, title, subject, order_id, created_at, is_deleted) VALUES (6099,'PRESENTATION', 60, '', 'Overview of different Object oriented languages-2', 'NONE', 1, 'now','f');
INSERT INTO lesson_cmsession (lesson_id, cmsession_id) VALUES (6099, 1235);
INSERT INTO module (id, module_name, order_id, is_deleted) VALUES (286, 'Data Structures & Algorithms', 3, 'f');
INSERT INTO module_course (module_id, course_id) VALUES (286, 30);
INSERT INTO cmsession (id, title, description, order_id, created_at, is_deleted) VALUES (1122, 'Introduction to Data Structures', 'This session gives and introduction to data structures and need for DS', 1, 'now', 'f');
INSERT INTO cmsession_module (cmsession_id, module_id) VALUES (1122, 286);
INSERT INTO lesson (id, type, duration, tags, title, subject, order_id, created_at, is_deleted) VALUES (5901,'PRESENTATION', 60, '', '16_datastructure_introduction', 'NONE', 1, 'now','f');
INSERT INTO lesson_cmsession (lesson_id, cmsession_id) VALUES (5901, 1122);
INSERT INTO cmsession (id, title, description, order_id, created_at, is_deleted) VALUES (1123, 'Array, Linked List', 'This session teaches about Arrays and Linked List in programming', 2, 'now', 'f');
INSERT INTO cmsession_module (cmsession_id, module_id) VALUES (1123, 286);
INSERT INTO lesson (id, type, duration, tags, title, subject, order_id, created_at, is_deleted) VALUES (5911,'PRESENTATION', 60, '', '17_datastructures_array_linkedlist', 'none', 1, 'now','f');
INSERT INTO lesson_cmsession (lesson_id, cmsession_id) VALUES (5911, 1123);
INSERT INTO cmsession (id, title, description, order_id, created_at, is_deleted) VALUES (1124, 'Types of Linked List', 'This session teaches about different types of linked list', 3, 'now', 'f');
INSERT INTO cmsession_module (cmsession_id, module_id) VALUES (1124, 286);
INSERT INTO lesson (id, type, duration, tags, title, subject, order_id, created_at, is_deleted) VALUES (5932,'PRESENTATION', 120, '', '18_datastructure_linkedlist', 'NONE', 1, 'now','f');
INSERT INTO lesson_cmsession (lesson_id, cmsession_id) VALUES (5932, 1124);
INSERT INTO cmsession (id, title, description, order_id, created_at, is_deleted) VALUES (1125, 'Stack, Queue', 'This session teaches about Stacks and Queue, usage and differences', 4, 'now', 'f');
INSERT INTO cmsession_module (cmsession_id, module_id) VALUES (1125, 286);
INSERT INTO lesson (id, type, duration, tags, title, subject, order_id, created_at, is_deleted) VALUES (5900,'PRESENTATION', 120, '', '19_datastructure_stackqueues', 'NONE', 1, 'now','f');
INSERT INTO lesson_cmsession (lesson_id, cmsession_id) VALUES (5900, 1125);
INSERT INTO cmsession (id, title, description, order_id, created_at, is_deleted) VALUES (1191, 'Recursion', 'This session teaches about Recursion concepts in programming', 5, 'now', 'f');
INSERT INTO cmsession_module (cmsession_id, module_id) VALUES (1191, 286);
INSERT INTO lesson (id, type, duration, tags, title, subject, order_id, created_at, is_deleted) VALUES (5967,'PRESENTATION', 120, '', '22_datastructure_recursion', 'NONE', 1, 'now','f');
INSERT INTO lesson_cmsession (lesson_id, cmsession_id) VALUES (5967, 1191);
INSERT INTO cmsession (id, title, description, order_id, created_at, is_deleted) VALUES (1126, 'Tree Data Structure', 'This session teaches about tree data structure and different types of data structures', 6, 'now', 'f');
INSERT INTO cmsession_module (cmsession_id, module_id) VALUES (1126, 286);
INSERT INTO lesson (id, type, duration, tags, title, subject, order_id, created_at, is_deleted) VALUES (5931,'PRESENTATION', 120, '', '20_datastructure_binarytree', 'NONE', 1, 'now','f');
INSERT INTO lesson_cmsession (lesson_id, cmsession_id) VALUES (5931, 1126);
INSERT INTO cmsession (id, title, description, order_id, created_at, is_deleted) VALUES (1190, 'Graphs', 'This session teaches about Graph DataStructures and types', 7, 'now', 'f');
INSERT INTO cmsession_module (cmsession_id, module_id) VALUES (1190, 286);
INSERT INTO lesson (id, type, duration, tags, title, subject, order_id, created_at, is_deleted) VALUES (5954,'PRESENTATION', 120, '', '21_datastructure_graphs', 'NONE', 1, 'now','f');
INSERT INTO lesson_cmsession (lesson_id, cmsession_id) VALUES (5954, 1190);
INSERT INTO cmsession (id, title, description, order_id, created_at, is_deleted) VALUES (1127, 'Searching Algorithms', 'This session teaches about different search algorithms in programming', 8, 'now', 'f');
INSERT INTO cmsession_module (cmsession_id, module_id) VALUES (1127, 286);
INSERT INTO lesson (id, type, duration, tags, title, subject, order_id, created_at, is_deleted) VALUES (5912,'PRESENTATION', 120, '', '21_datastructure_searching', 'none', 1, 'now','f');
INSERT INTO lesson_cmsession (lesson_id, cmsession_id) VALUES (5912, 1127);
INSERT INTO cmsession (id, title, description, order_id, created_at, is_deleted) VALUES (1128, 'Sorting Algorithms', 'This session teaches about various sorting algorithms in programming', 9, 'now', 'f');
INSERT INTO cmsession_module (cmsession_id, module_id) VALUES (1128, 286);
INSERT INTO lesson (id, type, duration, tags, title, subject, order_id, created_at, is_deleted) VALUES (5942,'PRESENTATION', 120, '', '22_Datastructure_sortingalgorithm', 'none', 1, 'now','f');
INSERT INTO lesson_cmsession (lesson_id, cmsession_id) VALUES (5942, 1128);
INSERT INTO module (id, module_name, order_id, is_deleted) VALUES (287, 'DBMS', 4, 'f');
INSERT INTO module_course (module_id, course_id) VALUES (287, 30);
INSERT INTO cmsession (id, title, description, order_id, created_at, is_deleted) VALUES (1129, 'Role of Data in the Organization', 'This session teaches about the role of data in organization', 1, 'now', 'f');
INSERT INTO cmsession_module (cmsession_id, module_id) VALUES (1129, 287);
INSERT INTO lesson (id, type, duration, tags, title, subject, order_id, created_at, is_deleted) VALUES (5773,'PRESENTATION', 120, '', 'Role of Data in the Organization', 'NONE', 1, 'now','f');
INSERT INTO lesson_cmsession (lesson_id, cmsession_id) VALUES (5773, 1129);
INSERT INTO lesson (id, type, duration, tags, title, subject, order_id, created_at, is_deleted) VALUES (6139,'PRESENTATION', 60, '', 'Role of data in the Organization', 'NONE', 2, 'now','f');
INSERT INTO lesson_cmsession (lesson_id, cmsession_id) VALUES (6139, 1129);
INSERT INTO cmsession (id, title, description, order_id, created_at, is_deleted) VALUES (1130, 'Data Organization', 'This session teaches about various types of data organizations', 2, 'now', 'f');
INSERT INTO cmsession_module (cmsession_id, module_id) VALUES (1130, 287);
INSERT INTO lesson (id, type, duration, tags, title, subject, order_id, created_at, is_deleted) VALUES (5774,'PRESENTATION', 120, '', 'Data Organization', 'NONE', 1, 'now','f');
INSERT INTO lesson_cmsession (lesson_id, cmsession_id) VALUES (5774, 1130);
INSERT INTO lesson (id, type, duration, tags, title, subject, order_id, created_at, is_deleted) VALUES (6140,'PRESENTATION', 60, '', 'Data Organization', 'NONE', 2, 'now','f');
INSERT INTO lesson_cmsession (lesson_id, cmsession_id) VALUES (6140, 1130);
INSERT INTO cmsession (id, title, description, order_id, created_at, is_deleted) VALUES (1131, 'Uses of Data', 'This session teaches about various uses of data', 3, 'now', 'f');
INSERT INTO cmsession_module (cmsession_id, module_id) VALUES (1131, 287);
INSERT INTO lesson (id, type, duration, tags, title, subject, order_id, created_at, is_deleted) VALUES (5775,'PRESENTATION', 120, '', 'Uses of Data', 'none', 1, 'now','f');
INSERT INTO lesson_cmsession (lesson_id, cmsession_id) VALUES (5775, 1131);
INSERT INTO cmsession (id, title, description, order_id, created_at, is_deleted) VALUES (1132, 'Data definition and Keywords', 'This session teaches about various data definitions and keywords', 4, 'now', 'f');
INSERT INTO cmsession_module (cmsession_id, module_id) VALUES (1132, 287);
INSERT INTO lesson (id, type, duration, tags, title, subject, order_id, created_at, is_deleted) VALUES (5776,'PRESENTATION', 120, '', 'Data Definition and Keywords', 'NONE', 1, 'now','f');
INSERT INTO lesson_cmsession (lesson_id, cmsession_id) VALUES (5776, 1132);
INSERT INTO cmsession (id, title, description, order_id, created_at, is_deleted) VALUES (1133, 'CRUD tables', 'This session teaches about operations on tables', 5, 'now', 'f');
INSERT INTO cmsession_module (cmsession_id, module_id) VALUES (1133, 287);
INSERT INTO lesson (id, type, duration, tags, title, subject, order_id, created_at, is_deleted) VALUES (5777,'PRESENTATION', 120, '', 'CRUD tables', 'NONE', 1, 'now','f');
INSERT INTO lesson_cmsession (lesson_id, cmsession_id) VALUES (5777, 1133);
INSERT INTO lesson (id, type, duration, tags, title, subject, order_id, created_at, is_deleted) VALUES (6180,'PRESENTATION', 60, '', 'Database Fundamentals', 'NONE', 2, 'now','f');
INSERT INTO lesson_cmsession (lesson_id, cmsession_id) VALUES (6180, 1133);
INSERT INTO lesson (id, type, duration, tags, title, subject, order_id, created_at, is_deleted) VALUES (6181,'PRESENTATION', 60, '', 'Relational Database', 'NONE', 3, 'now','f');
INSERT INTO lesson_cmsession (lesson_id, cmsession_id) VALUES (6181, 1133);
INSERT INTO cmsession (id, title, description, order_id, created_at, is_deleted) VALUES (1134, 'Table design', 'This session teaches about table design', 6, 'now', 'f');
INSERT INTO cmsession_module (cmsession_id, module_id) VALUES (1134, 287);
INSERT INTO lesson (id, type, duration, tags, title, subject, order_id, created_at, is_deleted) VALUES (5778,'PRESENTATION', 120, '', 'Table design', 'NONE', 1, 'now','f');
INSERT INTO lesson_cmsession (lesson_id, cmsession_id) VALUES (5778, 1134);
INSERT INTO cmsession (id, title, description, order_id, created_at, is_deleted) VALUES (1137, 'Database Programming', 'This session teaches about writing queries in SQL', 7, 'now', 'f');
INSERT INTO cmsession_module (cmsession_id, module_id) VALUES (1137, 287);
INSERT INTO lesson (id, type, duration, tags, title, subject, order_id, created_at, is_deleted) VALUES (5781,'PRESENTATION', 120, '', 'SQL queries', 'NONE', 1, 'now','f');
INSERT INTO lesson_cmsession (lesson_id, cmsession_id) VALUES (5781, 1137);
INSERT INTO lesson (id, type, duration, tags, title, subject, order_id, created_at, is_deleted) VALUES (5782,'PRESENTATION', 120, '', 'SQL queries2', 'NONE', 2, 'now','f');
INSERT INTO lesson_cmsession (lesson_id, cmsession_id) VALUES (5782, 1137);
INSERT INTO cmsession (id, title, description, order_id, created_at, is_deleted) VALUES (1138, 'Database programming 1', 'This session teaches about programming in databases', 8, 'now', 'f');
INSERT INTO cmsession_module (cmsession_id, module_id) VALUES (1138, 287);
INSERT INTO lesson (id, type, duration, tags, title, subject, order_id, created_at, is_deleted) VALUES (5783,'PRESENTATION', 120, '', 'Database programming 1', 'NONE', 1, 'now','f');
INSERT INTO lesson_cmsession (lesson_id, cmsession_id) VALUES (5783, 1138);
INSERT INTO lesson (id, type, duration, tags, title, subject, order_id, created_at, is_deleted) VALUES (5784,'PRESENTATION', 120, '', 'Database programming 2', 'NONE', 2, 'now','f');
INSERT INTO lesson_cmsession (lesson_id, cmsession_id) VALUES (5784, 1138);
INSERT INTO lesson (id, type, duration, tags, title, subject, order_id, created_at, is_deleted) VALUES (5789,'PRESENTATION', 120, '', 'Database programming 4', 'NONE', 3, 'now','f');
INSERT INTO lesson_cmsession (lesson_id, cmsession_id) VALUES (5789, 1138);
INSERT INTO lesson (id, type, duration, tags, title, subject, order_id, created_at, is_deleted) VALUES (6146,'PRESENTATION', 120, '', 'Database Organization', 'NONE', 4, 'now','f');
INSERT INTO lesson_cmsession (lesson_id, cmsession_id) VALUES (6146, 1138);
INSERT INTO cmsession (id, title, description, order_id, created_at, is_deleted) VALUES (1139, 'Database programming 2', 'This session teaches about programming in databases', 9, 'now', 'f');
INSERT INTO cmsession_module (cmsession_id, module_id) VALUES (1139, 287);
INSERT INTO lesson (id, type, duration, tags, title, subject, order_id, created_at, is_deleted) VALUES (6147,'PRESENTATION', 120, '', 'Database Programming - 2', 'NONE', 1, 'now','f');
INSERT INTO lesson_cmsession (lesson_id, cmsession_id) VALUES (6147, 1139);
INSERT INTO cmsession (id, title, description, order_id, created_at, is_deleted) VALUES (1140, 'Database programming 3', 'This session teaches about programming in databases', 10, 'now', 'f');
INSERT INTO cmsession_module (cmsession_id, module_id) VALUES (1140, 287);
INSERT INTO lesson (id, type, duration, tags, title, subject, order_id, created_at, is_deleted) VALUES (6148,'PRESENTATION', 120, '', 'Database Programming - 3', 'NONE', 1, 'now','f');
INSERT INTO lesson_cmsession (lesson_id, cmsession_id) VALUES (6148, 1140);
INSERT INTO cmsession (id, title, description, order_id, created_at, is_deleted) VALUES (1141, 'Database programming 4', 'This session teaches about programming in databases', 11, 'now', 'f');
INSERT INTO cmsession_module (cmsession_id, module_id) VALUES (1141, 287);
INSERT INTO lesson (id, type, duration, tags, title, subject, order_id, created_at, is_deleted) VALUES (6149,'PRESENTATION', 120, '', 'Database Programming - 4', 'NONE', 1, 'now','f');
INSERT INTO lesson_cmsession (lesson_id, cmsession_id) VALUES (6149, 1141);
INSERT INTO cmsession (id, title, description, order_id, created_at, is_deleted) VALUES (1142, 'Database programming 5', 'This session teaches about programming in databases', 12, 'now', 'f');
INSERT INTO cmsession_module (cmsession_id, module_id) VALUES (1142, 287);
INSERT INTO lesson (id, type, duration, tags, title, subject, order_id, created_at, is_deleted) VALUES (6164,'PRESENTATION', 120, '', 'Database Programming - 5', 'NONE', 1, 'now','f');
INSERT INTO lesson_cmsession (lesson_id, cmsession_id) VALUES (6164, 1142);
INSERT INTO cmsession (id, title, description, order_id, created_at, is_deleted) VALUES (1135, 'Database Programming - 6', 'This session gives introduction to relational model in database', 13, 'now', 'f');
INSERT INTO cmsession_module (cmsession_id, module_id) VALUES (1135, 287);
INSERT INTO lesson (id, type, duration, tags, title, subject, order_id, created_at, is_deleted) VALUES (5779,'PRESENTATION', 120, '', 'Orientation to relational model', 'NONE', 1, 'now','f');
INSERT INTO lesson_cmsession (lesson_id, cmsession_id) VALUES (5779, 1135);
INSERT INTO lesson (id, type, duration, tags, title, subject, order_id, created_at, is_deleted) VALUES (6165,'PRESENTATION', 120, '', 'Database Programming - 6', 'NONE', 2, 'now','f');
INSERT INTO lesson_cmsession (lesson_id, cmsession_id) VALUES (6165, 1135);
INSERT INTO cmsession (id, title, description, order_id, created_at, is_deleted) VALUES (1136, 'Database Programming - 7', 'This session teaches about giving instruction in SQL', 14, 'now', 'f');
INSERT INTO cmsession_module (cmsession_id, module_id) VALUES (1136, 287);
INSERT INTO lesson (id, type, duration, tags, title, subject, order_id, created_at, is_deleted) VALUES (5780,'PRESENTATION', 120, '', 'SQL instructions', 'NONE', 1, 'now','f');
INSERT INTO lesson_cmsession (lesson_id, cmsession_id) VALUES (5780, 1136);
INSERT INTO lesson (id, type, duration, tags, title, subject, order_id, created_at, is_deleted) VALUES (6167,'PRESENTATION', 120, '', 'Database Programming - 7', 'NONE', 2, 'now','f');
INSERT INTO lesson_cmsession (lesson_id, cmsession_id) VALUES (6167, 1136);
INSERT INTO cmsession (id, title, description, order_id, created_at, is_deleted) VALUES (1256, 'Database Programming - 8', 'Database Programming - 8', 15, 'now', 'f');
INSERT INTO cmsession_module (cmsession_id, module_id) VALUES (1256, 287);
INSERT INTO lesson (id, type, duration, tags, title, subject, order_id, created_at, is_deleted) VALUES (6168,'PRESENTATION', 120, '', 'Database Programming - 8', 'NONE', 1, 'now','f');
INSERT INTO lesson_cmsession (lesson_id, cmsession_id) VALUES (6168, 1256);
INSERT INTO cmsession (id, title, description, order_id, created_at, is_deleted) VALUES (1257, 'Database Programming - 9', 'Database Programming - 9', 16, 'now', 'f');
INSERT INTO cmsession_module (cmsession_id, module_id) VALUES (1257, 287);
INSERT INTO lesson (id, type, duration, tags, title, subject, order_id, created_at, is_deleted) VALUES (6169,'PRESENTATION', 120, '', 'Database Programming - 9', 'NONE', 1, 'now','f');
INSERT INTO lesson_cmsession (lesson_id, cmsession_id) VALUES (6169, 1257);
INSERT INTO module (id, module_name, order_id, is_deleted) VALUES (288, 'Software Development Life Cycle', 5, 'f');
INSERT INTO module_course (module_id, course_id) VALUES (288, 30);
INSERT INTO cmsession (id, title, description, order_id, created_at, is_deleted) VALUES (1226, 'SDLC-Assessment', 'Assessment', 5, 'now', 'f');
INSERT INTO cmsession_module (cmsession_id, module_id) VALUES (1226, 288);
INSERT INTO cmsession (id, title, description, order_id, created_at, is_deleted) VALUES (1143, 'SDLC Overview', 'This session gives and introduction of SDLC', 1, 'now', 'f');
INSERT INTO cmsession_module (cmsession_id, module_id) VALUES (1143, 288);
INSERT INTO lesson (id, type, duration, tags, title, subject, order_id, created_at, is_deleted) VALUES (5754,'PRESENTATION', 60, '', 'SDLC Overview1', 'none', 1, 'now','f');
INSERT INTO lesson_cmsession (lesson_id, cmsession_id) VALUES (5754, 1143);
INSERT INTO lesson (id, type, duration, tags, title, subject, order_id, created_at, is_deleted) VALUES (5755,'PRESENTATION', 60, '', 'SDLC Overview 2', 'NONE', 2, 'now','f');
INSERT INTO lesson_cmsession (lesson_id, cmsession_id) VALUES (5755, 1143);
INSERT INTO lesson (id, type, duration, tags, title, subject, order_id, created_at, is_deleted) VALUES (5759,'PRESENTATION', 60, '', 'SDLC Overview 3', 'none', 3, 'now','f');
INSERT INTO lesson_cmsession (lesson_id, cmsession_id) VALUES (5759, 1143);
INSERT INTO cmsession (id, title, description, order_id, created_at, is_deleted) VALUES (1144, 'SDLC: Requirements gathering', 'This session teaches about Requirements gathering and client interface in SDLC', 2, 'now', 'f');
INSERT INTO cmsession_module (cmsession_id, module_id) VALUES (1144, 288);
INSERT INTO lesson (id, type, duration, tags, title, subject, order_id, created_at, is_deleted) VALUES (5760,'PRESENTATION', 120, '', 'SDLC - Requirements Gathering', 'none', 1, 'now','f');
INSERT INTO lesson_cmsession (lesson_id, cmsession_id) VALUES (5760, 1144);
INSERT INTO cmsession (id, title, description, order_id, created_at, is_deleted) VALUES (1146, 'SDLC-Testing and Debug', 'This session teaches about Testing and Debug in SDLC', 3, 'now', 'f');
INSERT INTO cmsession_module (cmsession_id, module_id) VALUES (1146, 288);
INSERT INTO lesson (id, type, duration, tags, title, subject, order_id, created_at, is_deleted) VALUES (5761,'PRESENTATION', 120, '', 'SDLC: Code Management and Deployment Processes', 'NONE', 1, 'now','f');
INSERT INTO lesson_cmsession (lesson_id, cmsession_id) VALUES (5761, 1146);
INSERT INTO cmsession (id, title, description, order_id, created_at, is_deleted) VALUES (1145, 'SDLC - Code Management', 'This session teaches about Code Management and Deployment Processes in SDLC', 4, 'now', 'f');
INSERT INTO cmsession_module (cmsession_id, module_id) VALUES (1145, 288);
INSERT INTO lesson (id, type, duration, tags, title, subject, order_id, created_at, is_deleted) VALUES (5762,'PRESENTATION', 120, '', 'SDLC: Testing and Debug', 'NONE', 1, 'now','f');
INSERT INTO lesson_cmsession (lesson_id, cmsession_id) VALUES (5762, 1145);
INSERT INTO course (id, course_name, course_description, tags, created_at) VALUES (31, 'Career Prep GD/PI', 'This course will help the students understand the procedure and strategies to implement to land their first job', NULL, 'now');
INSERT INTO module (id, module_name, order_id, is_deleted) VALUES (289, 'Preparing for a career', 1, 'f');
INSERT INTO module_course (module_id, course_id) VALUES (289, 31);
INSERT INTO cmsession (id, title, description, order_id, created_at, is_deleted) VALUES (1083, 'Preparing for the first job', 'This session helps the students understand the need to prepare for their career choices', 1, 'now', 'f');
INSERT INTO cmsession_module (cmsession_id, module_id) VALUES (1083, 289);
INSERT INTO lesson (id, type, duration, tags, title, subject, order_id, created_at, is_deleted) VALUES (5685,'PRESENTATION', 60, '', '01_Preparing for the first job', 'none', 1, 'now','f');
INSERT INTO lesson_cmsession (lesson_id, cmsession_id) VALUES (5685, 1083);
INSERT INTO cmsession (id, title, description, order_id, created_at, is_deleted) VALUES (1084, 'Preparing for the first job', 'This session helps the students understand the need to prepare for their career choices', 2, 'now', 'f');
INSERT INTO cmsession_module (cmsession_id, module_id) VALUES (1084, 289);
INSERT INTO lesson (id, type, duration, tags, title, subject, order_id, created_at, is_deleted) VALUES (5686,'PRESENTATION', 60, '', '02_Higher education', 'none', 1, 'now','f');
INSERT INTO lesson_cmsession (lesson_id, cmsession_id) VALUES (5686, 1084);
INSERT INTO module (id, module_name, order_id, is_deleted) VALUES (290, 'Interpersonal communication', 2, 'f');
INSERT INTO module_course (module_id, course_id) VALUES (290, 31);
INSERT INTO cmsession (id, title, description, order_id, created_at, is_deleted) VALUES (1085, 'Effective listening', 'This session helps the students understand the barriers to communication and how effective listening helps improve interpersonal communication', 1, 'now', 'f');
INSERT INTO cmsession_module (cmsession_id, module_id) VALUES (1085, 290);
INSERT INTO lesson (id, type, duration, tags, title, subject, order_id, created_at, is_deleted) VALUES (5722,'PRESENTATION', 60, 'communication,barriers', '03_Effective listening', 'banking-1', 1, 'now','f');
INSERT INTO lesson_cmsession (lesson_id, cmsession_id) VALUES (5722, 1085);
INSERT INTO lesson (id, type, duration, tags, title, subject, order_id, created_at, is_deleted) VALUES (5687,'PRESENTATION', 20, '', 'LESSON-1', 'NONE', 2, 'now','f');
INSERT INTO lesson_cmsession (lesson_id, cmsession_id) VALUES (5687, 1085);
INSERT INTO cmsession (id, title, description, order_id, created_at, is_deleted) VALUES (1086, 'Spoken Communication', 'This session helps the students learn strategies to improve spoken communication', 2, 'now', 'f');
INSERT INTO cmsession_module (cmsession_id, module_id) VALUES (1086, 290);
INSERT INTO lesson (id, type, duration, tags, title, subject, order_id, created_at, is_deleted) VALUES (5717,'PRESENTATION', 60, 'Communication,Verbal', '04_Spoken Communication', 'banking-1', 1, 'now','f');
INSERT INTO lesson_cmsession (lesson_id, cmsession_id) VALUES (5717, 1086);
INSERT INTO lesson (id, type, duration, tags, title, subject, order_id, created_at, is_deleted) VALUES (5688,'PRESENTATION', 20, '', 'LESSON-1', 'NONE', 2, 'now','f');
INSERT INTO lesson_cmsession (lesson_id, cmsession_id) VALUES (5688, 1086);
INSERT INTO lesson (id, type, duration, tags, title, subject, order_id, created_at, is_deleted) VALUES (5718,'PRESENTATION', 20, 'Communication,Verbal', '3_WC Verbal Comm', 'banking-1', 3, 'now','f');
INSERT INTO lesson_cmsession (lesson_id, cmsession_id) VALUES (5718, 1086);
INSERT INTO module (id, module_name, order_id, is_deleted) VALUES (299, 'Body language', 3, 'f');
INSERT INTO module_course (module_id, course_id) VALUES (299, 31);
INSERT INTO cmsession (id, title, description, order_id, created_at, is_deleted) VALUES (1147, 'Body language', 'This sessions helps the students understand the significance and use of body language as a mode of communication', 1, 'now', 'f');
INSERT INTO cmsession_module (cmsession_id, module_id) VALUES (1147, 299);
INSERT INTO lesson (id, type, duration, tags, title, subject, order_id, created_at, is_deleted) VALUES (5721,'PRESENTATION', 60, 'Non verbal,Written Communication', '05_Body language', 'banking-1', 1, 'now','f');
INSERT INTO lesson_cmsession (lesson_id, cmsession_id) VALUES (5721, 1147);
INSERT INTO module (id, module_name, order_id, is_deleted) VALUES (291, 'Personality traits', 4, 'f');
INSERT INTO module_course (module_id, course_id) VALUES (291, 31);
INSERT INTO cmsession (id, title, description, order_id, created_at, is_deleted) VALUES (1088, 'Goal setting', 'This session helps the student understand the importance of envisioning a goal with respect to their careers', 1, 'now', 'f');
INSERT INTO cmsession_module (cmsession_id, module_id) VALUES (1088, 291);
INSERT INTO lesson (id, type, duration, tags, title, subject, order_id, created_at, is_deleted) VALUES (5725,'PRESENTATION', 60, '', '06_Goal Setting GD/PI', 'none', 1, 'now','f');
INSERT INTO lesson_cmsession (lesson_id, cmsession_id) VALUES (5725, 1088);
INSERT INTO lesson (id, type, duration, tags, title, subject, order_id, created_at, is_deleted) VALUES (5690,'PRESENTATION', 20, '', 'LESSON-1', 'NONE', 2, 'now','f');
INSERT INTO lesson_cmsession (lesson_id, cmsession_id) VALUES (5690, 1088);
INSERT INTO cmsession (id, title, description, order_id, created_at, is_deleted) VALUES (1089, 'Goal Setting', 'This session helps the student understand the importance of envisioning a goal with respect to their careers', 2, 'now', 'f');
INSERT INTO cmsession_module (cmsession_id, module_id) VALUES (1089, 291);
INSERT INTO lesson (id, type, duration, tags, title, subject, order_id, created_at, is_deleted) VALUES (5691,'PRESENTATION', 60, '', 'Shipwreck_activity', 'none', 1, 'now','f');
INSERT INTO lesson_cmsession (lesson_id, cmsession_id) VALUES (5691, 1089);
INSERT INTO cmsession (id, title, description, order_id, created_at, is_deleted) VALUES (1090, 'Grooming', 'This session helps the students understand the importance of presenting oneself well and how grooming aids the creation of an impression', 3, 'now', 'f');
INSERT INTO cmsession_module (cmsession_id, module_id) VALUES (1090, 291);
INSERT INTO lesson (id, type, duration, tags, title, subject, order_id, created_at, is_deleted) VALUES (5692,'PRESENTATION', 20, '', 'LESSON-1', 'NONE', 1, 'now','f');
INSERT INTO lesson_cmsession (lesson_id, cmsession_id) VALUES (5692, 1090);
INSERT INTO lesson (id, type, duration, tags, title, subject, order_id, created_at, is_deleted) VALUES (5889,'PRESENTATION', 60, 'Grooming', '08_Grooming', 'banking-1', 2, 'now','f');
INSERT INTO lesson_cmsession (lesson_id, cmsession_id) VALUES (5889, 1090);
INSERT INTO cmsession (id, title, description, order_id, created_at, is_deleted) VALUES (1091, 'Leadership', 'This session helps the student learn the significance of leadership traits in an organisation', 4, 'now', 'f');
INSERT INTO cmsession_module (cmsession_id, module_id) VALUES (1091, 291);
INSERT INTO lesson (id, type, duration, tags, title, subject, order_id, created_at, is_deleted) VALUES (5726,'PRESENTATION', 60, '', '09_Leadership GD/PI', 'none', 1, 'now','f');
INSERT INTO lesson_cmsession (lesson_id, cmsession_id) VALUES (5726, 1091);
INSERT INTO lesson (id, type, duration, tags, title, subject, order_id, created_at, is_deleted) VALUES (5693,'PRESENTATION', 20, '', 'LESSON-1', 'NONE', 2, 'now','f');
INSERT INTO lesson_cmsession (lesson_id, cmsession_id) VALUES (5693, 1091);
INSERT INTO cmsession (id, title, description, order_id, created_at, is_deleted) VALUES (1092, 'Team work', 'This session helps the students identify the pros of working together as a team', 5, 'now', 'f');
INSERT INTO cmsession_module (cmsession_id, module_id) VALUES (1092, 291);
INSERT INTO lesson (id, type, duration, tags, title, subject, order_id, created_at, is_deleted) VALUES (5723,'PRESENTATION', 60, '', '10_Teamwork GD/PI', 'none', 1, 'now','f');
INSERT INTO lesson_cmsession (lesson_id, cmsession_id) VALUES (5723, 1092);
INSERT INTO lesson (id, type, duration, tags, title, subject, order_id, created_at, is_deleted) VALUES (5694,'PRESENTATION', 20, '', 'LESSON-1', 'NONE', 2, 'now','f');
INSERT INTO lesson_cmsession (lesson_id, cmsession_id) VALUES (5694, 1092);
INSERT INTO cmsession (id, title, description, order_id, created_at, is_deleted) VALUES (1093, 'Team work', 'This session helps the students identify the pros of working together as a team', 6, 'now', 'f');
INSERT INTO cmsession_module (cmsession_id, module_id) VALUES (1093, 291);
INSERT INTO lesson (id, type, duration, tags, title, subject, order_id, created_at, is_deleted) VALUES (5724,'PRESENTATION', 60, '', '11_Teamwork GD/PI', 'none', 1, 'now','f');
INSERT INTO lesson_cmsession (lesson_id, cmsession_id) VALUES (5724, 1093);
INSERT INTO lesson (id, type, duration, tags, title, subject, order_id, created_at, is_deleted) VALUES (5695,'PRESENTATION', 20, '', 'LESSON-1', 'NONE', 2, 'now','f');
INSERT INTO lesson_cmsession (lesson_id, cmsession_id) VALUES (5695, 1093);
INSERT INTO cmsession (id, title, description, order_id, created_at, is_deleted) VALUES (1094, 'Planning', 'This session helps the students understand the need for planning and strategies to overcome obstacles that they will encounter during the course of planning', 7, 'now', 'f');
INSERT INTO cmsession_module (cmsession_id, module_id) VALUES (1094, 291);
INSERT INTO lesson (id, type, duration, tags, title, subject, order_id, created_at, is_deleted) VALUES (5696,'PRESENTATION', 60, '', '12_Planning_ Party Planning', 'none', 1, 'now','f');
INSERT INTO lesson_cmsession (lesson_id, cmsession_id) VALUES (5696, 1094);
INSERT INTO cmsession (id, title, description, order_id, created_at, is_deleted) VALUES (1095, 'Planning', 'This session helps the students understand the need for planning and strategies to overcome obstacles that they will encounter during the course of planning', 8, 'now', 'f');
INSERT INTO cmsession_module (cmsession_id, module_id) VALUES (1095, 291);
INSERT INTO lesson (id, type, duration, tags, title, subject, order_id, created_at, is_deleted) VALUES (5697,'PRESENTATION', 60, '', '13_Planning', 'none', 1, 'now','f');
INSERT INTO lesson_cmsession (lesson_id, cmsession_id) VALUES (5697, 1095);
INSERT INTO module (id, module_name, order_id, is_deleted) VALUES (300, 'Corporate communication', 5, 'f');
INSERT INTO module_course (module_id, course_id) VALUES (300, 31);
INSERT INTO cmsession (id, title, description, order_id, created_at, is_deleted) VALUES (1148, 'Corporate email etiquette', 'This session helps the students understand strategies for effective communication via emails', 1, 'now', 'f');
INSERT INTO cmsession_module (cmsession_id, module_id) VALUES (1148, 300);
INSERT INTO lesson (id, type, duration, tags, title, subject, order_id, created_at, is_deleted) VALUES (5720,'PRESENTATION', 60, 'Email,Format,Etiquette', '14_Corporate email etiquette', 'banking-1', 1, 'now','f');
INSERT INTO lesson_cmsession (lesson_id, cmsession_id) VALUES (5720, 1148);
INSERT INTO module (id, module_name, order_id, is_deleted) VALUES (292, 'Communication strategies', 6, 'f');
INSERT INTO module_course (module_id, course_id) VALUES (292, 31);
INSERT INTO cmsession (id, title, description, order_id, created_at, is_deleted) VALUES (1097, 'Business telephone etiquette', 'This session helps the students learn strategies to improve conversation skills over the telephone', 1, 'now', 'f');
INSERT INTO cmsession_module (cmsession_id, module_id) VALUES (1097, 292);
INSERT INTO lesson (id, type, duration, tags, title, subject, order_id, created_at, is_deleted) VALUES (5699,'PRESENTATION', 20, '', 'LESSON-1', 'NONE', 1, 'now','f');
INSERT INTO lesson_cmsession (lesson_id, cmsession_id) VALUES (5699, 1097);
INSERT INTO lesson (id, type, duration, tags, title, subject, order_id, created_at, is_deleted) VALUES (5913,'PRESENTATION', 60, '', '15_Telephone etiquette', 'banking-1', 2, 'now','f');
INSERT INTO lesson_cmsession (lesson_id, cmsession_id) VALUES (5913, 1097);
INSERT INTO module (id, module_name, order_id, is_deleted) VALUES (293, 'Personality analysis', 7, 'f');
INSERT INTO module_course (module_id, course_id) VALUES (293, 31);
INSERT INTO cmsession (id, title, description, order_id, created_at, is_deleted) VALUES (1098, 'SWOT analysis', 'This session requires the student to make an analysis of their personal strengths and weaknesses', 1, 'now', 'f');
INSERT INTO cmsession_module (cmsession_id, module_id) VALUES (1098, 293);
INSERT INTO lesson (id, type, duration, tags, title, subject, order_id, created_at, is_deleted) VALUES (5700,'PRESENTATION', 60, '', 'SWOT analysis', 'none', 1, 'now','f');
INSERT INTO lesson_cmsession (lesson_id, cmsession_id) VALUES (5700, 1098);
INSERT INTO cmsession (id, title, description, order_id, created_at, is_deleted) VALUES (1099, 'SWOT analysis', 'This session enables the students to analyse their strengths and weaknesses and helps them arrive at an observation', 2, 'now', 'f');
INSERT INTO cmsession_module (cmsession_id, module_id) VALUES (1099, 293);
INSERT INTO lesson (id, type, duration, tags, title, subject, order_id, created_at, is_deleted) VALUES (5701,'PRESENTATION', 20, '', 'LESSON-1', 'NONE', 1, 'now','f');
INSERT INTO lesson_cmsession (lesson_id, cmsession_id) VALUES (5701, 1099);
INSERT INTO cmsession (id, title, description, order_id, created_at, is_deleted) VALUES (1100, 'MBTI', 'This session requires the students to take the MBTI test', 3, 'now', 'f');
INSERT INTO cmsession_module (cmsession_id, module_id) VALUES (1100, 293);
INSERT INTO lesson (id, type, duration, tags, title, subject, order_id, created_at, is_deleted) VALUES (5702,'PRESENTATION', 60, '', 'MBTI test analysis', 'none', 1, 'now','f');
INSERT INTO lesson_cmsession (lesson_id, cmsession_id) VALUES (5702, 1100);
INSERT INTO cmsession (id, title, description, order_id, created_at, is_deleted) VALUES (1101, 'MBTI', 'This session helps the students analyse the results of the MBTI test and make observations based on various indicators', 4, 'now', 'f');
INSERT INTO cmsession_module (cmsession_id, module_id) VALUES (1101, 293);
INSERT INTO lesson (id, type, duration, tags, title, subject, order_id, created_at, is_deleted) VALUES (5703,'PRESENTATION', 60, '', '18_MBTI personality test', 'none', 1, 'now','f');
INSERT INTO lesson_cmsession (lesson_id, cmsession_id) VALUES (5703, 1101);
INSERT INTO module (id, module_name, order_id, is_deleted) VALUES (294, 'Group discussion', 8, 'f');
INSERT INTO module_course (module_id, course_id) VALUES (294, 31);
INSERT INTO cmsession (id, title, description, order_id, created_at, is_deleted) VALUES (1102, 'Group discussion', 'This session helps the students understand strategies to create lasting impressions in a GD', 1, 'now', 'f');
INSERT INTO cmsession_module (cmsession_id, module_id) VALUES (1102, 294);
INSERT INTO lesson (id, type, duration, tags, title, subject, order_id, created_at, is_deleted) VALUES (5704,'PRESENTATION', 60, '', '20_Group Discussion', 'none', 1, 'now','f');
INSERT INTO lesson_cmsession (lesson_id, cmsession_id) VALUES (5704, 1102);
INSERT INTO cmsession (id, title, description, order_id, created_at, is_deleted) VALUES (1103, 'Group discussion', 'This session simulates a GD and lets the students participate in mock GDs', 2, 'now', 'f');
INSERT INTO cmsession_module (cmsession_id, module_id) VALUES (1103, 294);
INSERT INTO lesson (id, type, duration, tags, title, subject, order_id, created_at, is_deleted) VALUES (5705,'PRESENTATION', 20, '', 'LESSON-1', 'NONE', 1, 'now','f');
INSERT INTO lesson_cmsession (lesson_id, cmsession_id) VALUES (5705, 1103);
INSERT INTO module (id, module_name, order_id, is_deleted) VALUES (295, 'Personal Introduction', 9, 'f');
INSERT INTO module_course (module_id, course_id) VALUES (295, 31);
INSERT INTO cmsession (id, title, description, order_id, created_at, is_deleted) VALUES (1104, 'Personal Introduction', 'This session helps the students learn to pitch themselves to employees', 1, 'now', 'f');
INSERT INTO cmsession_module (cmsession_id, module_id) VALUES (1104, 295);
INSERT INTO lesson (id, type, duration, tags, title, subject, order_id, created_at, is_deleted) VALUES (5719,'PRESENTATION', 60, '', '22_Personal Introduction- GD/PI', 'none', 1, 'now','f');
INSERT INTO lesson_cmsession (lesson_id, cmsession_id) VALUES (5719, 1104);
INSERT INTO lesson (id, type, duration, tags, title, subject, order_id, created_at, is_deleted) VALUES (5706,'PRESENTATION', 20, '', 'LESSON-1', 'NONE', 2, 'now','f');
INSERT INTO lesson_cmsession (lesson_id, cmsession_id) VALUES (5706, 1104);
INSERT INTO cmsession (id, title, description, order_id, created_at, is_deleted) VALUES (1105, 'Personal Introduction', 'This session helps the students learn to pitch themselves to employees', 2, 'now', 'f');
INSERT INTO cmsession_module (cmsession_id, module_id) VALUES (1105, 295);
INSERT INTO lesson (id, type, duration, tags, title, subject, order_id, created_at, is_deleted) VALUES (5707,'PRESENTATION', 60, '', '23_Personal Interview', 'none', 1, 'now','f');
INSERT INTO lesson_cmsession (lesson_id, cmsession_id) VALUES (5707, 1105);
INSERT INTO module (id, module_name, order_id, is_deleted) VALUES (296, 'Resume Building', 10, 'f');
INSERT INTO module_course (module_id, course_id) VALUES (296, 31);
INSERT INTO cmsession (id, title, description, order_id, created_at, is_deleted) VALUES (1106, 'Resume building', 'This session helps the students understand the art of resume building', 1, 'now', 'f');
INSERT INTO cmsession_module (cmsession_id, module_id) VALUES (1106, 296);
INSERT INTO lesson (id, type, duration, tags, title, subject, order_id, created_at, is_deleted) VALUES (5708,'PRESENTATION', 120, '', 'Resume building', 'none', 1, 'now','f');
INSERT INTO lesson_cmsession (lesson_id, cmsession_id) VALUES (5708, 1106);
INSERT INTO cmsession (id, title, description, order_id, created_at, is_deleted) VALUES (1107, 'Resume building', 'This session helps the students understand how to write cover letters and strategies to build a good resume', 2, 'now', 'f');
INSERT INTO cmsession_module (cmsession_id, module_id) VALUES (1107, 296);
INSERT INTO lesson (id, type, duration, tags, title, subject, order_id, created_at, is_deleted) VALUES (5709,'PRESENTATION', 20, '', 'LESSON-1', 'NONE', 1, 'now','f');
INSERT INTO lesson_cmsession (lesson_id, cmsession_id) VALUES (5709, 1107);
INSERT INTO module (id, module_name, order_id, is_deleted) VALUES (297, 'Career choices based on pesonality', 11, 'f');
INSERT INTO module_course (module_id, course_id) VALUES (297, 31);
INSERT INTO cmsession (id, title, description, order_id, created_at, is_deleted) VALUES (1108, 'Making personality based career choices', 'This session helps the students make career choices based on personalities', 1, 'now', 'f');
INSERT INTO cmsession_module (cmsession_id, module_id) VALUES (1108, 297);
INSERT INTO lesson (id, type, duration, tags, title, subject, order_id, created_at, is_deleted) VALUES (5710,'PRESENTATION', 60, '', '26_Career choices', 'none', 1, 'now','f');
INSERT INTO lesson_cmsession (lesson_id, cmsession_id) VALUES (5710, 1108);
INSERT INTO module (id, module_name, order_id, is_deleted) VALUES (298, 'Strategies to apply for a job', 12, 'f');
INSERT INTO module_course (module_id, course_id) VALUES (298, 31);
INSERT INTO cmsession (id, title, description, order_id, created_at, is_deleted) VALUES (1109, 'Cracking the first interview - BFSI', 'This session creates a mock process of hiring in BFSI sector', 1, 'now', 'f');
INSERT INTO cmsession_module (cmsession_id, module_id) VALUES (1109, 298);
INSERT INTO lesson (id, type, duration, tags, title, subject, order_id, created_at, is_deleted) VALUES (5711,'PRESENTATION', 20, '', 'LESSON-1', 'NONE', 1, 'now','f');
INSERT INTO lesson_cmsession (lesson_id, cmsession_id) VALUES (5711, 1109);
INSERT INTO cmsession (id, title, description, order_id, created_at, is_deleted) VALUES (1110, 'Cracking the first interview - BFSI', 'This session creates a mock process of hiring in BFSI sector', 2, 'now', 'f');
INSERT INTO cmsession_module (cmsession_id, module_id) VALUES (1110, 298);
INSERT INTO lesson (id, type, duration, tags, title, subject, order_id, created_at, is_deleted) VALUES (5712,'PRESENTATION', 20, '', 'LESSON-1', 'NONE', 1, 'now','f');
INSERT INTO lesson_cmsession (lesson_id, cmsession_id) VALUES (5712, 1110);
INSERT INTO cmsession (id, title, description, order_id, created_at, is_deleted) VALUES (1111, 'Cracking the first interview - IT/ITeS', 'This session creates a mock process of hiring in IT/ITes sector', 3, 'now', 'f');
INSERT INTO cmsession_module (cmsession_id, module_id) VALUES (1111, 298);
INSERT INTO lesson (id, type, duration, tags, title, subject, order_id, created_at, is_deleted) VALUES (5713,'PRESENTATION', 20, '', 'LESSON-1', 'NONE', 1, 'now','f');
INSERT INTO lesson_cmsession (lesson_id, cmsession_id) VALUES (5713, 1111);
INSERT INTO cmsession (id, title, description, order_id, created_at, is_deleted) VALUES (1112, 'Cracking the first interview - IT/ITeS', 'This session creates a mock process of hiring in IT/ITes sector', 4, 'now', 'f');
INSERT INTO cmsession_module (cmsession_id, module_id) VALUES (1112, 298);
INSERT INTO lesson (id, type, duration, tags, title, subject, order_id, created_at, is_deleted) VALUES (5714,'PRESENTATION', 20, '', 'LESSON-1', 'NONE', 1, 'now','f');
INSERT INTO lesson_cmsession (lesson_id, cmsession_id) VALUES (5714, 1112);
INSERT INTO cmsession (id, title, description, order_id, created_at, is_deleted) VALUES (1113, 'Cracking the first interview - FMCG', 'This session creates a mock process of hiring in FMCG sector', 5, 'now', 'f');
INSERT INTO cmsession_module (cmsession_id, module_id) VALUES (1113, 298);
INSERT INTO lesson (id, type, duration, tags, title, subject, order_id, created_at, is_deleted) VALUES (5715,'PRESENTATION', 20, '', 'LESSON-1', 'NONE', 1, 'now','f');
INSERT INTO lesson_cmsession (lesson_id, cmsession_id) VALUES (5715, 1113);
INSERT INTO cmsession (id, title, description, order_id, created_at, is_deleted) VALUES (1114, 'Cracking the first interview - FMCG', 'This session creates a mock process of hiring in FMCG sector', 6, 'now', 'f');
INSERT INTO cmsession_module (cmsession_id, module_id) VALUES (1114, 298);
INSERT INTO lesson (id, type, duration, tags, title, subject, order_id, created_at, is_deleted) VALUES (5716,'PRESENTATION', 20, '', 'LESSON-1', 'NONE', 1, 'now','f');
INSERT INTO lesson_cmsession (lesson_id, cmsession_id) VALUES (5716, 1114);
INSERT INTO module (id, module_name, order_id, is_deleted) VALUES (324, 'GD/PI Assessment', 13, 'f');
INSERT INTO module_course (module_id, course_id) VALUES (324, 31);
INSERT INTO cmsession (id, title, description, order_id, created_at, is_deleted) VALUES (1223, 'Midterm assessment', 'This session assesses the students ability to function in a job role', 1, 'now', 'f');
INSERT INTO cmsession_module (cmsession_id, module_id) VALUES (1223, 324);
INSERT INTO cmsession (id, title, description, order_id, created_at, is_deleted) VALUES (1344, 'End term assessment', 'This session assesses the students ability to function in a job role', 2, 'now', 'f');
INSERT INTO cmsession_module (cmsession_id, module_id) VALUES (1344, 324);
INSERT INTO module (id, module_name, order_id, is_deleted) VALUES (328, 'Digital Marketing Workshop', 14, 'f');
INSERT INTO module_course (module_id, course_id) VALUES (328, 31);
INSERT INTO cmsession (id, title, description, order_id, created_at, is_deleted) VALUES (1230, 'Digital Marketing', 'In this session students will learn the basics of social media marketing and search engine optimization', 1, 'now', 'f');
INSERT INTO cmsession_module (cmsession_id, module_id) VALUES (1230, 328);
INSERT INTO lesson (id, type, duration, tags, title, subject, order_id, created_at, is_deleted) VALUES (6082,'PRESENTATION', 60, '', '01_Digital Marketing', 'none', 1, 'now','f');
INSERT INTO lesson_cmsession (lesson_id, cmsession_id) VALUES (6082, 1230);
INSERT INTO course (id, course_name, course_description, tags, created_at) VALUES (32, 'Insurance', 'This course covers health insurance concepts and regulations as per IC- 38. It provides an introduction to various health insurance products and their features.', NULL, 'now');
INSERT INTO module (id, module_name, order_id, is_deleted) VALUES (301, 'Health Insurance', 1, 'f');
INSERT INTO module_course (module_id, course_id) VALUES (301, 32);
INSERT INTO cmsession (id, title, description, order_id, created_at, is_deleted) VALUES (1180, 'Health Insurance Products', 'This session gives us insights into the features, use and applicability of various health insurance products. Learn how to use this information in different scenarios and contexts.', 1, 'now', 'f');
INSERT INTO cmsession_module (cmsession_id, module_id) VALUES (1180, 301);
INSERT INTO lesson (id, type, duration, tags, title, subject, order_id, created_at, is_deleted) VALUES (5893,'PRESENTATION', 60, '', '01_Health Insurance Products', 'none', 1, 'now','f');
INSERT INTO lesson_cmsession (lesson_id, cmsession_id) VALUES (5893, 1180);
INSERT INTO course (id, course_name, course_description, tags, created_at) VALUES (33, 'DDUGKY-Java-Basic', 'This course teaches about basic programming with java', NULL, 'now');
INSERT INTO module (id, module_name, order_id, is_deleted) VALUES (304, 'Java Introduction', 1, 'f');
INSERT INTO module_course (module_id, course_id) VALUES (304, 33);
INSERT INTO cmsession (id, title, description, order_id, created_at, is_deleted) VALUES (1152, 'Introduction to JAVA programming', 'Introduction to JAVA programming', 1, 'now', 'f');
INSERT INTO cmsession_module (cmsession_id, module_id) VALUES (1152, 304);
INSERT INTO lesson (id, type, duration, tags, title, subject, order_id, created_at, is_deleted) VALUES (5861,'PRESENTATION', 60, '', 'Introduction to java', 'none', 1, 'now','f');
INSERT INTO lesson_cmsession (lesson_id, cmsession_id) VALUES (5861, 1152);
INSERT INTO cmsession (id, title, description, order_id, created_at, is_deleted) VALUES (1153, 'JAVA Programming Fundamentals', 'JAVA Programming Fundamentals', 2, 'now', 'f');
INSERT INTO cmsession_module (cmsession_id, module_id) VALUES (1153, 304);
INSERT INTO lesson (id, type, duration, tags, title, subject, order_id, created_at, is_deleted) VALUES (5871,'PRESENTATION', 120, '', 'Basic java syntax', 'NONE', 1, 'now','f');
INSERT INTO lesson_cmsession (lesson_id, cmsession_id) VALUES (5871, 1153);
INSERT INTO cmsession (id, title, description, order_id, created_at, is_deleted) VALUES (1154, 'Development Environment', 'Development Environment of Java', 3, 'now', 'f');
INSERT INTO cmsession_module (cmsession_id, module_id) VALUES (1154, 304);
INSERT INTO lesson (id, type, duration, tags, title, subject, order_id, created_at, is_deleted) VALUES (5891,'PRESENTATION', 60, '', '3_java_development_environment', 'NONE', 1, 'now','f');
INSERT INTO lesson_cmsession (lesson_id, cmsession_id) VALUES (5891, 1154);
INSERT INTO lesson (id, type, duration, tags, title, subject, order_id, created_at, is_deleted) VALUES (5890,'PRESENTATION', 60, '', '3_java_development_environment', 'NONE', 2, 'now','f');
INSERT INTO lesson_cmsession (lesson_id, cmsession_id) VALUES (5890, 1154);
INSERT INTO module (id, module_name, order_id, is_deleted) VALUES (305, 'Java Basics', 2, 'f');
INSERT INTO module_course (module_id, course_id) VALUES (305, 33);
INSERT INTO cmsession (id, title, description, order_id, created_at, is_deleted) VALUES (1155, 'JAVA Language - Datatypes', 'JAVA Language - Datatypes', 1, 'now', 'f');
INSERT INTO cmsession_module (cmsession_id, module_id) VALUES (1155, 305);
INSERT INTO lesson (id, type, duration, tags, title, subject, order_id, created_at, is_deleted) VALUES (6194,'PRESENTATION', 120, '', 'Datatypes', 'none', 1, 'now','f');
INSERT INTO lesson_cmsession (lesson_id, cmsession_id) VALUES (6194, 1155);
INSERT INTO cmsession (id, title, description, order_id, created_at, is_deleted) VALUES (1156, 'JAVA Language - Variables', 'JAVA Language - Variables', 2, 'now', 'f');
INSERT INTO cmsession_module (cmsession_id, module_id) VALUES (1156, 305);
INSERT INTO lesson (id, type, duration, tags, title, subject, order_id, created_at, is_deleted) VALUES (5978,'PRESENTATION', 60, '', 'Variables', 'none', 1, 'now','f');
INSERT INTO lesson_cmsession (lesson_id, cmsession_id) VALUES (5978, 1156);
INSERT INTO module (id, module_name, order_id, is_deleted) VALUES (306, 'Java OOPS Concepts', 3, 'f');
INSERT INTO module_course (module_id, course_id) VALUES (306, 33);
INSERT INTO cmsession (id, title, description, order_id, created_at, is_deleted) VALUES (1158, 'DataTypes', 'OOPS with JAVA - DataTypes', 1, 'now', 'f');
INSERT INTO cmsession_module (cmsession_id, module_id) VALUES (1158, 306);
INSERT INTO lesson (id, type, duration, tags, title, subject, order_id, created_at, is_deleted) VALUES (5851,'PRESENTATION', 120, '', '13_java_datatypes', 'NONE', 1, 'now','f');
INSERT INTO lesson_cmsession (lesson_id, cmsession_id) VALUES (5851, 1158);
INSERT INTO cmsession (id, title, description, order_id, created_at, is_deleted) VALUES (1157, 'Objects', 'OOPS with JAVA - Objects', 2, 'now', 'f');
INSERT INTO cmsession_module (cmsession_id, module_id) VALUES (1157, 306);
INSERT INTO lesson (id, type, duration, tags, title, subject, order_id, created_at, is_deleted) VALUES (5984,'PRESENTATION', 60, '', 'Classes and Objects - 1', 'none', 1, 'now','f');
INSERT INTO lesson_cmsession (lesson_id, cmsession_id) VALUES (5984, 1157);
INSERT INTO lesson (id, type, duration, tags, title, subject, order_id, created_at, is_deleted) VALUES (6193,'PRESENTATION', 120, '', 'Classes and Objects - 2', 'none', 2, 'now','f');
INSERT INTO lesson_cmsession (lesson_id, cmsession_id) VALUES (6193, 1157);
INSERT INTO cmsession (id, title, description, order_id, created_at, is_deleted) VALUES (1159, 'Operators', 'OOPS with JAVA - Operators', 3, 'now', 'f');
INSERT INTO cmsession_module (cmsession_id, module_id) VALUES (1159, 306);
INSERT INTO lesson (id, type, duration, tags, title, subject, order_id, created_at, is_deleted) VALUES (5999,'PRESENTATION', 60, '', '9_java_Operators', 'NONE', 1, 'now','f');
INSERT INTO lesson_cmsession (lesson_id, cmsession_id) VALUES (5999, 1159);
INSERT INTO cmsession (id, title, description, order_id, created_at, is_deleted) VALUES (1160, 'String Handling', 'OOPS with JAVA - String Handling', 4, 'now', 'f');
INSERT INTO cmsession_module (cmsession_id, module_id) VALUES (1160, 306);
INSERT INTO lesson (id, type, duration, tags, title, subject, order_id, created_at, is_deleted) VALUES (6019,'PRESENTATION', 60, '', '8_Java_String_handling', 'NONE', 1, 'now','f');
INSERT INTO lesson_cmsession (lesson_id, cmsession_id) VALUES (6019, 1160);
INSERT INTO cmsession (id, title, description, order_id, created_at, is_deleted) VALUES (1161, 'Methods', 'OOPS with JAVA - Methods', 5, 'now', 'f');
INSERT INTO cmsession_module (cmsession_id, module_id) VALUES (1161, 306);
INSERT INTO lesson (id, type, duration, tags, title, subject, order_id, created_at, is_deleted) VALUES (5843,'PRESENTATION', 60, '', '16_Methods', 'NONE', 1, 'now','f');
INSERT INTO lesson_cmsession (lesson_id, cmsession_id) VALUES (5843, 1161);
INSERT INTO cmsession (id, title, description, order_id, created_at, is_deleted) VALUES (1162, 'Method Overloading', 'OOPS with JAVA - Method Overloading', 6, 'now', 'f');
INSERT INTO cmsession_module (cmsession_id, module_id) VALUES (1162, 306);
INSERT INTO lesson (id, type, duration, tags, title, subject, order_id, created_at, is_deleted) VALUES (5847,'PRESENTATION', 60, '', 'Delete this', 'none', 1, 'now','f');
INSERT INTO lesson_cmsession (lesson_id, cmsession_id) VALUES (5847, 1162);
INSERT INTO cmsession (id, title, description, order_id, created_at, is_deleted) VALUES (1163, 'Method Overriding', 'OOPS with JAVA - Method Overriding', 7, 'now', 'f');
INSERT INTO cmsession_module (cmsession_id, module_id) VALUES (1163, 306);
INSERT INTO lesson (id, type, duration, tags, title, subject, order_id, created_at, is_deleted) VALUES (5848,'PRESENTATION', 60, '', 'overloading&overriding', 'none', 1, 'now','f');
INSERT INTO lesson_cmsession (lesson_id, cmsession_id) VALUES (5848, 1163);
INSERT INTO cmsession (id, title, description, order_id, created_at, is_deleted) VALUES (1164, 'Inheritance', 'OOPS with JAVA - Inheritance', 8, 'now', 'f');
INSERT INTO cmsession_module (cmsession_id, module_id) VALUES (1164, 306);
INSERT INTO lesson (id, type, duration, tags, title, subject, order_id, created_at, is_deleted) VALUES (6020,'PRESENTATION', 120, '', '13_java_Inheritance', 'NONE', 1, 'now','f');
INSERT INTO lesson_cmsession (lesson_id, cmsession_id) VALUES (6020, 1164);
INSERT INTO cmsession (id, title, description, order_id, created_at, is_deleted) VALUES (1166, 'Polymorphism', 'OOPS with JAVA - Polymorphism', 9, 'now', 'f');
INSERT INTO cmsession_module (cmsession_id, module_id) VALUES (1166, 306);
INSERT INTO lesson (id, type, duration, tags, title, subject, order_id, created_at, is_deleted) VALUES (6051,'PRESENTATION', 120, '', '6_java_polymorphism', 'NONE', 1, 'now','f');
INSERT INTO lesson_cmsession (lesson_id, cmsession_id) VALUES (6051, 1166);
INSERT INTO cmsession (id, title, description, order_id, created_at, is_deleted) VALUES (1165, 'Encapsulation', 'OOPS with JAVA - Encapsulation', 10, 'now', 'f');
INSERT INTO cmsession_module (cmsession_id, module_id) VALUES (1165, 306);
INSERT INTO lesson (id, type, duration, tags, title, subject, order_id, created_at, is_deleted) VALUES (6047,'PRESENTATION', 120, '', 'Encapsulation and subclassing', 'none', 1, 'now','f');
INSERT INTO lesson_cmsession (lesson_id, cmsession_id) VALUES (6047, 1165);
INSERT INTO cmsession (id, title, description, order_id, created_at, is_deleted) VALUES (1167, 'Interface', 'OOPS with JAVA - Interface', 11, 'now', 'f');
INSERT INTO cmsession_module (cmsession_id, module_id) VALUES (1167, 306);
INSERT INTO lesson (id, type, duration, tags, title, subject, order_id, created_at, is_deleted) VALUES (6055,'PRESENTATION', 120, '', '7_java_basics_interfaces', 'NONE', 1, 'now','f');
INSERT INTO lesson_cmsession (lesson_id, cmsession_id) VALUES (6055, 1167);
INSERT INTO cmsession (id, title, description, order_id, created_at, is_deleted) VALUES (1199, 'Decision and Looping Structures', 'OOPS with JAVA - Decision and Looping Structures', 12, 'now', 'f');
INSERT INTO cmsession_module (cmsession_id, module_id) VALUES (1199, 306);
INSERT INTO lesson (id, type, duration, tags, title, subject, order_id, created_at, is_deleted) VALUES (6004,'PRESENTATION', 120, '', '9_java_Decision_Looping', 'NONE', 1, 'now','f');
INSERT INTO lesson_cmsession (lesson_id, cmsession_id) VALUES (6004, 1199);
INSERT INTO cmsession (id, title, description, order_id, created_at, is_deleted) VALUES (1224, 'Generics and collection', 'Describes behavior of generics and collections in java', 13, 'now', 'f');
INSERT INTO cmsession_module (cmsession_id, module_id) VALUES (1224, 306);
INSERT INTO lesson (id, type, duration, tags, title, subject, order_id, created_at, is_deleted) VALUES (6060,'PRESENTATION', 120, '', 'Generics and collection', 'NONE', 1, 'now','f');
INSERT INTO lesson_cmsession (lesson_id, cmsession_id) VALUES (6060, 1224);
INSERT INTO cmsession (id, title, description, order_id, created_at, is_deleted) VALUES (1238, 'Java Packages', 'Describes behavior of packages', 14, 'now', 'f');
INSERT INTO cmsession_module (cmsession_id, module_id) VALUES (1238, 306);
INSERT INTO lesson (id, type, duration, tags, title, subject, order_id, created_at, is_deleted) VALUES (6118,'PRESENTATION', 60, '', 'Java Packages', 'NONE', 1, 'now','f');
INSERT INTO lesson_cmsession (lesson_id, cmsession_id) VALUES (6118, 1238);
INSERT INTO module (id, module_name, order_id, is_deleted) VALUES (333, 'Advanced topics', 4, 'f');
INSERT INTO module_course (module_id, course_id) VALUES (333, 33);
INSERT INTO cmsession (id, title, description, order_id, created_at, is_deleted) VALUES (1239, 'Basic Concepts of threads in java', 'Describes behavior of threads', 1, 'now', 'f');
INSERT INTO cmsession_module (cmsession_id, module_id) VALUES (1239, 333);
INSERT INTO lesson (id, type, duration, tags, title, subject, order_id, created_at, is_deleted) VALUES (6120,'PRESENTATION', 60, '', 'Basic Concepts of Threads', 'none', 1, 'now','f');
INSERT INTO lesson_cmsession (lesson_id, cmsession_id) VALUES (6120, 1239);
INSERT INTO cmsession (id, title, description, order_id, created_at, is_deleted) VALUES (1240, 'Life cycle of thread', 'Describes the life cycle of threads', 2, 'now', 'f');
INSERT INTO cmsession_module (cmsession_id, module_id) VALUES (1240, 333);
INSERT INTO lesson (id, type, duration, tags, title, subject, order_id, created_at, is_deleted) VALUES (6121,'PRESENTATION', 60, '', 'LifeCycle of Thread', 'NONE', 1, 'now','f');
INSERT INTO lesson_cmsession (lesson_id, cmsession_id) VALUES (6121, 1240);
INSERT INTO cmsession (id, title, description, order_id, created_at, is_deleted) VALUES (1241, 'Multithreading', 'Describes Multithreading in java', 3, 'now', 'f');
INSERT INTO cmsession_module (cmsession_id, module_id) VALUES (1241, 333);
INSERT INTO lesson (id, type, duration, tags, title, subject, order_id, created_at, is_deleted) VALUES (6119,'PRESENTATION', 60, '', 'Multithreading', 'NONE', 1, 'now','f');
INSERT INTO lesson_cmsession (lesson_id, cmsession_id) VALUES (6119, 1241);
INSERT INTO cmsession (id, title, description, order_id, created_at, is_deleted) VALUES (1242, 'File I/O Fundamentals', 'Describes the I/O fundamentals in java', 4, 'now', 'f');
INSERT INTO cmsession_module (cmsession_id, module_id) VALUES (1242, 333);
INSERT INTO lesson (id, type, duration, tags, title, subject, order_id, created_at, is_deleted) VALUES (6217,'PRESENTATION', 120, '', 'Java I/O fundamentals', 'NONE', 1, 'now','f');
INSERT INTO lesson_cmsession (lesson_id, cmsession_id) VALUES (6217, 1242);
INSERT INTO cmsession (id, title, description, order_id, created_at, is_deleted) VALUES (1255, 'Java GUI', 'Describes java gui', 5, 'now', 'f');
INSERT INTO cmsession_module (cmsession_id, module_id) VALUES (1255, 333);
INSERT INTO lesson (id, type, duration, tags, title, subject, order_id, created_at, is_deleted) VALUES (6138,'PRESENTATION', 120, '', 'Java GUI', 'NONE', 1, 'now','f');
INSERT INTO lesson_cmsession (lesson_id, cmsession_id) VALUES (6138, 1255);
INSERT INTO cmsession (id, title, description, order_id, created_at, is_deleted) VALUES (1263, 'Concurrency', 'Explains concurrency in java', 6, 'now', 'f');
INSERT INTO cmsession_module (cmsession_id, module_id) VALUES (1263, 333);
INSERT INTO lesson (id, type, duration, tags, title, subject, order_id, created_at, is_deleted) VALUES (6183,'PRESENTATION', 60, '', 'Swing and Swing components', 'NONE', 1, 'now','f');
INSERT INTO lesson_cmsession (lesson_id, cmsession_id) VALUES (6183, 1263);
INSERT INTO lesson (id, type, duration, tags, title, subject, order_id, created_at, is_deleted) VALUES (6185,'PRESENTATION', 120, '', 'Concurrency', 'NONE', 2, 'now','f');
INSERT INTO lesson_cmsession (lesson_id, cmsession_id) VALUES (6185, 1263);
INSERT INTO cmsession (id, title, description, order_id, created_at, is_deleted) VALUES (1243, 'Java File I/O', 'Describes the basic file I/O fundamentals in java', 7, 'now', 'f');
INSERT INTO cmsession_module (cmsession_id, module_id) VALUES (1243, 333);
INSERT INTO lesson (id, type, duration, tags, title, subject, order_id, created_at, is_deleted) VALUES (6229,'PRESENTATION', 120, '', 'File I/O', 'NONE', 1, 'now','f');
INSERT INTO lesson_cmsession (lesson_id, cmsession_id) VALUES (6229, 1243);
INSERT INTO cmsession (id, title, description, order_id, created_at, is_deleted) VALUES (1244, 'Localisation', 'Describes localisation in java', 8, 'now', 'f');
INSERT INTO cmsession_module (cmsession_id, module_id) VALUES (1244, 333);
INSERT INTO lesson (id, type, duration, tags, title, subject, order_id, created_at, is_deleted) VALUES (6202,'PRESENTATION', 60, '', 'Localisation', 'NONE', 1, 'now','f');
INSERT INTO lesson_cmsession (lesson_id, cmsession_id) VALUES (6202, 1244);
INSERT INTO cmsession (id, title, description, order_id, created_at, is_deleted) VALUES (1245, 'Introduction to exceptional Handling', 'Describes the exceptional handling in java', 9, 'now', 'f');
INSERT INTO cmsession_module (cmsession_id, module_id) VALUES (1245, 333);
INSERT INTO lesson (id, type, duration, tags, title, subject, order_id, created_at, is_deleted) VALUES (6122,'PRESENTATION', 120, '', 'Introduction to Exceptional Handling', 'NONE', 1, 'now','f');
INSERT INTO lesson_cmsession (lesson_id, cmsession_id) VALUES (6122, 1245);
INSERT INTO cmsession (id, title, description, order_id, created_at, is_deleted) VALUES (1246, 'Exception Handling in JAVA - 1', 'Describes exceptional handling', 10, 'now', 'f');
INSERT INTO cmsession_module (cmsession_id, module_id) VALUES (1246, 333);
INSERT INTO lesson (id, type, duration, tags, title, subject, order_id, created_at, is_deleted) VALUES (6126,'PRESENTATION', 120, '', 'Exception Handling in JAVA - 1', 'NONE', 1, 'now','f');
INSERT INTO lesson_cmsession (lesson_id, cmsession_id) VALUES (6126, 1246);
INSERT INTO cmsession (id, title, description, order_id, created_at, is_deleted) VALUES (1247, 'Building Database application with JDBC', 'Describes JDBC', 11, 'now', 'f');
INSERT INTO cmsession_module (cmsession_id, module_id) VALUES (1247, 333);
INSERT INTO lesson (id, type, duration, tags, title, subject, order_id, created_at, is_deleted) VALUES (6184,'PRESENTATION', 120, '', 'Introduction to JDBC', 'NONE', 1, 'now','f');
INSERT INTO lesson_cmsession (lesson_id, cmsession_id) VALUES (6184, 1247);
INSERT INTO cmsession (id, title, description, order_id, created_at, is_deleted) VALUES (1283, 'Java Advanced', 'Describes enumeration, autoboxing and unboxing', 12, 'now', 'f');
INSERT INTO cmsession_module (cmsession_id, module_id) VALUES (1283, 333);
INSERT INTO lesson (id, type, duration, tags, title, subject, order_id, created_at, is_deleted) VALUES (6201,'PRESENTATION', 120, '', 'Enumerations', 'NONE', 1, 'now','f');
INSERT INTO lesson_cmsession (lesson_id, cmsession_id) VALUES (6201, 1283);
INSERT INTO lesson (id, type, duration, tags, title, subject, order_id, created_at, is_deleted) VALUES (6484,'PRESENTATION', 60, '', 'Datatypes', 'none', 2, 'now','f');
INSERT INTO lesson_cmsession (lesson_id, cmsession_id) VALUES (6484, 1283);
INSERT INTO lesson (id, type, duration, tags, title, subject, order_id, created_at, is_deleted) VALUES (6485,'PRESENTATION', 60, '', 'java_Operators', 'none', 3, 'now','f');
INSERT INTO lesson_cmsession (lesson_id, cmsession_id) VALUES (6485, 1283);
INSERT INTO lesson (id, type, duration, tags, title, subject, order_id, created_at, is_deleted) VALUES (6486,'PRESENTATION', 60, '', 'Encapsulation', 'none', 4, 'now','f');
INSERT INTO lesson_cmsession (lesson_id, cmsession_id) VALUES (6486, 1283);
INSERT INTO lesson (id, type, duration, tags, title, subject, order_id, created_at, is_deleted) VALUES (6487,'PRESENTATION', 60, '', 'Java Packages', 'NONE', 5, 'now','f');
INSERT INTO lesson_cmsession (lesson_id, cmsession_id) VALUES (6487, 1283);
INSERT INTO lesson (id, type, duration, tags, title, subject, order_id, created_at, is_deleted) VALUES (6576,'PRESENTATION', 60, '', 'Conditional and looping statements', 'none', 6, 'now','f');
INSERT INTO lesson_cmsession (lesson_id, cmsession_id) VALUES (6576, 1283);
INSERT INTO module (id, module_name, order_id, is_deleted) VALUES (412, 'extra lessons', 5, 'f');
INSERT INTO module_course (module_id, course_id) VALUES (412, 33);
INSERT INTO cmsession (id, title, description, order_id, created_at, is_deleted) VALUES (1506, 'Extra lessons-Java', 'Backup of old lessons', null, 'now', 'f');
INSERT INTO cmsession_module (cmsession_id, module_id) VALUES (1506, 412);
INSERT INTO lesson (id, type, duration, tags, title, subject, order_id, created_at, is_deleted) VALUES (6648,'PRESENTATION', 60, '', 'Variables', 'none', 2, 'now','f');
INSERT INTO lesson_cmsession (lesson_id, cmsession_id) VALUES (6648, 1506);
INSERT INTO lesson (id, type, duration, tags, title, subject, order_id, created_at, is_deleted) VALUES (6649,'PRESENTATION', 60, '', 'Conditional and looping statements', 'none', 3, 'now','f');
INSERT INTO lesson_cmsession (lesson_id, cmsession_id) VALUES (6649, 1506);
INSERT INTO lesson (id, type, duration, tags, title, subject, order_id, created_at, is_deleted) VALUES (6650,'PRESENTATION', 60, '', 'Array and string handling', 'none', 4, 'now','f');
INSERT INTO lesson_cmsession (lesson_id, cmsession_id) VALUES (6650, 1506);
INSERT INTO lesson (id, type, duration, tags, title, subject, order_id, created_at, is_deleted) VALUES (6651,'PRESENTATION', 120, '', 'Abstraction and Interfaces', 'none', 5, 'now','f');
INSERT INTO lesson_cmsession (lesson_id, cmsession_id) VALUES (6651, 1506);
INSERT INTO lesson (id, type, duration, tags, title, subject, order_id, created_at, is_deleted) VALUES (6652,'PRESENTATION', 60, '', 'Java Packages', 'NONE', 6, 'now','f');
INSERT INTO lesson_cmsession (lesson_id, cmsession_id) VALUES (6652, 1506);
INSERT INTO lesson (id, type, duration, tags, title, subject, order_id, created_at, is_deleted) VALUES (6653,'PRESENTATION', 120, '', 'Generics and collection', 'NONE', 7, 'now','f');
INSERT INTO lesson_cmsession (lesson_id, cmsession_id) VALUES (6653, 1506);
INSERT INTO course (id, course_name, course_description, tags, created_at) VALUES (34, 'Web Developer - Front End', 'This course teaches advanced concepts in front end web development', NULL, 'now');
INSERT INTO module (id, module_name, order_id, is_deleted) VALUES (307, 'Introduction to web development', 1, 'f');
INSERT INTO module_course (module_id, course_id) VALUES (307, 34);
INSERT INTO cmsession (id, title, description, order_id, created_at, is_deleted) VALUES (1168, 'Front end and back end - Introduction', 'This session teaches about concepts of frontend and backend web development', 1, 'now', 'f');
INSERT INTO cmsession_module (cmsession_id, module_id) VALUES (1168, 307);
INSERT INTO lesson (id, type, duration, tags, title, subject, order_id, created_at, is_deleted) VALUES (5852,'PRESENTATION', 60, '', 'Web Development - Front end and Backend', 'NONE', 1, 'now','f');
INSERT INTO lesson_cmsession (lesson_id, cmsession_id) VALUES (5852, 1168);
INSERT INTO lesson (id, type, duration, tags, title, subject, order_id, created_at, is_deleted) VALUES (6488,'PRESENTATION', 60, '', 'Web Development - Front end and Backend', 'NONE', 3, 'now','f');
INSERT INTO lesson_cmsession (lesson_id, cmsession_id) VALUES (6488, 1168);
INSERT INTO cmsession (id, title, description, order_id, created_at, is_deleted) VALUES (1169, 'Eclipse IDE', 'This session teaches about eclipse IDE', 2, 'now', 'f');
INSERT INTO cmsession_module (cmsession_id, module_id) VALUES (1169, 307);
INSERT INTO lesson (id, type, duration, tags, title, subject, order_id, created_at, is_deleted) VALUES (5892,'PRESENTATION', 60, '', 'Eclipse & GIT', 'none', 1, 'now','f');
INSERT INTO lesson_cmsession (lesson_id, cmsession_id) VALUES (5892, 1169);
INSERT INTO module (id, module_name, order_id, is_deleted) VALUES (308, 'HTML5 and CSS3', 2, 'f');
INSERT INTO module_course (module_id, course_id) VALUES (308, 34);
INSERT INTO cmsession (id, title, description, order_id, created_at, is_deleted) VALUES (1179, 'CSS3 - 4', 'This session teaches about transforms and animations in CSS3', 7, 'now', 'f');
INSERT INTO cmsession_module (cmsession_id, module_id) VALUES (1179, 308);
INSERT INTO lesson (id, type, duration, tags, title, subject, order_id, created_at, is_deleted) VALUES (6005,'PRESENTATION', 60, '', 'CSS3 - Animations', 'none', 1, 'now','f');
INSERT INTO lesson_cmsession (lesson_id, cmsession_id) VALUES (6005, 1179);
INSERT INTO cmsession (id, title, description, order_id, created_at, is_deleted) VALUES (1172, 'HTML5 - 1', 'This session gives an introduction to HTML5', 1, 'now', 'f');
INSERT INTO cmsession_module (cmsession_id, module_id) VALUES (1172, 308);
INSERT INTO lesson (id, type, duration, tags, title, subject, order_id, created_at, is_deleted) VALUES (5895,'PRESENTATION', 60, '', 'HTML5 - Introduction', 'none', 1, 'now','f');
INSERT INTO lesson_cmsession (lesson_id, cmsession_id) VALUES (5895, 1172);
INSERT INTO cmsession (id, title, description, order_id, created_at, is_deleted) VALUES (1173, 'HTML5 - 2', 'This session teaches about new semantic elements of HTML5', 2, 'now', 'f');
INSERT INTO cmsession_module (cmsession_id, module_id) VALUES (1173, 308);
INSERT INTO lesson (id, type, duration, tags, title, subject, order_id, created_at, is_deleted) VALUES (5965,'PRESENTATION', 60, '', 'HTML5 - Semantics', 'none', 1, 'now','f');
INSERT INTO lesson_cmsession (lesson_id, cmsession_id) VALUES (5965, 1173);
INSERT INTO cmsession (id, title, description, order_id, created_at, is_deleted) VALUES (1174, 'HTML5 - 3', 'This session teaches about multimedia features of HTML5', 3, 'now', 'f');
INSERT INTO cmsession_module (cmsession_id, module_id) VALUES (1174, 308);
INSERT INTO lesson (id, type, duration, tags, title, subject, order_id, created_at, is_deleted) VALUES (5973,'PRESENTATION', 60, '', 'HTML5 - Multimedia', 'none', 1, 'now','f');
INSERT INTO lesson_cmsession (lesson_id, cmsession_id) VALUES (5973, 1174);
INSERT INTO lesson (id, type, duration, tags, title, subject, order_id, created_at, is_deleted) VALUES (6405,'PRESENTATION', 60, '', 'Assessment_HTML5 Multimedia', 'NONE', 2, 'now','f');
INSERT INTO lesson_cmsession (lesson_id, cmsession_id) VALUES (6405, 1174);
INSERT INTO cmsession (id, title, description, order_id, created_at, is_deleted) VALUES (1176, 'CSS3 - 1', 'This session teaches gives an introduction on CSS3', 4, 'now', 'f');
INSERT INTO cmsession_module (cmsession_id, module_id) VALUES (1176, 308);
INSERT INTO lesson (id, type, duration, tags, title, subject, order_id, created_at, is_deleted) VALUES (5986,'PRESENTATION', 60, '', 'CSS3 - Introduction', 'none', 1, 'now','f');
INSERT INTO lesson_cmsession (lesson_id, cmsession_id) VALUES (5986, 1176);
INSERT INTO cmsession (id, title, description, order_id, created_at, is_deleted) VALUES (1177, 'CSS3 - 2', 'This session teaches about font properties in CSS3', 5, 'now', 'f');
INSERT INTO cmsession_module (cmsession_id, module_id) VALUES (1177, 308);
INSERT INTO lesson (id, type, duration, tags, title, subject, order_id, created_at, is_deleted) VALUES (6000,'PRESENTATION', 60, '', 'CSS3 - Fonts and Column', 'none', 1, 'now','f');
INSERT INTO lesson_cmsession (lesson_id, cmsession_id) VALUES (6000, 1177);
INSERT INTO cmsession (id, title, description, order_id, created_at, is_deleted) VALUES (1178, 'CSS3 - 3', 'This session teaches about background and image properties in CSS3', 6, 'now', 'f');
INSERT INTO cmsession_module (cmsession_id, module_id) VALUES (1178, 308);
INSERT INTO lesson (id, type, duration, tags, title, subject, order_id, created_at, is_deleted) VALUES (6003,'PRESENTATION', 60, '', 'CSS3 - Background and Border', 'none', 1, 'now','f');
INSERT INTO lesson_cmsession (lesson_id, cmsession_id) VALUES (6003, 1178);
INSERT INTO module (id, module_name, order_id, is_deleted) VALUES (309, 'Javascript', 3, 'f');
INSERT INTO module_course (module_id, course_id) VALUES (309, 34);
INSERT INTO cmsession (id, title, description, order_id, created_at, is_deleted) VALUES (1205, 'JavaScript - Introduction', 'This session gives introduction to JavaScript', 1, 'now', 'f');
INSERT INTO cmsession_module (cmsession_id, module_id) VALUES (1205, 309);
INSERT INTO lesson (id, type, duration, tags, title, subject, order_id, created_at, is_deleted) VALUES (6024,'PRESENTATION', 60, '', 'JavaScript - Introduction', 'none', 1, 'now','f');
INSERT INTO lesson_cmsession (lesson_id, cmsession_id) VALUES (6024, 1205);
INSERT INTO cmsession (id, title, description, order_id, created_at, is_deleted) VALUES (1206, 'JavaScript - Datatypes', 'This session teaches about programming basics in JavaScript', 2, 'now', 'f');
INSERT INTO cmsession_module (cmsession_id, module_id) VALUES (1206, 309);
INSERT INTO lesson (id, type, duration, tags, title, subject, order_id, created_at, is_deleted) VALUES (6044,'PRESENTATION', 60, '', 'JavaScript - Datatypes and Objects', 'none', 1, 'now','f');
INSERT INTO lesson_cmsession (lesson_id, cmsession_id) VALUES (6044, 1206);
INSERT INTO cmsession (id, title, description, order_id, created_at, is_deleted) VALUES (1207, 'JavaScript - Statements', 'This session teaches teaches about Statements in JavaScript', 3, 'now', 'f');
INSERT INTO cmsession_module (cmsession_id, module_id) VALUES (1207, 309);
INSERT INTO lesson (id, type, duration, tags, title, subject, order_id, created_at, is_deleted) VALUES (6190,'PRESENTATION', 60, '', 'JavaScript - Statements', 'none', 1, 'now','f');
INSERT INTO lesson_cmsession (lesson_id, cmsession_id) VALUES (6190, 1207);
INSERT INTO cmsession (id, title, description, order_id, created_at, is_deleted) VALUES (1214, 'JavaScript - Functions', 'This session teaches about functions in JS', 4, 'now', 'f');
INSERT INTO cmsession_module (cmsession_id, module_id) VALUES (1214, 309);
INSERT INTO lesson (id, type, duration, tags, title, subject, order_id, created_at, is_deleted) VALUES (6204,'PRESENTATION', 60, '', 'Functions', 'NONE', 1, 'now','f');
INSERT INTO lesson_cmsession (lesson_id, cmsession_id) VALUES (6204, 1214);
INSERT INTO cmsession (id, title, description, order_id, created_at, is_deleted) VALUES (1210, 'JavaScript - Event Handling', 'This session teaches about events and event handlers in webpages', 5, 'now', 'f');
INSERT INTO cmsession_module (cmsession_id, module_id) VALUES (1210, 309);
INSERT INTO lesson (id, type, duration, tags, title, subject, order_id, created_at, is_deleted) VALUES (6178,'PRESENTATION', 120, '', 'JS - Event Handling', 'none', 1, 'now','f');
INSERT INTO lesson_cmsession (lesson_id, cmsession_id) VALUES (6178, 1210);
INSERT INTO cmsession (id, title, description, order_id, created_at, is_deleted) VALUES (1213, 'JavaScript - DOM', 'This session teaches about DOM object model', 6, 'now', 'f');
INSERT INTO cmsession_module (cmsession_id, module_id) VALUES (1213, 309);
INSERT INTO lesson (id, type, duration, tags, title, subject, order_id, created_at, is_deleted) VALUES (6182,'PRESENTATION', 60, '', 'JS - DOM', 'none', 1, 'now','f');
INSERT INTO lesson_cmsession (lesson_id, cmsession_id) VALUES (6182, 1213);
INSERT INTO cmsession (id, title, description, order_id, created_at, is_deleted) VALUES (1211, 'JavaScript - Dialog', 'This session teaches about various dialog boxes in Javascript', 7, 'now', 'f');
INSERT INTO cmsession_module (cmsession_id, module_id) VALUES (1211, 309);
INSERT INTO lesson (id, type, duration, tags, title, subject, order_id, created_at, is_deleted) VALUES (6199,'PRESENTATION', 60, '', 'JavaScript - Dialog Boxes', 'NONE', 1, 'now','f');
INSERT INTO lesson_cmsession (lesson_id, cmsession_id) VALUES (6199, 1211);
INSERT INTO lesson (id, type, duration, tags, title, subject, order_id, created_at, is_deleted) VALUES (6210,'PRESENTATION', 60, '', 'Dialog Boxes', 'none', 2, 'now','f');
INSERT INTO lesson_cmsession (lesson_id, cmsession_id) VALUES (6210, 1211);
INSERT INTO cmsession (id, title, description, order_id, created_at, is_deleted) VALUES (1208, 'JavaScript - Error Handling', 'This session teaches about error handling in JavaScript', 8, 'now', 'f');
INSERT INTO cmsession_module (cmsession_id, module_id) VALUES (1208, 309);
INSERT INTO lesson (id, type, duration, tags, title, subject, order_id, created_at, is_deleted) VALUES (6200,'PRESENTATION', 60, '', 'JavaScript - Error Handling', 'NONE', 1, 'now','f');
INSERT INTO lesson_cmsession (lesson_id, cmsession_id) VALUES (6200, 1208);
INSERT INTO lesson (id, type, duration, tags, title, subject, order_id, created_at, is_deleted) VALUES (6211,'PRESENTATION', 60, '', 'Error Handling', 'NONE', 2, 'now','f');
INSERT INTO lesson_cmsession (lesson_id, cmsession_id) VALUES (6211, 1208);
INSERT INTO cmsession (id, title, description, order_id, created_at, is_deleted) VALUES (1209, 'JavaScript - Forms', 'This session teaches about form function and validation in JavaScript', 9, 'now', 'f');
INSERT INTO cmsession_module (cmsession_id, module_id) VALUES (1209, 309);
INSERT INTO lesson (id, type, duration, tags, title, subject, order_id, created_at, is_deleted) VALUES (6177,'PRESENTATION', 120, '', 'Forms Validation', 'NONE', 1, 'now','f');
INSERT INTO lesson_cmsession (lesson_id, cmsession_id) VALUES (6177, 1209);
INSERT INTO cmsession (id, title, description, order_id, created_at, is_deleted) VALUES (1212, 'JavaScript - Other Concepts', 'This session teaches about page redirection, cookies and store/read values in JavaScript', 10, 'now', 'f');
INSERT INTO cmsession_module (cmsession_id, module_id) VALUES (1212, 309);
INSERT INTO lesson (id, type, duration, tags, title, subject, order_id, created_at, is_deleted) VALUES (6259,'PRESENTATION', 60, '', 'JavaScript - Cookies', 'none', 1, 'now','f');
INSERT INTO lesson_cmsession (lesson_id, cmsession_id) VALUES (6259, 1212);
INSERT INTO module (id, module_name, order_id, is_deleted) VALUES (372, 'HTML5 & CSS3 - API', 4, 'f');
INSERT INTO module_course (module_id, course_id) VALUES (372, 34);
INSERT INTO cmsession (id, title, description, order_id, created_at, is_deleted) VALUES (1312, 'HTML5 - API', 'This session teaches about HTML5 API', 1, 'now', 'f');
INSERT INTO cmsession_module (cmsession_id, module_id) VALUES (1312, 372);
INSERT INTO lesson (id, type, duration, tags, title, subject, order_id, created_at, is_deleted) VALUES (6260,'PRESENTATION', 60, '', 'HTML5 - API', 'none', 1, 'now','f');
INSERT INTO lesson_cmsession (lesson_id, cmsession_id) VALUES (6260, 1312);
INSERT INTO module (id, module_name, order_id, is_deleted) VALUES (310, 'Jquery', 5, 'f');
INSERT INTO module_course (module_id, course_id) VALUES (310, 34);
INSERT INTO cmsession (id, title, description, order_id, created_at, is_deleted) VALUES (1215, 'JQuery - Session 1', 'This session teaches about basic concepts in JQuery', 1, 'now', 'f');
INSERT INTO cmsession_module (cmsession_id, module_id) VALUES (1215, 310);
INSERT INTO lesson (id, type, duration, tags, title, subject, order_id, created_at, is_deleted) VALUES (6355,'PRESENTATION', 60, '', 'Jquery - Introduction', 'NONE', 1, 'now','f');
INSERT INTO lesson_cmsession (lesson_id, cmsession_id) VALUES (6355, 1215);
INSERT INTO lesson (id, type, duration, tags, title, subject, order_id, created_at, is_deleted) VALUES (6410,'PRESENTATION', 60, '', 'Java Query - Carousel', 'NONE', 2, 'now','f');
INSERT INTO lesson_cmsession (lesson_id, cmsession_id) VALUES (6410, 1215);
INSERT INTO cmsession (id, title, description, order_id, created_at, is_deleted) VALUES (1216, 'JQuery - Session 2', 'This session teaches about JQuery traversing', 2, 'now', 'f');
INSERT INTO cmsession_module (cmsession_id, module_id) VALUES (1216, 310);
INSERT INTO lesson (id, type, duration, tags, title, subject, order_id, created_at, is_deleted) VALUES (6362,'PRESENTATION', 60, '', 'JQuery - Events', 'NONE', 1, 'now','f');
INSERT INTO lesson_cmsession (lesson_id, cmsession_id) VALUES (6362, 1216);
INSERT INTO cmsession (id, title, description, order_id, created_at, is_deleted) VALUES (1217, 'JQuery - Session 3', 'This session teaches about JQuery selectors and functions', 3, 'now', 'f');
INSERT INTO cmsession_module (cmsession_id, module_id) VALUES (1217, 310);
INSERT INTO lesson (id, type, duration, tags, title, subject, order_id, created_at, is_deleted) VALUES (6363,'PRESENTATION', 60, '', 'JQuery - 3-D Animations', 'NONE', 1, 'now','f');
INSERT INTO lesson_cmsession (lesson_id, cmsession_id) VALUES (6363, 1217);
INSERT INTO cmsession (id, title, description, order_id, created_at, is_deleted) VALUES (1218, 'JQuery - Session 4', 'This session teaches about JQuery effects', 4, 'now', 'f');
INSERT INTO cmsession_module (cmsession_id, module_id) VALUES (1218, 310);
INSERT INTO lesson (id, type, duration, tags, title, subject, order_id, created_at, is_deleted) VALUES (6411,'PRESENTATION', 60, '', 'Java Query - Carousel', 'NONE', 1, 'now','f');
INSERT INTO lesson_cmsession (lesson_id, cmsession_id) VALUES (6411, 1218);
INSERT INTO cmsession (id, title, description, order_id, created_at, is_deleted) VALUES (1219, 'JQuery - Session 5', 'This session teaches about basics of Ajax and its features', 5, 'now', 'f');
INSERT INTO cmsession_module (cmsession_id, module_id) VALUES (1219, 310);
INSERT INTO lesson (id, type, duration, tags, title, subject, order_id, created_at, is_deleted) VALUES (6412,'PRESENTATION', 60, '', 'Java Query - Widgets', 'NONE', 1, 'now','f');
INSERT INTO lesson_cmsession (lesson_id, cmsession_id) VALUES (6412, 1219);
INSERT INTO cmsession (id, title, description, order_id, created_at, is_deleted) VALUES (1220, 'JQuery - Session 6', 'This session teaches about get and post method in JQuery and Ajax', 6, 'now', 'f');
INSERT INTO cmsession_module (cmsession_id, module_id) VALUES (1220, 310);
INSERT INTO lesson (id, type, duration, tags, title, subject, order_id, created_at, is_deleted) VALUES (6417,'PRESENTATION', 60, '', 'Java Query - Ajax', 'NONE', 1, 'now','f');
INSERT INTO lesson_cmsession (lesson_id, cmsession_id) VALUES (6417, 1220);
INSERT INTO module (id, module_name, order_id, is_deleted) VALUES (322, 'Project - Web Development', 6, 'f');
INSERT INTO module_course (module_id, course_id) VALUES (322, 34);
INSERT INTO cmsession (id, title, description, order_id, created_at, is_deleted) VALUES (1371, 'Project 1', 'Project - Web Development', 1, 'now', 'f');
INSERT INTO cmsession_module (cmsession_id, module_id) VALUES (1371, 322);
INSERT INTO lesson (id, type, duration, tags, title, subject, order_id, created_at, is_deleted) VALUES (6374,'PRESENTATION', 120, '', 'Wd-Project 1', 'NONE', 1, 'now','f');
INSERT INTO lesson_cmsession (lesson_id, cmsession_id) VALUES (6374, 1371);
INSERT INTO lesson (id, type, duration, tags, title, subject, order_id, created_at, is_deleted) VALUES (6418,'PRESENTATION', 60, '', 'Web development - Project 1', 'NONE', 2, 'now','f');
INSERT INTO lesson_cmsession (lesson_id, cmsession_id) VALUES (6418, 1371);
INSERT INTO cmsession (id, title, description, order_id, created_at, is_deleted) VALUES (1372, 'Project 2', 'Project - Web Development', 2, 'now', 'f');
INSERT INTO cmsession_module (cmsession_id, module_id) VALUES (1372, 322);
INSERT INTO lesson (id, type, duration, tags, title, subject, order_id, created_at, is_deleted) VALUES (6375,'PRESENTATION', 120, '', 'WD - Project 2', 'NONE', 1, 'now','f');
INSERT INTO lesson_cmsession (lesson_id, cmsession_id) VALUES (6375, 1372);
INSERT INTO course (id, course_name, course_description, tags, created_at) VALUES (35, 'Tally ERP Level III', 'This course deals with taxation in tally and provides students an overview of the various taxation functions in tally, including viewing of reports and returns', NULL, 'now');
INSERT INTO module (id, module_name, order_id, is_deleted) VALUES (314, 'Revision on Journal Entries', 1, 'f');
INSERT INTO module_course (module_id, course_id) VALUES (314, 35);
INSERT INTO cmsession (id, title, description, order_id, created_at, is_deleted) VALUES (1188, 'Revision', 'This session is a recap of all transactions learnt in Tally I and Tally II', 1, 'now', 'f');
INSERT INTO cmsession_module (cmsession_id, module_id) VALUES (1188, 314);
INSERT INTO lesson (id, type, duration, tags, title, subject, order_id, created_at, is_deleted) VALUES (5937,'PRESENTATION', 60, 'Revision ,Tally', '1_Revision session', 'NONE', 1, 'now','f');
INSERT INTO lesson_cmsession (lesson_id, cmsession_id) VALUES (5937, 1188);
INSERT INTO module (id, module_name, order_id, is_deleted) VALUES (315, 'TDS in Tally', 2, 'f');
INSERT INTO module_course (module_id, course_id) VALUES (315, 35);
INSERT INTO cmsession (id, title, description, order_id, created_at, is_deleted) VALUES (1187, 'Introduction to TDS in Tally', 'This session revises the concepts of TDS and a few forms important in TDS', 1, 'now', 'f');
INSERT INTO cmsession_module (cmsession_id, module_id) VALUES (1187, 315);
INSERT INTO lesson (id, type, duration, tags, title, subject, order_id, created_at, is_deleted) VALUES (5935,'PRESENTATION', 60, '', '02_Introduction to TDS', 'none', 1, 'now','f');
INSERT INTO lesson_cmsession (lesson_id, cmsession_id) VALUES (5935, 1187);
INSERT INTO cmsession (id, title, description, order_id, created_at, is_deleted) VALUES (1201, 'Accounting for TDS', 'This session enables the students to account for TDS liability and payment', 2, 'now', 'f');
INSERT INTO cmsession_module (cmsession_id, module_id) VALUES (1201, 315);
INSERT INTO lesson (id, type, duration, tags, title, subject, order_id, created_at, is_deleted) VALUES (6017,'PRESENTATION', 60, '', '03_Accounting for TDS', 'none', 1, 'now','f');
INSERT INTO lesson_cmsession (lesson_id, cmsession_id) VALUES (6017, 1201);
INSERT INTO lesson (id, type, duration, tags, title, subject, order_id, created_at, is_deleted) VALUES (6221,'PRESENTATION', 60, '', 'Accounting for TDS in Tally', 'NONE', 2, 'now','f');
INSERT INTO lesson_cmsession (lesson_id, cmsession_id) VALUES (6221, 1201);
INSERT INTO cmsession (id, title, description, order_id, created_at, is_deleted) VALUES (1340, 'TDS in Tally', 'This session teaches the students to use tally for TDS accounting', 3, 'now', 'f');
INSERT INTO cmsession_module (cmsession_id, module_id) VALUES (1340, 315);
INSERT INTO lesson (id, type, duration, tags, title, subject, order_id, created_at, is_deleted) VALUES (6321,'PRESENTATION', 60, '', '04_TDS in Tally', 'none', 1, 'now','f');
INSERT INTO lesson_cmsession (lesson_id, cmsession_id) VALUES (6321, 1340);
INSERT INTO cmsession (id, title, description, order_id, created_at, is_deleted) VALUES (1341, 'Recording TDS in Tally', 'This session teaches the students to use tally for TDS accounting', 4, 'now', 'f');
INSERT INTO cmsession_module (cmsession_id, module_id) VALUES (1341, 315);
INSERT INTO lesson (id, type, duration, tags, title, subject, order_id, created_at, is_deleted) VALUES (6322,'PRESENTATION', 60, '', '05_Recording TDS transactions', 'none', 1, 'now','f');
INSERT INTO lesson_cmsession (lesson_id, cmsession_id) VALUES (6322, 1341);
INSERT INTO cmsession (id, title, description, order_id, created_at, is_deleted) VALUES (1342, 'Generating TDS reports in Tally', 'This session teaches the students to use tally for TDS accounting', 5, 'now', 'f');
INSERT INTO cmsession_module (cmsession_id, module_id) VALUES (1342, 315);
INSERT INTO lesson (id, type, duration, tags, title, subject, order_id, created_at, is_deleted) VALUES (6323,'PRESENTATION', 60, '', '06_Generating TDS reports', 'none', 1, 'now','f');
INSERT INTO lesson_cmsession (lesson_id, cmsession_id) VALUES (6323, 1342);
INSERT INTO module (id, module_name, order_id, is_deleted) VALUES (327, 'Indirect Tax in Tally', 3, 'f');
INSERT INTO module_course (module_id, course_id) VALUES (327, 35);
INSERT INTO cmsession (id, title, description, order_id, created_at, is_deleted) VALUES (1229, 'Introduction to Indirect Tax', 'This session introduces the students to indirect taxes and various indirect taxes in India', 1, 'now', 'f');
INSERT INTO cmsession_module (cmsession_id, module_id) VALUES (1229, 327);
INSERT INTO lesson (id, type, duration, tags, title, subject, order_id, created_at, is_deleted) VALUES (6081,'PRESENTATION', 60, '', '07_Introduction to Indirect Tax (Tally)', 'none', 1, 'now','f');
INSERT INTO lesson_cmsession (lesson_id, cmsession_id) VALUES (6081, 1229);
INSERT INTO cmsession (id, title, description, order_id, created_at, is_deleted) VALUES (1232, 'Introduction to Service Tax', 'This session covers basics working of service tax', 2, 'now', 'f');
INSERT INTO cmsession_module (cmsession_id, module_id) VALUES (1232, 327);
INSERT INTO lesson (id, type, duration, tags, title, subject, order_id, created_at, is_deleted) VALUES (6090,'PRESENTATION', 60, '', 'Introduction to Service Tax', 'NONE', 1, 'now','f');
INSERT INTO lesson_cmsession (lesson_id, cmsession_id) VALUES (6090, 1232);
INSERT INTO lesson (id, type, duration, tags, title, subject, order_id, created_at, is_deleted) VALUES (6331,'PRESENTATION', 60, '', '08_Service Tax in Tally', 'NONE', 2, 'now','f');
INSERT INTO lesson_cmsession (lesson_id, cmsession_id) VALUES (6331, 1232);
INSERT INTO cmsession (id, title, description, order_id, created_at, is_deleted) VALUES (1292, 'Accounting for service tax', 'This session enables the students to account for Service Tax in Tally and generating reports', 3, 'now', 'f');
INSERT INTO cmsession_module (cmsession_id, module_id) VALUES (1292, 327);
INSERT INTO lesson (id, type, duration, tags, title, subject, order_id, created_at, is_deleted) VALUES (6223,'PRESENTATION', 60, '', 'Accounting for service tax', 'NONE', 1, 'now','f');
INSERT INTO lesson_cmsession (lesson_id, cmsession_id) VALUES (6223, 1292);
INSERT INTO lesson (id, type, duration, tags, title, subject, order_id, created_at, is_deleted) VALUES (6354,'PRESENTATION', 60, '', 'Recording Transactions in Tally', 'NONE', 2, 'now','f');
INSERT INTO lesson_cmsession (lesson_id, cmsession_id) VALUES (6354, 1292);
INSERT INTO cmsession (id, title, description, order_id, created_at, is_deleted) VALUES (1293, '', '', 4, 'now', 'f');
INSERT INTO cmsession_module (cmsession_id, module_id) VALUES (1293, 327);
INSERT INTO lesson (id, type, duration, tags, title, subject, order_id, created_at, is_deleted) VALUES (6224,'PRESENTATION', 60, '', 'Case Study on Services (Band Baaja Baraath)', 'NONE', 1, 'now','f');
INSERT INTO lesson_cmsession (lesson_id, cmsession_id) VALUES (6224, 1293);
INSERT INTO lesson (id, type, duration, tags, title, subject, order_id, created_at, is_deleted) VALUES (6230,'PRESENTATION', 60, '', 'Service Tax reports', 'NONE', 2, 'now','f');
INSERT INTO lesson_cmsession (lesson_id, cmsession_id) VALUES (6230, 1293);
INSERT INTO cmsession (id, title, description, order_id, created_at, is_deleted) VALUES (1294, 'Case Study on Excise Duty 1', 'This session revises the concepts of Excise Duty', 5, 'now', 'f');
INSERT INTO cmsession_module (cmsession_id, module_id) VALUES (1294, 327);
INSERT INTO lesson (id, type, duration, tags, title, subject, order_id, created_at, is_deleted) VALUES (6225,'PRESENTATION', 60, '', 'Case Study on Excise Duty 1', 'NONE', 1, 'now','f');
INSERT INTO lesson_cmsession (lesson_id, cmsession_id) VALUES (6225, 1294);
INSERT INTO cmsession (id, title, description, order_id, created_at, is_deleted) VALUES (1295, 'Case Study on Excise Duty 2', 'This session enables the students to generate Excise Duty reports in tally', 6, 'now', 'f');
INSERT INTO cmsession_module (cmsession_id, module_id) VALUES (1295, 327);
INSERT INTO lesson (id, type, duration, tags, title, subject, order_id, created_at, is_deleted) VALUES (6226,'PRESENTATION', 60, '', 'Case Study on Excise Duty 2', 'NONE', 1, 'now','f');
INSERT INTO lesson_cmsession (lesson_id, cmsession_id) VALUES (6226, 1295);
INSERT INTO cmsession (id, title, description, order_id, created_at, is_deleted) VALUES (1298, 'Case Study on Excise Duty 3', 'This session enables the students to account for Excise Duty', 7, 'now', 'f');
INSERT INTO cmsession_module (cmsession_id, module_id) VALUES (1298, 327);
INSERT INTO lesson (id, type, duration, tags, title, subject, order_id, created_at, is_deleted) VALUES (6231,'PRESENTATION', 60, '', 'Case Study on Excise Duty 3', 'NONE', 1, 'now','f');
INSERT INTO lesson_cmsession (lesson_id, cmsession_id) VALUES (6231, 1298);
INSERT INTO cmsession (id, title, description, order_id, created_at, is_deleted) VALUES (1296, 'Case Study on VAT 1', 'This session revises the concepts of VAT', 8, 'now', 'f');
INSERT INTO cmsession_module (cmsession_id, module_id) VALUES (1296, 327);
INSERT INTO lesson (id, type, duration, tags, title, subject, order_id, created_at, is_deleted) VALUES (6227,'PRESENTATION', 60, '', 'Case Study on VAT 1', 'NONE', 1, 'now','f');
INSERT INTO lesson_cmsession (lesson_id, cmsession_id) VALUES (6227, 1296);
INSERT INTO cmsession (id, title, description, order_id, created_at, is_deleted) VALUES (1297, 'Case Study on VAT 2', 'This session enables the students to account for VAT and generate VAT reports in Tally', 9, 'now', 'f');
INSERT INTO cmsession_module (cmsession_id, module_id) VALUES (1297, 327);
INSERT INTO lesson (id, type, duration, tags, title, subject, order_id, created_at, is_deleted) VALUES (6228,'PRESENTATION', 60, '', 'Case Study on VAT 2', 'NONE', 1, 'now','f');
INSERT INTO lesson_cmsession (lesson_id, cmsession_id) VALUES (6228, 1297);
INSERT INTO course (id, course_name, course_description, tags, created_at) VALUES (36, 'Corporate Banking ', 'This course is on retail banking for corporate training', NULL, 'now');
INSERT INTO module (id, module_name, order_id, is_deleted) VALUES (316, 'Banking Products', 1, 'f');
INSERT INTO module_course (module_id, course_id) VALUES (316, 36);
INSERT INTO cmsession (id, title, description, order_id, created_at, is_deleted) VALUES (1189, 'Banking Products', 'The session provides an overview of the retail and corporate banking products offered by banks and financial institutions', 1, 'now', 'f');
INSERT INTO cmsession_module (cmsession_id, module_id) VALUES (1189, 316);
INSERT INTO lesson (id, type, duration, tags, title, subject, order_id, created_at, is_deleted) VALUES (5980,'PRESENTATION', 30, 'RETAIL BANKING', 'Banking products', 'banking-1', 1, 'now','f');
INSERT INTO lesson_cmsession (lesson_id, cmsession_id) VALUES (5980, 1189);
INSERT INTO lesson (id, type, duration, tags, title, subject, order_id, created_at, is_deleted) VALUES (5938,'PRESENTATION', 30, 'RETAIL BANKING', 'Old theme_products', 'banking-1', 3, 'now','f');
INSERT INTO lesson_cmsession (lesson_id, cmsession_id) VALUES (5938, 1189);
INSERT INTO lesson (id, type, duration, tags, title, subject, order_id, created_at, is_deleted) VALUES (5977,'PRESENTATION', 20, '', '17_Introduction to Mutual Funds -2', 'none', 4, 'now','f');
INSERT INTO lesson_cmsession (lesson_id, cmsession_id) VALUES (5977, 1189);
INSERT INTO lesson (id, type, duration, tags, title, subject, order_id, created_at, is_deleted) VALUES (5971,'PRESENTATION', 20, '', '24_Investment Process -1', 'none', 5, 'now','f');
INSERT INTO lesson_cmsession (lesson_id, cmsession_id) VALUES (5971, 1189);
INSERT INTO lesson (id, type, duration, tags, title, subject, order_id, created_at, is_deleted) VALUES (6018,'PRESENTATION', 60, 'Commercial,Banking', '13_Commercial Banking 2', 'none', 6, 'now','f');
INSERT INTO lesson_cmsession (lesson_id, cmsession_id) VALUES (6018, 1189);
INSERT INTO lesson (id, type, duration, tags, title, subject, order_id, created_at, is_deleted) VALUES (5939,'PRESENTATION', 60, 'Retail,Banking', '09_Retail Banking Products', 'banking-1', 7, 'now','f');
INSERT INTO lesson_cmsession (lesson_id, cmsession_id) VALUES (5939, 1189);
INSERT INTO lesson (id, type, duration, tags, title, subject, order_id, created_at, is_deleted) VALUES (5940,'PRESENTATION', 20, 'Banking,Commercial', '12_Commercial Banking', 'banking-1', 8, 'now','f');
INSERT INTO lesson_cmsession (lesson_id, cmsession_id) VALUES (5940, 1189);
INSERT INTO lesson (id, type, duration, tags, title, subject, order_id, created_at, is_deleted) VALUES (5941,'PRESENTATION', 60, 'Commercial,Banking', '13_Commercial Banking 2', 'none', 9, 'now','f');
INSERT INTO lesson_cmsession (lesson_id, cmsession_id) VALUES (5941, 1189);
INSERT INTO module (id, module_name, order_id, is_deleted) VALUES (325, 'KYC', 2, 'f');
INSERT INTO module_course (module_id, course_id) VALUES (325, 36);
INSERT INTO cmsession (id, title, description, order_id, created_at, is_deleted) VALUES (1225, 'KYC and AML', 'Anti-Money Laundering and Know Your Customer', 1, 'now', 'f');
INSERT INTO cmsession_module (cmsession_id, module_id) VALUES (1225, 325);
INSERT INTO lesson (id, type, duration, tags, title, subject, order_id, created_at, is_deleted) VALUES (6062,'PRESENTATION', 60, '', 'Anti-Money Laundering', 'none', 1, 'now','f');
INSERT INTO lesson_cmsession (lesson_id, cmsession_id) VALUES (6062, 1225);
INSERT INTO lesson (id, type, duration, tags, title, subject, order_id, created_at, is_deleted) VALUES (6064,'PRESENTATION', 60, '', 'Know Your Customer', 'none', 2, 'now','f');
INSERT INTO lesson_cmsession (lesson_id, cmsession_id) VALUES (6064, 1225);
INSERT INTO lesson (id, type, duration, tags, title, subject, order_id, created_at, is_deleted) VALUES (6065,'PRESENTATION', 60, '', '17_AML and KYC', 'none', 3, 'now','f');
INSERT INTO lesson_cmsession (lesson_id, cmsession_id) VALUES (6065, 1225);
INSERT INTO module (id, module_name, order_id, is_deleted) VALUES (366, 'Retail Banking Demo', 3, 'f');
INSERT INTO module_course (module_id, course_id) VALUES (366, 36);
INSERT INTO cmsession (id, title, description, order_id, created_at, is_deleted) VALUES (1304, 'Retail Banking 1', 'Retail Banking 1', 1, 'now', 'f');
INSERT INTO cmsession_module (cmsession_id, module_id) VALUES (1304, 366);
INSERT INTO cmsession (id, title, description, order_id, created_at, is_deleted) VALUES (1305, 'Retail Banking 2', 'Retail Banking 2', 2, 'now', 'f');
INSERT INTO cmsession_module (cmsession_id, module_id) VALUES (1305, 366);
INSERT INTO course (id, course_name, course_description, tags, created_at) VALUES (37, 'Digital Marketing', 'In this course the students will learn how to promote products and brands using digital marketing strategies.', NULL, 'now');
INSERT INTO module (id, module_name, order_id, is_deleted) VALUES (320, 'Website Creation', 3, 'f');
INSERT INTO module_course (module_id, course_id) VALUES (320, 37);
INSERT INTO cmsession (id, title, description, order_id, created_at, is_deleted) VALUES (1202, 'Website Creation', 'In this session students will learn about the factors essential for website creation', 1, 'now', 'f');
INSERT INTO cmsession_module (cmsession_id, module_id) VALUES (1202, 320);
INSERT INTO lesson (id, type, duration, tags, title, subject, order_id, created_at, is_deleted) VALUES (6021,'PRESENTATION', 60, '', '03_Website Creation', 'none', 1, 'now','f');
INSERT INTO lesson_cmsession (lesson_id, cmsession_id) VALUES (6021, 1202);
INSERT INTO cmsession (id, title, description, order_id, created_at, is_deleted) VALUES (1394, 'Website Creation Activity I', 'In this session students will create a website using Weebly', 2, 'now', 'f');
INSERT INTO cmsession_module (cmsession_id, module_id) VALUES (1394, 320);
INSERT INTO lesson (id, type, duration, tags, title, subject, order_id, created_at, is_deleted) VALUES (6444,'PRESENTATION', 60, '', '04_Website creation_Activity_Hr 1', 'none', 1, 'now','f');
INSERT INTO lesson_cmsession (lesson_id, cmsession_id) VALUES (6444, 1394);
INSERT INTO lesson (id, type, duration, tags, title, subject, order_id, created_at, is_deleted) VALUES (6445,'PRESENTATION', 60, '', '05_Website Creation_Activity_Hr 2', 'none', 2, 'now','f');
INSERT INTO lesson_cmsession (lesson_id, cmsession_id) VALUES (6445, 1394);
INSERT INTO cmsession (id, title, description, order_id, created_at, is_deleted) VALUES (1408, 'Website Creation Activity II', 'In this session students will create a website', 3, 'now', 'f');
INSERT INTO cmsession_module (cmsession_id, module_id) VALUES (1408, 320);
INSERT INTO lesson (id, type, duration, tags, title, subject, order_id, created_at, is_deleted) VALUES (6467,'PRESENTATION', 60, '', '05_Website Creation_Activity_Hr 2', 'none', 1, 'now','f');
INSERT INTO lesson_cmsession (lesson_id, cmsession_id) VALUES (6467, 1408);
INSERT INTO module (id, module_name, order_id, is_deleted) VALUES (317, 'Digital Marketing Strategy', 1, 'f');
INSERT INTO module_course (module_id, course_id) VALUES (317, 37);
INSERT INTO cmsession (id, title, description, order_id, created_at, is_deleted) VALUES (1192, 'Introduction to Digital Marketing', 'In this session students will learn the concept of digital marketing and its importance', 1, 'now', 'f');
INSERT INTO cmsession_module (cmsession_id, module_id) VALUES (1192, 317);
INSERT INTO lesson (id, type, duration, tags, title, subject, order_id, created_at, is_deleted) VALUES (5966,'PRESENTATION', 60, '', '01_Introduction to Digital Marketing', 'NONE', 1, 'now','f');
INSERT INTO lesson_cmsession (lesson_id, cmsession_id) VALUES (5966, 1192);
INSERT INTO lesson (id, type, duration, tags, title, subject, order_id, created_at, is_deleted) VALUES (6285,'PRESENTATION', 60, '', '01_Digital Marketing', 'none', 2, 'now','f');
INSERT INTO lesson_cmsession (lesson_id, cmsession_id) VALUES (6285, 1192);
INSERT INTO module (id, module_name, order_id, is_deleted) VALUES (318, 'Exploring Digital Marketing', 2, 'f');
INSERT INTO module_course (module_id, course_id) VALUES (318, 37);
INSERT INTO cmsession (id, title, description, order_id, created_at, is_deleted) VALUES (1200, 'Exploring Digital Marketing', 'In this session the students will learn about the terminology and components of digital marketing', 1, 'now', 'f');
INSERT INTO cmsession_module (cmsession_id, module_id) VALUES (1200, 318);
INSERT INTO lesson (id, type, duration, tags, title, subject, order_id, created_at, is_deleted) VALUES (6007,'PRESENTATION', 60, '', '02_Exploring Digital Marketing', 'none', 1, 'now','f');
INSERT INTO lesson_cmsession (lesson_id, cmsession_id) VALUES (6007, 1200);
INSERT INTO module (id, module_name, order_id, is_deleted) VALUES (386, 'Copywriting', 4, 'f');
INSERT INTO module_course (module_id, course_id) VALUES (386, 37);
INSERT INTO cmsession (id, title, description, order_id, created_at, is_deleted) VALUES (1361, 'Copywriting', 'In this session students will understand how to create a good copy for different mediums of communication', 1, 'now', 'f');
INSERT INTO cmsession_module (cmsession_id, module_id) VALUES (1361, 386);
INSERT INTO lesson (id, type, duration, tags, title, subject, order_id, created_at, is_deleted) VALUES (6346,'PRESENTATION', 60, '', '18_Copywriting', 'NONE', 1, 'now','f');
INSERT INTO lesson_cmsession (lesson_id, cmsession_id) VALUES (6346, 1361);
INSERT INTO lesson (id, type, duration, tags, title, subject, order_id, created_at, is_deleted) VALUES (6436,'PRESENTATION', 60, '', '06_Copywriting', 'none', 2, 'now','f');
INSERT INTO lesson_cmsession (lesson_id, cmsession_id) VALUES (6436, 1361);
INSERT INTO module (id, module_name, order_id, is_deleted) VALUES (408, 'Copy Writing Activity 1', 5, 'f');
INSERT INTO module_course (module_id, course_id) VALUES (408, 37);
INSERT INTO cmsession (id, title, description, order_id, created_at, is_deleted) VALUES (1404, 'Copywriting Activity 1', 'In this session students will learn how to create web copy', 1, 'now', 'f');
INSERT INTO cmsession_module (cmsession_id, module_id) VALUES (1404, 408);
INSERT INTO lesson (id, type, duration, tags, title, subject, order_id, created_at, is_deleted) VALUES (6458,'PRESENTATION', 60, '', '07_Copywriting_Activity_Hr 1', 'none', 1, 'now','f');
INSERT INTO lesson_cmsession (lesson_id, cmsession_id) VALUES (6458, 1404);
INSERT INTO lesson (id, type, duration, tags, title, subject, order_id, created_at, is_deleted) VALUES (6457,'PRESENTATION', 60, '', '07_CopyWriting_Activity', 'NONE', 2, 'now','f');
INSERT INTO lesson_cmsession (lesson_id, cmsession_id) VALUES (6457, 1404);
INSERT INTO module (id, module_name, order_id, is_deleted) VALUES (409, 'Copy Writing Activity 2', 6, 'f');
INSERT INTO module_course (module_id, course_id) VALUES (409, 37);
INSERT INTO cmsession (id, title, description, order_id, created_at, is_deleted) VALUES (1405, 'Copywriting Activity 2', 'In this session students will create effective web copy', 1, 'now', 'f');
INSERT INTO cmsession_module (cmsession_id, module_id) VALUES (1405, 409);
INSERT INTO lesson (id, type, duration, tags, title, subject, order_id, created_at, is_deleted) VALUES (6459,'PRESENTATION', 60, '', '08_Copywriting_Activity_Hr 2', 'NONE', 1, 'now','f');
INSERT INTO lesson_cmsession (lesson_id, cmsession_id) VALUES (6459, 1405);
INSERT INTO module (id, module_name, order_id, is_deleted) VALUES (336, 'Search Engine Marketing', 7, 'f');
INSERT INTO module_course (module_id, course_id) VALUES (336, 37);
INSERT INTO cmsession (id, title, description, order_id, created_at, is_deleted) VALUES (1250, 'Search Engine Marketing', 'In this session the students will learn how to use search and display marketing and place ads on the search engines', 1, 'now', 'f');
INSERT INTO cmsession_module (cmsession_id, module_id) VALUES (1250, 336);
INSERT INTO lesson (id, type, duration, tags, title, subject, order_id, created_at, is_deleted) VALUES (6125,'PRESENTATION', 60, '', '09_Search Engine Marketing', 'none', 1, 'now','f');
INSERT INTO lesson_cmsession (lesson_id, cmsession_id) VALUES (6125, 1250);
INSERT INTO module (id, module_name, order_id, is_deleted) VALUES (353, 'Search and Display Marketing', 8, 'f');
INSERT INTO module_course (module_id, course_id) VALUES (353, 37);
INSERT INTO cmsession (id, title, description, order_id, created_at, is_deleted) VALUES (1279, 'Search and Display Marketing', 'In this session the students will learn how to use search engines for advertising and marketing', 1, 'now', 'f');
INSERT INTO cmsession_module (cmsession_id, module_id) VALUES (1279, 353);
INSERT INTO lesson (id, type, duration, tags, title, subject, order_id, created_at, is_deleted) VALUES (6531,'PRESENTATION', 60, '', '10_Search and Display Marketing', 'none', 1, 'now','f');
INSERT INTO lesson_cmsession (lesson_id, cmsession_id) VALUES (6531, 1279);
INSERT INTO lesson (id, type, duration, tags, title, subject, order_id, created_at, is_deleted) VALUES (6502,'PRESENTATION', 60, '', '10_Search Engine Marketing', 'NONE', 3, 'now','f');
INSERT INTO lesson_cmsession (lesson_id, cmsession_id) VALUES (6502, 1279);
INSERT INTO lesson (id, type, duration, tags, title, subject, order_id, created_at, is_deleted) VALUES (6195,'PRESENTATION', 60, '', '10_Social media-draft', 'none', 4, 'now','f');
INSERT INTO lesson_cmsession (lesson_id, cmsession_id) VALUES (6195, 1279);
INSERT INTO module (id, module_name, order_id, is_deleted) VALUES (331, 'Foundation of analytics', 9, 'f');
INSERT INTO module_course (module_id, course_id) VALUES (331, 37);
INSERT INTO cmsession (id, title, description, order_id, created_at, is_deleted) VALUES (1236, 'Foundation of Analytics I', 'In this session students will learn how online analytics works and be able to define the key performance indicators', 1, 'now', 'f');
INSERT INTO cmsession_module (cmsession_id, module_id) VALUES (1236, 331);
INSERT INTO lesson (id, type, duration, tags, title, subject, order_id, created_at, is_deleted) VALUES (6095,'PRESENTATION', 60, '', '11_Foundation of Analytics I', 'none', 1, 'now','f');
INSERT INTO lesson_cmsession (lesson_id, cmsession_id) VALUES (6095, 1236);
INSERT INTO cmsession (id, title, description, order_id, created_at, is_deleted) VALUES (1409, 'Foundation of Analytics II', 'In this session students will learn how online analytics works and be able to define the key performance indicators', 2, 'now', 'f');
INSERT INTO cmsession_module (cmsession_id, module_id) VALUES (1409, 331);
INSERT INTO lesson (id, type, duration, tags, title, subject, order_id, created_at, is_deleted) VALUES (6481,'PRESENTATION', 60, '', '12_Foundation of Analytics II', 'none', 1, 'now','f');
INSERT INTO lesson_cmsession (lesson_id, cmsession_id) VALUES (6481, 1409);
INSERT INTO lesson (id, type, duration, tags, title, subject, order_id, created_at, is_deleted) VALUES (6468,'PRESENTATION', 60, '', '12_Google Analytics- Delete', 'none', 2, 'now','f');
INSERT INTO lesson_cmsession (lesson_id, cmsession_id) VALUES (6468, 1409);
INSERT INTO cmsession (id, title, description, order_id, created_at, is_deleted) VALUES (1413, 'Google Analytics Activity I', 'In this session the students will learn how to measure the effectiveness of the website', 3, 'now', 'f');
INSERT INTO cmsession_module (cmsession_id, module_id) VALUES (1413, 331);
INSERT INTO lesson (id, type, duration, tags, title, subject, order_id, created_at, is_deleted) VALUES (6489,'PRESENTATION', 60, '', '13_Google Analytics', 'none', 1, 'now','f');
INSERT INTO lesson_cmsession (lesson_id, cmsession_id) VALUES (6489, 1413);
INSERT INTO lesson (id, type, duration, tags, title, subject, order_id, created_at, is_deleted) VALUES (6557,'PRESENTATION', 60, '', '13_Google Analytics I', 'none', 2, 'now','f');
INSERT INTO lesson_cmsession (lesson_id, cmsession_id) VALUES (6557, 1413);
INSERT INTO cmsession (id, title, description, order_id, created_at, is_deleted) VALUES (1414, 'Google Analytics Activity II', 'In this sessions students will understand the KPIs of a website and how to measure it', 4, 'now', 'f');
INSERT INTO cmsession_module (cmsession_id, module_id) VALUES (1414, 331);
INSERT INTO lesson (id, type, duration, tags, title, subject, order_id, created_at, is_deleted) VALUES (6490,'PRESENTATION', 60, '', '14_Google Analytics II', 'NONE', 1, 'now','f');
INSERT INTO lesson_cmsession (lesson_id, cmsession_id) VALUES (6490, 1414);
INSERT INTO lesson (id, type, duration, tags, title, subject, order_id, created_at, is_deleted) VALUES (6540,'PRESENTATION', 60, '', '14_Google Analytics II', 'none', 2, 'now','f');
INSERT INTO lesson_cmsession (lesson_id, cmsession_id) VALUES (6540, 1414);
INSERT INTO cmsession (id, title, description, order_id, created_at, is_deleted) VALUES (1415, 'Google Analytics Activity III', 'In this session students will analyse the data and measure the performance of the website', 5, 'now', 'f');
INSERT INTO cmsession_module (cmsession_id, module_id) VALUES (1415, 331);
INSERT INTO lesson (id, type, duration, tags, title, subject, order_id, created_at, is_deleted) VALUES (6491,'PRESENTATION', 60, '', '15_Google Analytics III', 'NONE', 1, 'now','f');
INSERT INTO lesson_cmsession (lesson_id, cmsession_id) VALUES (6491, 1415);
INSERT INTO lesson (id, type, duration, tags, title, subject, order_id, created_at, is_deleted) VALUES (6541,'PRESENTATION', 60, '', '15_Google Analytics', 'none', 2, 'now','f');
INSERT INTO lesson_cmsession (lesson_id, cmsession_id) VALUES (6541, 1415);
INSERT INTO lesson (id, type, duration, tags, title, subject, order_id, created_at, is_deleted) VALUES (6558,'PRESENTATION', 60, '', '15_Google Analytics III', 'none', 3, 'now','f');
INSERT INTO lesson_cmsession (lesson_id, cmsession_id) VALUES (6558, 1415);
INSERT INTO cmsession (id, title, description, order_id, created_at, is_deleted) VALUES (1416, 'Google Analytics Activity IV', 'In this session students will learn to take decisions based on the data analysed', 6, 'now', 'f');
INSERT INTO cmsession_module (cmsession_id, module_id) VALUES (1416, 331);
INSERT INTO lesson (id, type, duration, tags, title, subject, order_id, created_at, is_deleted) VALUES (6492,'PRESENTATION', 60, '', '16_Google Analytics IV', 'NONE', 1, 'now','f');
INSERT INTO lesson_cmsession (lesson_id, cmsession_id) VALUES (6492, 1416);
INSERT INTO lesson (id, type, duration, tags, title, subject, order_id, created_at, is_deleted) VALUES (6542,'PRESENTATION', 60, '', '16_Google Analytics', 'none', 2, 'now','f');
INSERT INTO lesson_cmsession (lesson_id, cmsession_id) VALUES (6542, 1416);
INSERT INTO lesson (id, type, duration, tags, title, subject, order_id, created_at, is_deleted) VALUES (6559,'PRESENTATION', 60, '', '16_Google Analytics IV', 'none', 3, 'now','f');
INSERT INTO lesson_cmsession (lesson_id, cmsession_id) VALUES (6559, 1416);
INSERT INTO module (id, module_name, order_id, is_deleted) VALUES (335, 'Search Engine Optimization', 10, 'f');
INSERT INTO module_course (module_id, course_id) VALUES (335, 37);
INSERT INTO cmsession (id, title, description, order_id, created_at, is_deleted) VALUES (1249, 'Search Engine Optimization', 'In this session the students will learn what is SEO and the techniques for optimizing search engines', 1, 'now', 'f');
INSERT INTO cmsession_module (cmsession_id, module_id) VALUES (1249, 335);
INSERT INTO lesson (id, type, duration, tags, title, subject, order_id, created_at, is_deleted) VALUES (6124,'PRESENTATION', 60, '', '17_Search Engine Optimization', 'none', 1, 'now','f');
INSERT INTO lesson_cmsession (lesson_id, cmsession_id) VALUES (6124, 1249);
INSERT INTO cmsession (id, title, description, order_id, created_at, is_deleted) VALUES (1439, 'Search Engine Optimization II', 'In this session the students will learn the importance of SEO', 2, 'now', 'f');
INSERT INTO cmsession_module (cmsession_id, module_id) VALUES (1439, 335);
INSERT INTO lesson (id, type, duration, tags, title, subject, order_id, created_at, is_deleted) VALUES (6555,'PRESENTATION', 60, '', '18_SEO Techniques', 'none', 1, 'now','f');
INSERT INTO lesson_cmsession (lesson_id, cmsession_id) VALUES (6555, 1439);
INSERT INTO lesson (id, type, duration, tags, title, subject, order_id, created_at, is_deleted) VALUES (6545,'PRESENTATION', 60, '', '18_Search Engine Optimization II', 'NONE', 2, 'now','f');
INSERT INTO lesson_cmsession (lesson_id, cmsession_id) VALUES (6545, 1439);
INSERT INTO cmsession (id, title, description, order_id, created_at, is_deleted) VALUES (1440, 'SEO Activity I', 'In this session students will make the website SEO friendly', 3, 'now', 'f');
INSERT INTO cmsession_module (cmsession_id, module_id) VALUES (1440, 335);
INSERT INTO lesson (id, type, duration, tags, title, subject, order_id, created_at, is_deleted) VALUES (6546,'PRESENTATION', 60, '', '19_SEO Activity I', 'NONE', 1, 'now','f');
INSERT INTO lesson_cmsession (lesson_id, cmsession_id) VALUES (6546, 1440);
INSERT INTO cmsession (id, title, description, order_id, created_at, is_deleted) VALUES (1441, 'SEO Activity II', 'In this session students will make the website SEO friendly', 4, 'now', 'f');
INSERT INTO cmsession_module (cmsession_id, module_id) VALUES (1441, 335);
INSERT INTO lesson (id, type, duration, tags, title, subject, order_id, created_at, is_deleted) VALUES (6547,'PRESENTATION', 60, '', '20_SEO Activity II', 'NONE', 1, 'now','f');
INSERT INTO lesson_cmsession (lesson_id, cmsession_id) VALUES (6547, 1441);
INSERT INTO lesson (id, type, duration, tags, title, subject, order_id, created_at, is_deleted) VALUES (6606,'PRESENTATION', 60, '', '20_SEO Activity II', 'none', 2, 'now','f');
INSERT INTO lesson_cmsession (lesson_id, cmsession_id) VALUES (6606, 1441);
INSERT INTO module (id, module_name, order_id, is_deleted) VALUES (361, 'Facebook Advertising', 11, 'f');
INSERT INTO module_course (module_id, course_id) VALUES (361, 37);
INSERT INTO cmsession (id, title, description, order_id, created_at, is_deleted) VALUES (1288, 'Facebook Marketing I', 'Students will learn how Facebook advertising works and to appropriately place ads on it', 1, 'now', 'f');
INSERT INTO cmsession_module (cmsession_id, module_id) VALUES (1288, 361);
INSERT INTO lesson (id, type, duration, tags, title, subject, order_id, created_at, is_deleted) VALUES (6208,'PRESENTATION', 60, '', '21_Facebook Marketing I', 'none', 1, 'now','f');
INSERT INTO lesson_cmsession (lesson_id, cmsession_id) VALUES (6208, 1288);
INSERT INTO cmsession (id, title, description, order_id, created_at, is_deleted) VALUES (1472, 'Facebook Marketing II', 'Students will learn how to use Facebook for advertising on social media', 2, 'now', 'f');
INSERT INTO cmsession_module (cmsession_id, module_id) VALUES (1472, 361);
INSERT INTO lesson (id, type, duration, tags, title, subject, order_id, created_at, is_deleted) VALUES (6594,'PRESENTATION', 60, '', '22_Facebook Marketing II', 'none', 1, 'now','f');
INSERT INTO lesson_cmsession (lesson_id, cmsession_id) VALUES (6594, 1472);
INSERT INTO lesson (id, type, duration, tags, title, subject, order_id, created_at, is_deleted) VALUES (6591,'PRESENTATION', 60, '', '22_Facebook Marketing II', 'NONE', 2, 'now','f');
INSERT INTO lesson_cmsession (lesson_id, cmsession_id) VALUES (6591, 1472);
INSERT INTO cmsession (id, title, description, order_id, created_at, is_deleted) VALUES (1481, 'Facebook Marketing Activity I', 'In this session students will learn how to create a Facebook page and ads', 3, 'now', 'f');
INSERT INTO cmsession_module (cmsession_id, module_id) VALUES (1481, 361);
INSERT INTO lesson (id, type, duration, tags, title, subject, order_id, created_at, is_deleted) VALUES (6604,'PRESENTATION', 60, '', '23_Facebook Marketing Activity I', 'NONE', 1, 'now','f');
INSERT INTO lesson_cmsession (lesson_id, cmsession_id) VALUES (6604, 1481);
INSERT INTO cmsession (id, title, description, order_id, created_at, is_deleted) VALUES (1482, 'Facebook Marketing Activity II', 'In this session students will create Facebook page and ads for promoting business', 4, 'now', 'f');
INSERT INTO cmsession_module (cmsession_id, module_id) VALUES (1482, 361);
INSERT INTO module (id, module_name, order_id, is_deleted) VALUES (355, 'E-mail Marketing', 12, 'f');
INSERT INTO module_course (module_id, course_id) VALUES (355, 37);
INSERT INTO cmsession (id, title, description, order_id, created_at, is_deleted) VALUES (1281, 'E- mail Marketing I', 'In this session students will learn how to target customers using e- mail', 1, 'now', 'f');
INSERT INTO cmsession_module (cmsession_id, module_id) VALUES (1281, 355);
INSERT INTO lesson (id, type, duration, tags, title, subject, order_id, created_at, is_deleted) VALUES (6197,'PRESENTATION', 60, '', '25_Email Marketing I', 'none', 1, 'now','f');
INSERT INTO lesson_cmsession (lesson_id, cmsession_id) VALUES (6197, 1281);
INSERT INTO cmsession (id, title, description, order_id, created_at, is_deleted) VALUES (1483, 'E- mail Marketing II', 'In this session students will learn how to use mail chimp marketing to customers', 2, 'now', 'f');
INSERT INTO cmsession_module (cmsession_id, module_id) VALUES (1483, 355);
INSERT INTO lesson (id, type, duration, tags, title, subject, order_id, created_at, is_deleted) VALUES (6615,'PRESENTATION', 60, '', '26_Email Marketing II', 'none', 2, 'now','f');
INSERT INTO lesson_cmsession (lesson_id, cmsession_id) VALUES (6615, 1483);
INSERT INTO module (id, module_name, order_id, is_deleted) VALUES (362, 'Twitter Advertising', 13, 'f');
INSERT INTO module_course (module_id, course_id) VALUES (362, 37);
INSERT INTO cmsession (id, title, description, order_id, created_at, is_deleted) VALUES (1289, 'Twitter Advertising', 'In this session the students will learn how to place ads on Twitter', 1, 'now', 'f');
INSERT INTO cmsession_module (cmsession_id, module_id) VALUES (1289, 362);
INSERT INTO lesson (id, type, duration, tags, title, subject, order_id, created_at, is_deleted) VALUES (6209,'PRESENTATION', 60, '', '27_Twitter Marketing I', 'none', 1, 'now','f');
INSERT INTO lesson_cmsession (lesson_id, cmsession_id) VALUES (6209, 1289);
INSERT INTO cmsession (id, title, description, order_id, created_at, is_deleted) VALUES (1445, 'Twitter Marketing', 'In this session the students will learn how to use twitter as a marketing platform', 2, 'now', 'f');
INSERT INTO cmsession_module (cmsession_id, module_id) VALUES (1445, 362);
INSERT INTO lesson (id, type, duration, tags, title, subject, order_id, created_at, is_deleted) VALUES (6562,'PRESENTATION', 60, '', 'Delete', 'none', 1, 'now','f');
INSERT INTO lesson_cmsession (lesson_id, cmsession_id) VALUES (6562, 1445);
INSERT INTO lesson (id, type, duration, tags, title, subject, order_id, created_at, is_deleted) VALUES (6655,'PRESENTATION', 60, '', '28_Twitter Marketing II', 'none', 2, 'now','f');
INSERT INTO lesson_cmsession (lesson_id, cmsession_id) VALUES (6655, 1445);
INSERT INTO module (id, module_name, order_id, is_deleted) VALUES (356, 'Content Marketing', 14, 'f');
INSERT INTO module_course (module_id, course_id) VALUES (356, 37);
INSERT INTO cmsession (id, title, description, order_id, created_at, is_deleted) VALUES (1282, 'Content  Marketing I', 'In this session the students will learn what is content marketing and how to use content as a marketing tool', 1, 'now', 'f');
INSERT INTO cmsession_module (cmsession_id, module_id) VALUES (1282, 356);
INSERT INTO lesson (id, type, duration, tags, title, subject, order_id, created_at, is_deleted) VALUES (6198,'PRESENTATION', 60, '', '29_Content Marketing', 'none', 1, 'now','f');
INSERT INTO lesson_cmsession (lesson_id, cmsession_id) VALUES (6198, 1282);
INSERT INTO cmsession (id, title, description, order_id, created_at, is_deleted) VALUES (1484, 'Content Marketing II', 'In this session students will use Wordpress to learn about blogs and content marketing', 2, 'now', 'f');
INSERT INTO cmsession_module (cmsession_id, module_id) VALUES (1484, 356);
INSERT INTO lesson (id, type, duration, tags, title, subject, order_id, created_at, is_deleted) VALUES (6605,'PRESENTATION', 60, '', '30_Content Marketing II', 'NONE', 1, 'now','f');
INSERT INTO lesson_cmsession (lesson_id, cmsession_id) VALUES (6605, 1484);
INSERT INTO module (id, module_name, order_id, is_deleted) VALUES (459, 'Final Assessment Digital Marketing', 15, 'f');
INSERT INTO module_course (module_id, course_id) VALUES (459, 37);
INSERT INTO cmsession (id, title, description, order_id, created_at, is_deleted) VALUES (1507, 'Final Assessment Digital Marketing', 'Final assessment questions', 1, 'now', 'f');
INSERT INTO cmsession_module (cmsession_id, module_id) VALUES (1507, 459);
INSERT INTO module (id, module_name, order_id, is_deleted) VALUES (354, 'Video Marketing', 16, 'f');
INSERT INTO module_course (module_id, course_id) VALUES (354, 37);
INSERT INTO cmsession (id, title, description, order_id, created_at, is_deleted) VALUES (1280, 'Video Marketing', 'In this session the students will learn how to use videos for marketing', 1, 'now', 'f');
INSERT INTO cmsession_module (cmsession_id, module_id) VALUES (1280, 354);
INSERT INTO lesson (id, type, duration, tags, title, subject, order_id, created_at, is_deleted) VALUES (6196,'PRESENTATION', 60, '', '08_Video Marketing', 'none', 1, 'now','f');
INSERT INTO lesson_cmsession (lesson_id, cmsession_id) VALUES (6196, 1280);
INSERT INTO module (id, module_name, order_id, is_deleted) VALUES (358, 'Mobile Marketing', 17, 'f');
INSERT INTO module_course (module_id, course_id) VALUES (358, 37);
INSERT INTO cmsession (id, title, description, order_id, created_at, is_deleted) VALUES (1285, 'Mobile Marketing', 'Students will learn how to use mobile as a medium of advertising', 1, 'now', 'f');
INSERT INTO cmsession_module (cmsession_id, module_id) VALUES (1285, 358);
INSERT INTO lesson (id, type, duration, tags, title, subject, order_id, created_at, is_deleted) VALUES (6205,'PRESENTATION', 60, '', '11_Mobile Marketing', 'NONE', 1, 'now','f');
INSERT INTO lesson_cmsession (lesson_id, cmsession_id) VALUES (6205, 1285);
INSERT INTO module (id, module_name, order_id, is_deleted) VALUES (359, 'Online Marketing', 18, 'f');
INSERT INTO module_course (module_id, course_id) VALUES (359, 37);
INSERT INTO cmsession (id, title, description, order_id, created_at, is_deleted) VALUES (1286, 'Online Marketing', 'Students will learn how to communicate the marketing message on the digital platform', 1, 'now', 'f');
INSERT INTO cmsession_module (cmsession_id, module_id) VALUES (1286, 359);
INSERT INTO lesson (id, type, duration, tags, title, subject, order_id, created_at, is_deleted) VALUES (6206,'PRESENTATION', 60, '', '12_Online Marketing', 'NONE', 1, 'now','f');
INSERT INTO lesson_cmsession (lesson_id, cmsession_id) VALUES (6206, 1286);
INSERT INTO module (id, module_name, order_id, is_deleted) VALUES (360, 'Online Advertising', 19, 'f');
INSERT INTO module_course (module_id, course_id) VALUES (360, 37);
INSERT INTO cmsession (id, title, description, order_id, created_at, is_deleted) VALUES (1287, 'Online Advertising', 'In this session students will learn how to advertise on social media and search engines', 1, 'now', 'f');
INSERT INTO cmsession_module (cmsession_id, module_id) VALUES (1287, 360);
INSERT INTO lesson (id, type, duration, tags, title, subject, order_id, created_at, is_deleted) VALUES (6207,'PRESENTATION', 60, '', '13_Online Advertising', 'NONE', 1, 'now','f');
INSERT INTO lesson_cmsession (lesson_id, cmsession_id) VALUES (6207, 1287);
INSERT INTO module (id, module_name, order_id, is_deleted) VALUES (363, 'Introduction to Advertising', 20, 'f');
INSERT INTO module_course (module_id, course_id) VALUES (363, 37);
INSERT INTO cmsession (id, title, description, order_id, created_at, is_deleted) VALUES (1359, 'Introduction to Advertising', 'In this session students will learn what is advertising and how does it impact businesses.', 1, 'now', 'f');
INSERT INTO cmsession_module (cmsession_id, module_id) VALUES (1359, 363);
INSERT INTO lesson (id, type, duration, tags, title, subject, order_id, created_at, is_deleted) VALUES (6343,'PRESENTATION', 60, '', '16_Introduction to Advertising', 'NONE', 1, 'now','f');
INSERT INTO lesson_cmsession (lesson_id, cmsession_id) VALUES (6343, 1359);
INSERT INTO module (id, module_name, order_id, is_deleted) VALUES (364, 'Marketing Plan', 21, 'f');
INSERT INTO module_course (module_id, course_id) VALUES (364, 37);
INSERT INTO cmsession (id, title, description, order_id, created_at, is_deleted) VALUES (1360, 'Marketing Plan', 'Students will understand what is the minimum level of marketing efforts needed to sustain a business', 1, 'now', 'f');
INSERT INTO cmsession_module (cmsession_id, module_id) VALUES (1360, 364);
INSERT INTO lesson (id, type, duration, tags, title, subject, order_id, created_at, is_deleted) VALUES (6344,'PRESENTATION', 60, '', '17_Marketing Plan', 'NONE', 1, 'now','f');
INSERT INTO lesson_cmsession (lesson_id, cmsession_id) VALUES (6344, 1360);
INSERT INTO module (id, module_name, order_id, is_deleted) VALUES (387, 'Customer Psychology and Copywriting', 22, 'f');
INSERT INTO module_course (module_id, course_id) VALUES (387, 37);
INSERT INTO cmsession (id, title, description, order_id, created_at, is_deleted) VALUES (1362, 'Customer Psychology and Copywriting', 'In this session students will learn how to create a copy after understanding the customer psychology', 1, 'now', 'f');
INSERT INTO cmsession_module (cmsession_id, module_id) VALUES (1362, 387);
INSERT INTO lesson (id, type, duration, tags, title, subject, order_id, created_at, is_deleted) VALUES (6347,'PRESENTATION', 60, '', '19_Customer Psychology and Copywriting', 'NONE', 1, 'now','f');
INSERT INTO lesson_cmsession (lesson_id, cmsession_id) VALUES (6347, 1362);
INSERT INTO module (id, module_name, order_id, is_deleted) VALUES (388, 'Advertising Agency', 23, 'f');
INSERT INTO module_course (module_id, course_id) VALUES (388, 37);
INSERT INTO cmsession (id, title, description, order_id, created_at, is_deleted) VALUES (1363, 'Advertising Agency', 'Students will learn what are the functions of an advertising agency', 1, 'now', 'f');
INSERT INTO cmsession_module (cmsession_id, module_id) VALUES (1363, 388);
INSERT INTO lesson (id, type, duration, tags, title, subject, order_id, created_at, is_deleted) VALUES (6348,'PRESENTATION', 60, '', '20_Advertising Agency', 'NONE', 1, 'now','f');
INSERT INTO lesson_cmsession (lesson_id, cmsession_id) VALUES (6348, 1363);
INSERT INTO module (id, module_name, order_id, is_deleted) VALUES (389, 'Outdoor Advertising', 24, 'f');
INSERT INTO module_course (module_id, course_id) VALUES (389, 37);
INSERT INTO cmsession (id, title, description, order_id, created_at, is_deleted) VALUES (1364, 'Outdoor Advertising', 'In this session students will learn what are the outdoor marketing techniques and how does it influence sales', 1, 'now', 'f');
INSERT INTO cmsession_module (cmsession_id, module_id) VALUES (1364, 389);
INSERT INTO lesson (id, type, duration, tags, title, subject, order_id, created_at, is_deleted) VALUES (6349,'PRESENTATION', 60, '', '21_Outdoor Advertising', 'NONE', 1, 'now','f');
INSERT INTO lesson_cmsession (lesson_id, cmsession_id) VALUES (6349, 1364);
INSERT INTO cmsession (id, title, description, order_id, created_at, is_deleted) VALUES (1365, 'Outdoor Advertising Activity', 'Students will create outdoor advertising campaigns for different brands', 2, 'now', 'f');
INSERT INTO cmsession_module (cmsession_id, module_id) VALUES (1365, 389);
INSERT INTO lesson (id, type, duration, tags, title, subject, order_id, created_at, is_deleted) VALUES (6350,'PRESENTATION', 60, '', '22_Outdoor Advertising_Activity', 'NONE', 1, 'now','f');
INSERT INTO lesson_cmsession (lesson_id, cmsession_id) VALUES (6350, 1365);
INSERT INTO module (id, module_name, order_id, is_deleted) VALUES (390, 'Direct Marketing', 25, 'f');
INSERT INTO module_course (module_id, course_id) VALUES (390, 37);
INSERT INTO cmsession (id, title, description, order_id, created_at, is_deleted) VALUES (1366, 'Direct Marketing', 'Students will learn what is direct marketing and what are its techniques', 1, 'now', 'f');
INSERT INTO cmsession_module (cmsession_id, module_id) VALUES (1366, 390);
INSERT INTO lesson (id, type, duration, tags, title, subject, order_id, created_at, is_deleted) VALUES (6351,'PRESENTATION', 60, '', '23_Direct Marketing', 'NONE', 1, 'now','f');
INSERT INTO lesson_cmsession (lesson_id, cmsession_id) VALUES (6351, 1366);
INSERT INTO module (id, module_name, order_id, is_deleted) VALUES (391, 'Event Marketing', 26, 'f');
INSERT INTO module_course (module_id, course_id) VALUES (391, 37);
INSERT INTO cmsession (id, title, description, order_id, created_at, is_deleted) VALUES (1367, 'Event Marketing', 'Students will learn how can events be used to create awareness and hype about a brand', 1, 'now', 'f');
INSERT INTO cmsession_module (cmsession_id, module_id) VALUES (1367, 391);
INSERT INTO lesson (id, type, duration, tags, title, subject, order_id, created_at, is_deleted) VALUES (6352,'PRESENTATION', 60, '', '24_Event Marketing', 'NONE', 1, 'now','f');
INSERT INTO lesson_cmsession (lesson_id, cmsession_id) VALUES (6352, 1367);
INSERT INTO module (id, module_name, order_id, is_deleted) VALUES (392, 'Visual Marketing', 27, 'f');
INSERT INTO module_course (module_id, course_id) VALUES (392, 37);
INSERT INTO cmsession (id, title, description, order_id, created_at, is_deleted) VALUES (1368, 'Visual Marketing', 'Students will learn how to use different kinds of visuals to attract customers towards a brand', 1, 'now', 'f');
INSERT INTO cmsession_module (cmsession_id, module_id) VALUES (1368, 392);
INSERT INTO lesson (id, type, duration, tags, title, subject, order_id, created_at, is_deleted) VALUES (6392,'PRESENTATION', 60, '', '25_Visual Marketing', 'NONE', 1, 'now','f');
INSERT INTO lesson_cmsession (lesson_id, cmsession_id) VALUES (6392, 1368);
INSERT INTO cmsession (id, title, description, order_id, created_at, is_deleted) VALUES (1379, 'Visual Marketing Activity', 'In this session students will create visuals for marketing products and services', 2, 'now', 'f');
INSERT INTO cmsession_module (cmsession_id, module_id) VALUES (1379, 392);
INSERT INTO lesson (id, type, duration, tags, title, subject, order_id, created_at, is_deleted) VALUES (6391,'PRESENTATION', 60, '', '26_Visual Marketing_ Activity', 'none', 1, 'now','f');
INSERT INTO lesson_cmsession (lesson_id, cmsession_id) VALUES (6391, 1379);
INSERT INTO module (id, module_name, order_id, is_deleted) VALUES (399, 'Online Campaigns', 28, 'f');
INSERT INTO module_course (module_id, course_id) VALUES (399, 37);
INSERT INTO cmsession (id, title, description, order_id, created_at, is_deleted) VALUES (1380, 'Online Campaigns', 'In this session students will learn what is the importance of online campaigns and how to create one.', 1, 'now', 'f');
INSERT INTO cmsession_module (cmsession_id, module_id) VALUES (1380, 399);
INSERT INTO lesson (id, type, duration, tags, title, subject, order_id, created_at, is_deleted) VALUES (6394,'PRESENTATION', 60, '', '27_Online Campaigns', 'NONE', 1, 'now','f');
INSERT INTO lesson_cmsession (lesson_id, cmsession_id) VALUES (6394, 1380);
INSERT INTO cmsession (id, title, description, order_id, created_at, is_deleted) VALUES (1381, 'Online Campaigns Activity', 'In this session students will design an online campaign for products and services', 2, 'now', 'f');
INSERT INTO cmsession_module (cmsession_id, module_id) VALUES (1381, 399);
INSERT INTO lesson (id, type, duration, tags, title, subject, order_id, created_at, is_deleted) VALUES (6395,'PRESENTATION', 60, '', '28_Online Campaigns_ Activity', 'NONE', 1, 'now','f');
INSERT INTO lesson_cmsession (lesson_id, cmsession_id) VALUES (6395, 1381);
INSERT INTO module (id, module_name, order_id, is_deleted) VALUES (400, 'Online vs Offline Advertising', 29, 'f');
INSERT INTO module_course (module_id, course_id) VALUES (400, 37);
INSERT INTO cmsession (id, title, description, order_id, created_at, is_deleted) VALUES (1382, 'Online vs Offline Advertising', 'In this session students will learn what are the various online and offline advertising methods and their importance', 1, 'now', 'f');
INSERT INTO cmsession_module (cmsession_id, module_id) VALUES (1382, 400);
INSERT INTO lesson (id, type, duration, tags, title, subject, order_id, created_at, is_deleted) VALUES (6396,'PRESENTATION', 60, '', '29_Online vs Offline Advertising', 'NONE', 1, 'now','f');
INSERT INTO lesson_cmsession (lesson_id, cmsession_id) VALUES (6396, 1382);
INSERT INTO cmsession (id, title, description, order_id, created_at, is_deleted) VALUES (1383, 'Online vs Offline Advertising Activity', 'In this session students will create an online and an offline ad and compare the outcome.', 2, 'now', 'f');
INSERT INTO cmsession_module (cmsession_id, module_id) VALUES (1383, 400);
INSERT INTO lesson (id, type, duration, tags, title, subject, order_id, created_at, is_deleted) VALUES (6397,'PRESENTATION', 60, '', '30_Online vs Offline Advertising_Activity', 'NONE', 1, 'now','f');
INSERT INTO lesson_cmsession (lesson_id, cmsession_id) VALUES (6397, 1383);
INSERT INTO module (id, module_name, order_id, is_deleted) VALUES (413, 'Website Creation II- Delete', 30, 'f');
INSERT INTO module_course (module_id, course_id) VALUES (413, 37);
INSERT INTO module (id, module_name, order_id, is_deleted) VALUES (427, 'E-mail Marketing New', 31, 'f');
INSERT INTO module_course (module_id, course_id) VALUES (427, 37);
INSERT INTO cmsession (id, title, description, order_id, created_at, is_deleted) VALUES (1444, 'E-mail Marketing', 'This session deals with using emails to create an effective email marketing campaign', 1, 'now', 'f');
INSERT INTO cmsession_module (cmsession_id, module_id) VALUES (1444, 427);
INSERT INTO lesson (id, type, duration, tags, title, subject, order_id, created_at, is_deleted) VALUES (6561,'PRESENTATION', 60, '', 'Email marketing', 'NONE', 1, 'now','f');
INSERT INTO lesson_cmsession (lesson_id, cmsession_id) VALUES (6561, 1444);
INSERT INTO module (id, module_name, order_id, is_deleted) VALUES (452, 'Digital Marketing_Assessment', 32, 'f');
INSERT INTO module_course (module_id, course_id) VALUES (452, 37);
INSERT INTO course (id, course_name, course_description, tags, created_at) VALUES (38, 'Basic English', 'The course introduces the basic rules of the English language and maximizes the understanding of English grammar', NULL, 'now');
INSERT INTO module (id, module_name, order_id, is_deleted) VALUES (319, 'Basic rules of English', 1, 'f');
INSERT INTO module_course (module_id, course_id) VALUES (319, 38);
INSERT INTO cmsession (id, title, description, order_id, created_at, is_deleted) VALUES (1204, 'Basic rules', 'This session creates an understanding of the basic structural rules of English', 1, 'now', 'f');
INSERT INTO cmsession_module (cmsession_id, module_id) VALUES (1204, 319);
INSERT INTO lesson (id, type, duration, tags, title, subject, order_id, created_at, is_deleted) VALUES (6022,'PRESENTATION', 60, '', '01_Rules of English Grammar', 'none', 1, 'now','f');
INSERT INTO lesson_cmsession (lesson_id, cmsession_id) VALUES (6022, 1204);
INSERT INTO module (id, module_name, order_id, is_deleted) VALUES (323, 'Parts of Speech', 2, 'f');
INSERT INTO module_course (module_id, course_id) VALUES (323, 38);
INSERT INTO cmsession (id, title, description, order_id, created_at, is_deleted) VALUES (1303, 'Nouns', 'This session helps the students identify different types of nouns and use them to create noun phrases', 1, 'now', 'f');
INSERT INTO cmsession_module (cmsession_id, module_id) VALUES (1303, 323);
INSERT INTO lesson (id, type, duration, tags, title, subject, order_id, created_at, is_deleted) VALUES (6237,'PRESENTATION', 60, '', 'Nouns', 'NONE', 1, 'now','f');
INSERT INTO lesson_cmsession (lesson_id, cmsession_id) VALUES (6237, 1303);
INSERT INTO lesson (id, type, duration, tags, title, subject, order_id, created_at, is_deleted) VALUES (6272,'PRESENTATION', 30, '', 'Nouns', 'NONE', 2, 'now','f');
INSERT INTO lesson_cmsession (lesson_id, cmsession_id) VALUES (6272, 1303);
INSERT INTO lesson (id, type, duration, tags, title, subject, order_id, created_at, is_deleted) VALUES (6275,'PRESENTATION', 30, '', 'Nouns', 'NONE', 3, 'now','f');
INSERT INTO lesson_cmsession (lesson_id, cmsession_id) VALUES (6275, 1303);
INSERT INTO cmsession (id, title, description, order_id, created_at, is_deleted) VALUES (1222, 'Verbs', 'This session creates an understanding of the use and significance of verbs and verb phrases', 2, 'now', 'f');
INSERT INTO cmsession_module (cmsession_id, module_id) VALUES (1222, 323);
INSERT INTO lesson (id, type, duration, tags, title, subject, order_id, created_at, is_deleted) VALUES (6053,'PRESENTATION', 60, '', 'Verbs and verb phrases', 'none', 1, 'now','f');
INSERT INTO lesson_cmsession (lesson_id, cmsession_id) VALUES (6053, 1222);
INSERT INTO cmsession (id, title, description, order_id, created_at, is_deleted) VALUES (1265, 'Pronouns', 'This session helps understand the various types of pronouns and their use', 3, 'now', 'f');
INSERT INTO cmsession_module (cmsession_id, module_id) VALUES (1265, 323);
INSERT INTO lesson (id, type, duration, tags, title, subject, order_id, created_at, is_deleted) VALUES (6187,'PRESENTATION', 60, '', 'Pronouns', 'NONE', 1, 'now','f');
INSERT INTO lesson_cmsession (lesson_id, cmsession_id) VALUES (6187, 1265);
INSERT INTO cmsession (id, title, description, order_id, created_at, is_deleted) VALUES (1314, 'Adjectives', 'This session helps the students understand the use and order of adjectives in sentences', 4, 'now', 'f');
INSERT INTO cmsession_module (cmsession_id, module_id) VALUES (1314, 323);
INSERT INTO lesson (id, type, duration, tags, title, subject, order_id, created_at, is_deleted) VALUES (6276,'PRESENTATION', 60, '', 'Adjectives', 'NONE', 1, 'now','f');
INSERT INTO lesson_cmsession (lesson_id, cmsession_id) VALUES (6276, 1314);
INSERT INTO cmsession (id, title, description, order_id, created_at, is_deleted) VALUES (1317, 'Adverbs', 'This session helps students use adverbs as modifiers and change the quality of sentences', 5, 'now', 'f');
INSERT INTO cmsession_module (cmsession_id, module_id) VALUES (1317, 323);
INSERT INTO lesson (id, type, duration, tags, title, subject, order_id, created_at, is_deleted) VALUES (6269,'PRESENTATION', 60, '', 'Adverbs', 'NONE', 1, 'now','f');
INSERT INTO lesson_cmsession (lesson_id, cmsession_id) VALUES (6269, 1317);
INSERT INTO cmsession (id, title, description, order_id, created_at, is_deleted) VALUES (1261, 'Prepositions', 'This session helps identify different prepositions and their use', 6, 'now', 'f');
INSERT INTO cmsession_module (cmsession_id, module_id) VALUES (1261, 323);
INSERT INTO lesson (id, type, duration, tags, title, subject, order_id, created_at, is_deleted) VALUES (6176,'PRESENTATION', 60, '', 'Prepositions', 'NONE', 1, 'now','f');
INSERT INTO lesson_cmsession (lesson_id, cmsession_id) VALUES (6176, 1261);
INSERT INTO cmsession (id, title, description, order_id, created_at, is_deleted) VALUES (1315, 'Conjunctions', 'This session helps students understand how to connect different clauses using conjunctions', 7, 'now', 'f');
INSERT INTO cmsession_module (cmsession_id, module_id) VALUES (1315, 323);
INSERT INTO lesson (id, type, duration, tags, title, subject, order_id, created_at, is_deleted) VALUES (6314,'PRESENTATION', 60, '', 'Conjunctions', 'NONE', 1, 'now','f');
INSERT INTO lesson_cmsession (lesson_id, cmsession_id) VALUES (6314, 1315);
INSERT INTO lesson (id, type, duration, tags, title, subject, order_id, created_at, is_deleted) VALUES (6315,'PRESENTATION', 60, '', 'Conjunctions', 'NONE', 2, 'now','f');
INSERT INTO lesson_cmsession (lesson_id, cmsession_id) VALUES (6315, 1315);
INSERT INTO cmsession (id, title, description, order_id, created_at, is_deleted) VALUES (1313, 'Verb tenses', 'This session helps the students identify the use of tenses in sentences. The students understand how to conjugate verbs for various tenses', 8, 'now', 'f');
INSERT INTO cmsession_module (cmsession_id, module_id) VALUES (1313, 323);
INSERT INTO lesson (id, type, duration, tags, title, subject, order_id, created_at, is_deleted) VALUES (6271,'PRESENTATION', 60, '', 'Verb tenses', 'NONE', 1, 'now','f');
INSERT INTO lesson_cmsession (lesson_id, cmsession_id) VALUES (6271, 1313);
INSERT INTO lesson (id, type, duration, tags, title, subject, order_id, created_at, is_deleted) VALUES (6277,'PRESENTATION', 60, '', 'Verb tenses', 'NONE', 2, 'now','f');
INSERT INTO lesson_cmsession (lesson_id, cmsession_id) VALUES (6277, 1313);
INSERT INTO module (id, module_name, order_id, is_deleted) VALUES (338, 'Statements and Imperatives', 3, 'f');
INSERT INTO module_course (module_id, course_id) VALUES (338, 38);
INSERT INTO cmsession (id, title, description, order_id, created_at, is_deleted) VALUES (1260, 'Statements and Imperatives', 'This session helps the students identify different types of sentences and understand the structure and use of verbs for different sentences', 1, 'now', 'f');
INSERT INTO cmsession_module (cmsession_id, module_id) VALUES (1260, 338);
INSERT INTO lesson (id, type, duration, tags, title, subject, order_id, created_at, is_deleted) VALUES (6174,'PRESENTATION', 60, '', 'Statements', 'NONE', 1, 'now','f');
INSERT INTO lesson_cmsession (lesson_id, cmsession_id) VALUES (6174, 1260);
INSERT INTO lesson (id, type, duration, tags, title, subject, order_id, created_at, is_deleted) VALUES (6175,'PRESENTATION', 60, '', 'Imperatives and Exclamations', 'NONE', 2, 'now','f');
INSERT INTO lesson_cmsession (lesson_id, cmsession_id) VALUES (6175, 1260);
INSERT INTO module (id, module_name, order_id, is_deleted) VALUES (351, 'Subject verb Agreement', 4, 'f');
INSERT INTO module_course (module_id, course_id) VALUES (351, 38);
INSERT INTO cmsession (id, title, description, order_id, created_at, is_deleted) VALUES (1277, 'Subject Verb Agreement', 'This session helps the students understand the relationship between a verb and a noun grammatically. It identifies rules to follow while making sentences to ensure subject and the verb agree in number', 1, 'now', 'f');
INSERT INTO cmsession_module (cmsession_id, module_id) VALUES (1277, 351);
INSERT INTO lesson (id, type, duration, tags, title, subject, order_id, created_at, is_deleted) VALUES (6191,'PRESENTATION', 60, '', 'Subject Verb Agreement', 'NONE', 1, 'now','f');
INSERT INTO lesson_cmsession (lesson_id, cmsession_id) VALUES (6191, 1277);
INSERT INTO lesson (id, type, duration, tags, title, subject, order_id, created_at, is_deleted) VALUES (6270,'PRESENTATION', 60, '', 'Subject Verb Agreement', 'NONE', 2, 'now','f');
INSERT INTO lesson_cmsession (lesson_id, cmsession_id) VALUES (6270, 1277);
INSERT INTO module (id, module_name, order_id, is_deleted) VALUES (352, 'Determiners', 5, 'f');
INSERT INTO module_course (module_id, course_id) VALUES (352, 38);
INSERT INTO cmsession (id, title, description, order_id, created_at, is_deleted) VALUES (1278, 'Determiners', 'This session helps identify and use articles, possessives and quantifies to determine the quality and quantity of the noun associated with them', 1, 'now', 'f');
INSERT INTO cmsession_module (cmsession_id, module_id) VALUES (1278, 352);
INSERT INTO lesson (id, type, duration, tags, title, subject, order_id, created_at, is_deleted) VALUES (6192,'PRESENTATION', 60, '', 'Determiners', 'NONE', 1, 'now','f');
INSERT INTO lesson_cmsession (lesson_id, cmsession_id) VALUES (6192, 1278);
INSERT INTO module (id, module_name, order_id, is_deleted) VALUES (373, 'Voice', 6, 'f');
INSERT INTO module_course (module_id, course_id) VALUES (373, 38);
INSERT INTO cmsession (id, title, description, order_id, created_at, is_deleted) VALUES (1316, 'Active and Passive voice', 'This session helps students identify the voice of the verb and convert active sentences to passive sentences', 1, 'now', 'f');
INSERT INTO cmsession_module (cmsession_id, module_id) VALUES (1316, 373);
INSERT INTO lesson (id, type, duration, tags, title, subject, order_id, created_at, is_deleted) VALUES (6278,'PRESENTATION', 60, '', 'Active and Passive voice', 'NONE', 1, 'now','f');
INSERT INTO lesson_cmsession (lesson_id, cmsession_id) VALUES (6278, 1316);
INSERT INTO module (id, module_name, order_id, is_deleted) VALUES (374, 'Sentence structures', 7, 'f');
INSERT INTO module_course (module_id, course_id) VALUES (374, 38);
INSERT INTO cmsession (id, title, description, order_id, created_at, is_deleted) VALUES (1318, 'Sentence structures', 'This session helps students identify different types of sentences and the use of conjunctions and punctuation to create different sentences', 1, 'now', 'f');
INSERT INTO cmsession_module (cmsession_id, module_id) VALUES (1318, 374);
INSERT INTO lesson (id, type, duration, tags, title, subject, order_id, created_at, is_deleted) VALUES (6279,'PRESENTATION', 60, '', 'Sentence structures', 'NONE', 1, 'now','f');
INSERT INTO lesson_cmsession (lesson_id, cmsession_id) VALUES (6279, 1318);
INSERT INTO module (id, module_name, order_id, is_deleted) VALUES (379, 'Number', 8, 'f');
INSERT INTO module_course (module_id, course_id) VALUES (379, 38);
INSERT INTO cmsession (id, title, description, order_id, created_at, is_deleted) VALUES (1343, 'Singular Plural', 'This session helps the students recognise the number of the noun and explains how to modify nouns to denote plural', 1, 'now', 'f');
INSERT INTO cmsession_module (cmsession_id, module_id) VALUES (1343, 379);
INSERT INTO lesson (id, type, duration, tags, title, subject, order_id, created_at, is_deleted) VALUES (6325,'PRESENTATION', 60, '', 'Singular Plural', 'NONE', 1, 'now','f');
INSERT INTO lesson_cmsession (lesson_id, cmsession_id) VALUES (6325, 1343);
INSERT INTO module (id, module_name, order_id, is_deleted) VALUES (380, 'Direct Indirect speech', 9, 'f');
INSERT INTO module_course (module_id, course_id) VALUES (380, 38);
INSERT INTO cmsession (id, title, description, order_id, created_at, is_deleted) VALUES (1345, 'Reported Speech', 'Reported Speech', 1, 'now', 'f');
INSERT INTO cmsession_module (cmsession_id, module_id) VALUES (1345, 380);
INSERT INTO lesson (id, type, duration, tags, title, subject, order_id, created_at, is_deleted) VALUES (6328,'PRESENTATION', 60, '', 'Reported Speech', 'NONE', 1, 'now','f');
INSERT INTO lesson_cmsession (lesson_id, cmsession_id) VALUES (6328, 1345);
INSERT INTO module (id, module_name, order_id, is_deleted) VALUES (382, 'Questions', 10, 'f');
INSERT INTO module_course (module_id, course_id) VALUES (382, 38);
INSERT INTO cmsession (id, title, description, order_id, created_at, is_deleted) VALUES (1354, 'Questions', 'Questions', 1, 'now', 'f');
INSERT INTO cmsession_module (cmsession_id, module_id) VALUES (1354, 382);
INSERT INTO lesson (id, type, duration, tags, title, subject, order_id, created_at, is_deleted) VALUES (6329,'PRESENTATION', 60, '', 'Questions', 'NONE', 1, 'now','f');
INSERT INTO lesson_cmsession (lesson_id, cmsession_id) VALUES (6329, 1354);
INSERT INTO module (id, module_name, order_id, is_deleted) VALUES (383, 'Punctuations', 11, 'f');
INSERT INTO module_course (module_id, course_id) VALUES (383, 38);
INSERT INTO module (id, module_name, order_id, is_deleted) VALUES (384, 'Punctuations', 12, 'f');
INSERT INTO module_course (module_id, course_id) VALUES (384, 38);
INSERT INTO cmsession (id, title, description, order_id, created_at, is_deleted) VALUES (1355, 'Punctuations', 'Punctuations', 1, 'now', 'f');
INSERT INTO cmsession_module (cmsession_id, module_id) VALUES (1355, 384);
INSERT INTO lesson (id, type, duration, tags, title, subject, order_id, created_at, is_deleted) VALUES (6334,'PRESENTATION', 60, '', 'Punctuations', 'NONE', 1, 'now','f');
INSERT INTO lesson_cmsession (lesson_id, cmsession_id) VALUES (6334, 1355);
INSERT INTO cmsession (id, title, description, order_id, created_at, is_deleted) VALUES (1356, 'Punctuations', 'Punctuations', 2, 'now', 'f');
INSERT INTO cmsession_module (cmsession_id, module_id) VALUES (1356, 384);
INSERT INTO module (id, module_name, order_id, is_deleted) VALUES (385, 'Degrees of Comparison', 13, 'f');
INSERT INTO module_course (module_id, course_id) VALUES (385, 38);
INSERT INTO cmsession (id, title, description, order_id, created_at, is_deleted) VALUES (1357, 'Degrees of Comparison', 'Degrees of Comparison', 1, 'now', 'f');
INSERT INTO cmsession_module (cmsession_id, module_id) VALUES (1357, 385);
INSERT INTO lesson (id, type, duration, tags, title, subject, order_id, created_at, is_deleted) VALUES (6335,'PRESENTATION', 60, '', 'Degrees of Comparison', 'NONE', 1, 'now','f');
INSERT INTO lesson_cmsession (lesson_id, cmsession_id) VALUES (6335, 1357);
INSERT INTO course (id, course_name, course_description, tags, created_at) VALUES (39, 'Corporate Communication', 'Course to help people develop language skills for the workplace', NULL, 'now');
INSERT INTO module (id, module_name, order_id, is_deleted) VALUES (321, 'Verbal Communication', 1, 'f');
INSERT INTO module_course (module_id, course_id) VALUES (321, 39);
INSERT INTO cmsession (id, title, description, order_id, created_at, is_deleted) VALUES (1203, 'Speaking for impact', 'Teaches the skill of speaking confidently in English and presenting facts accurately and conscisely to seniors and colleagues', 1, 'now', 'f');
INSERT INTO cmsession_module (cmsession_id, module_id) VALUES (1203, 321);
INSERT INTO lesson (id, type, duration, tags, title, subject, order_id, created_at, is_deleted) VALUES (6023,'PRESENTATION', 60, 'corporate communication', 'Effective speaking for the workplace', 'NONE', 1, 'now','f');
INSERT INTO lesson_cmsession (lesson_id, cmsession_id) VALUES (6023, 1203);
INSERT INTO course (id, course_name, course_description, tags, created_at) VALUES (40, 'Technical Writing', 'The course teaches students to create technical reports and manuals. It helps understand the designing of such documents.', NULL, 'now');
INSERT INTO module (id, module_name, order_id, is_deleted) VALUES (329, 'Basics of Technical Writing', 1, 'f');
INSERT INTO module_course (module_id, course_id) VALUES (329, 40);
INSERT INTO cmsession (id, title, description, order_id, created_at, is_deleted) VALUES (1231, 'Technical Writing - The basics', 'This session introduces the idea of technical writing and gives an overview of the need for and use of technical writing.', 1, 'now', 'f');
INSERT INTO cmsession_module (cmsession_id, module_id) VALUES (1231, 329);
INSERT INTO lesson (id, type, duration, tags, title, subject, order_id, created_at, is_deleted) VALUES (6087,'PRESENTATION', 60, '', 'Basics of Technical Writing', 'none', 1, 'now','f');
INSERT INTO lesson_cmsession (lesson_id, cmsession_id) VALUES (6087, 1231);
INSERT INTO module (id, module_name, order_id, is_deleted) VALUES (419, 'Collecting and Organising Information', 2, 'f');
INSERT INTO module_course (module_id, course_id) VALUES (419, 40);
INSERT INTO cmsession (id, title, description, order_id, created_at, is_deleted) VALUES (1430, 'Collecting and Organising Information', 'This session discusses appropriate means of collecting and organising data', 1, 'now', 'f');
INSERT INTO cmsession_module (cmsession_id, module_id) VALUES (1430, 419);
INSERT INTO lesson (id, type, duration, tags, title, subject, order_id, created_at, is_deleted) VALUES (6534,'PRESENTATION', 120, '', 'Collecting and Organising Information', 'NONE', 1, 'now','f');
INSERT INTO lesson_cmsession (lesson_id, cmsession_id) VALUES (6534, 1430);
INSERT INTO module (id, module_name, order_id, is_deleted) VALUES (420, 'Audience Analysis', 3, 'f');
INSERT INTO module_course (module_id, course_id) VALUES (420, 40);
INSERT INTO cmsession (id, title, description, order_id, created_at, is_deleted) VALUES (1431, 'Audience Analysis', 'This session deals with accurately analysing your audience and accordingly present data', 1, 'now', 'f');
INSERT INTO cmsession_module (cmsession_id, module_id) VALUES (1431, 420);
INSERT INTO lesson (id, type, duration, tags, title, subject, order_id, created_at, is_deleted) VALUES (6535,'PRESENTATION', 120, '', 'Audience Analysis', 'NONE', 1, 'now','f');
INSERT INTO lesson_cmsession (lesson_id, cmsession_id) VALUES (6535, 1431);
INSERT INTO course (id, course_name, course_description, tags, created_at) VALUES (41, 'Software testing ', 'This course teaches students about fundamentals of software testing and automated testing tools', NULL, 'now');
INSERT INTO module (id, module_name, order_id, is_deleted) VALUES (334, 'Software testing fundamentals', 1, 'f');
INSERT INTO module_course (module_id, course_id) VALUES (334, 41);
INSERT INTO cmsession (id, title, description, order_id, created_at, is_deleted) VALUES (1248, 'Software testing fundamentals', 'This course teaches students about fundamentals of software testing', 1, 'now', 'f');
INSERT INTO cmsession_module (cmsession_id, module_id) VALUES (1248, 334);
INSERT INTO lesson (id, type, duration, tags, title, subject, order_id, created_at, is_deleted) VALUES (6123,'PRESENTATION', 60, '', 'Software testing fundamentals', 'NONE', 1, 'now','f');
INSERT INTO lesson_cmsession (lesson_id, cmsession_id) VALUES (6123, 1248);
INSERT INTO cmsession (id, title, description, order_id, created_at, is_deleted) VALUES (1251, 'SDLC and STLC', 'This session teaches software development life cycle (SDLC) and test cycle( STLC)', 2, 'now', 'f');
INSERT INTO cmsession_module (cmsession_id, module_id) VALUES (1251, 334);
INSERT INTO lesson (id, type, duration, tags, title, subject, order_id, created_at, is_deleted) VALUES (6127,'PRESENTATION', 60, '', 'SDLC and STLC', 'NONE', 1, 'now','f');
INSERT INTO lesson_cmsession (lesson_id, cmsession_id) VALUES (6127, 1251);
INSERT INTO cmsession (id, title, description, order_id, created_at, is_deleted) VALUES (1252, 'Testing techniques', 'This session teaches about difference white box and black box testing techniques', 3, 'now', 'f');
INSERT INTO cmsession_module (cmsession_id, module_id) VALUES (1252, 334);
INSERT INTO lesson (id, type, duration, tags, title, subject, order_id, created_at, is_deleted) VALUES (6129,'PRESENTATION', 60, '', 'Testing techniques', 'NONE', 1, 'now','f');
INSERT INTO lesson_cmsession (lesson_id, cmsession_id) VALUES (6129, 1252);
INSERT INTO lesson (id, type, duration, tags, title, subject, order_id, created_at, is_deleted) VALUES (6128,'PRESENTATION', 60, '', 'Testing techniques', 'NONE', 2, 'now','f');
INSERT INTO lesson_cmsession (lesson_id, cmsession_id) VALUES (6128, 1252);
INSERT INTO cmsession (id, title, description, order_id, created_at, is_deleted) VALUES (1253, 'Testing documentation', 'This session teaches about different documentation during testing like test cases , test reports etc', 4, 'now', 'f');
INSERT INTO cmsession_module (cmsession_id, module_id) VALUES (1253, 334);
INSERT INTO lesson (id, type, duration, tags, title, subject, order_id, created_at, is_deleted) VALUES (6130,'PRESENTATION', 60, '', 'Testing documentation', 'NONE', 1, 'now','f');
INSERT INTO lesson_cmsession (lesson_id, cmsession_id) VALUES (6130, 1253);
INSERT INTO cmsession (id, title, description, order_id, created_at, is_deleted) VALUES (1254, 'Test management', 'This session teaches about planning and execution  during software testing', 5, 'now', 'f');
INSERT INTO cmsession_module (cmsession_id, module_id) VALUES (1254, 334);
INSERT INTO lesson (id, type, duration, tags, title, subject, order_id, created_at, is_deleted) VALUES (6131,'PRESENTATION', 60, '', 'Test management', 'NONE', 1, 'now','f');
INSERT INTO lesson_cmsession (lesson_id, cmsession_id) VALUES (6131, 1254);
INSERT INTO module (id, module_name, order_id, is_deleted) VALUES (340, 'Testing throughout the STLC', 2, 'f');
INSERT INTO module_course (module_id, course_id) VALUES (340, 41);
INSERT INTO cmsession (id, title, description, order_id, created_at, is_deleted) VALUES (1268, 'Testing types', 'This session teaches about the different testing types', 3, 'now', 'f');
INSERT INTO cmsession_module (cmsession_id, module_id) VALUES (1268, 340);
INSERT INTO cmsession (id, title, description, order_id, created_at, is_deleted) VALUES (1266, 'Software development models', 'This session teaches about the different software testing models', 1, 'now', 'f');
INSERT INTO cmsession_module (cmsession_id, module_id) VALUES (1266, 340);
INSERT INTO cmsession (id, title, description, order_id, created_at, is_deleted) VALUES (1267, 'Testing levels', 'This session teaches about different testing levels related to the STLC', 2, 'now', 'f');
INSERT INTO cmsession_module (cmsession_id, module_id) VALUES (1267, 340);
INSERT INTO module (id, module_name, order_id, is_deleted) VALUES (341, 'Test cases', 3, 'f');
INSERT INTO module_course (module_id, course_id) VALUES (341, 41);
INSERT INTO cmsession (id, title, description, order_id, created_at, is_deleted) VALUES (1269, 'Test case development', 'This session teaches about the development of test cases for the different test scenario', 1, 'now', 'f');
INSERT INTO cmsession_module (cmsession_id, module_id) VALUES (1269, 341);
INSERT INTO cmsession (id, title, description, order_id, created_at, is_deleted) VALUES (1270, 'Test case design techniques', 'This session teaches about the different test case design techniques like black box and white box', 2, 'now', 'f');
INSERT INTO cmsession_module (cmsession_id, module_id) VALUES (1270, 341);
INSERT INTO lesson (id, type, duration, tags, title, subject, order_id, created_at, is_deleted) VALUES (6188,'PRESENTATION', 60, '', 'Test case design techniques', 'NONE', 1, 'now','f');
INSERT INTO lesson_cmsession (lesson_id, cmsession_id) VALUES (6188, 1270);
INSERT INTO lesson (id, type, duration, tags, title, subject, order_id, created_at, is_deleted) VALUES (6189,'PRESENTATION', 60, '', 'Test case design techniques', 'none', 2, 'now','f');
INSERT INTO lesson_cmsession (lesson_id, cmsession_id) VALUES (6189, 1270);
INSERT INTO cmsession (id, title, description, order_id, created_at, is_deleted) VALUES (1271, 'Black box techniques', 'This session teaches about the different black box techniques with example', 3, 'now', 'f');
INSERT INTO cmsession_module (cmsession_id, module_id) VALUES (1271, 341);
INSERT INTO cmsession (id, title, description, order_id, created_at, is_deleted) VALUES (1272, 'White box techniques', 'This session teaches about the different white  box techniques with example', 4, 'now', 'f');
INSERT INTO cmsession_module (cmsession_id, module_id) VALUES (1272, 341);
INSERT INTO module (id, module_name, order_id, is_deleted) VALUES (342, 'Test management', 4, 'f');
INSERT INTO module_course (module_id, course_id) VALUES (342, 41);
INSERT INTO cmsession (id, title, description, order_id, created_at, is_deleted) VALUES (1273, 'Test organization', 'This session teaches about Role and responsibilities of test team members', 1, 'now', 'f');
INSERT INTO cmsession_module (cmsession_id, module_id) VALUES (1273, 342);
INSERT INTO cmsession (id, title, description, order_id, created_at, is_deleted) VALUES (1274, 'Test planning and estimation', 'This session teaches about the planning and estimation of software testing', 2, 'now', 'f');
INSERT INTO cmsession_module (cmsession_id, module_id) VALUES (1274, 342);
INSERT INTO cmsession (id, title, description, order_id, created_at, is_deleted) VALUES (1275, 'Test process monitoring and control', 'This session teaches the process of monitoring and control during testing', 3, 'now', 'f');
INSERT INTO cmsession_module (cmsession_id, module_id) VALUES (1275, 342);
INSERT INTO module (id, module_name, order_id, is_deleted) VALUES (343, 'Defect management', 5, 'f');
INSERT INTO module_course (module_id, course_id) VALUES (343, 41);
INSERT INTO cmsession (id, title, description, order_id, created_at, is_deleted) VALUES (1276, 'Defect and testing tools', 'This session teaches about the defect life cycle and defect management process', 1, 'now', 'f');
INSERT INTO cmsession_module (cmsession_id, module_id) VALUES (1276, 343);
INSERT INTO module (id, module_name, order_id, is_deleted) VALUES (344, 'Automation testing', 6, 'f');
INSERT INTO module_course (module_id, course_id) VALUES (344, 41);
INSERT INTO module (id, module_name, order_id, is_deleted) VALUES (330, 'Selenium Basics', 7, 'f');
INSERT INTO module_course (module_id, course_id) VALUES (330, 41);
INSERT INTO cmsession (id, title, description, order_id, created_at, is_deleted) VALUES (1233, 'Selenium testing introduction', 'This session teaches about basics of selenium testing and different parts of selenium tool', 1, 'now', 'f');
INSERT INTO cmsession_module (cmsession_id, module_id) VALUES (1233, 330);
INSERT INTO lesson (id, type, duration, tags, title, subject, order_id, created_at, is_deleted) VALUES (6091,'PRESENTATION', 60, '', 'Selenium testing Introduction', 'none', 1, 'now','f');
INSERT INTO lesson_cmsession (lesson_id, cmsession_id) VALUES (6091, 1233);
INSERT INTO cmsession (id, title, description, order_id, created_at, is_deleted) VALUES (1258, 'Selenium IDE features and installation', 'This session teaches about the different features of Selenium IDE and installation procedure', 2, 'now', 'f');
INSERT INTO cmsession_module (cmsession_id, module_id) VALUES (1258, 330);
INSERT INTO lesson (id, type, duration, tags, title, subject, order_id, created_at, is_deleted) VALUES (6166,'PRESENTATION', 60, '', 'Selenium IDE installation and features', 'none', 1, 'now','f');
INSERT INTO lesson_cmsession (lesson_id, cmsession_id) VALUES (6166, 1258);
INSERT INTO module (id, module_name, order_id, is_deleted) VALUES (345, 'Handling in selenium webdriver', 8, 'f');
INSERT INTO module_course (module_id, course_id) VALUES (345, 41);
INSERT INTO module (id, module_name, order_id, is_deleted) VALUES (346, 'Testing using Selenium', 9, 'f');
INSERT INTO module_course (module_id, course_id) VALUES (346, 41);
INSERT INTO module (id, module_name, order_id, is_deleted) VALUES (347, 'Framework', 10, 'f');
INSERT INTO module_course (module_id, course_id) VALUES (347, 41);
INSERT INTO module (id, module_name, order_id, is_deleted) VALUES (348, 'Testing project', 11, 'f');
INSERT INTO module_course (module_id, course_id) VALUES (348, 41);
INSERT INTO module (id, module_name, order_id, is_deleted) VALUES (349, 'Reporting tool- JIRA', 12, 'f');
INSERT INTO module_course (module_id, course_id) VALUES (349, 41);
INSERT INTO module (id, module_name, order_id, is_deleted) VALUES (350, 'Industry standards', 13, 'f');
INSERT INTO module_course (module_id, course_id) VALUES (350, 41);
INSERT INTO course (id, course_name, course_description, tags, created_at) VALUES (42, 'Applied Economics', 'This course creates an understanding of practical application of economic theory and uses data to interpret these theories', NULL, 'now');
INSERT INTO module (id, module_name, order_id, is_deleted) VALUES (332, 'Micro economics', 1, 'f');
INSERT INTO module_course (module_id, course_id) VALUES (332, 42);
INSERT INTO cmsession (id, title, description, order_id, created_at, is_deleted) VALUES (1402, '01_02_Demand elasticity game', 'The students understand the relationship between supply demand and price through a game', 1, 'now', 'f');
INSERT INTO cmsession_module (cmsession_id, module_id) VALUES (1402, 332);
INSERT INTO lesson (id, type, duration, tags, title, subject, order_id, created_at, is_deleted) VALUES (6474,'PRESENTATION', 90, '', 'Demand- supply', 'NONE', 1, 'now','f');
INSERT INTO lesson_cmsession (lesson_id, cmsession_id) VALUES (6474, 1402);
INSERT INTO lesson (id, type, duration, tags, title, subject, order_id, created_at, is_deleted) VALUES (6493,'PRESENTATION', 15, '', 'Assessment_Demand elasticity', 'NONE', 3, 'now','f');
INSERT INTO lesson_cmsession (lesson_id, cmsession_id) VALUES (6493, 1402);
INSERT INTO cmsession (id, title, description, order_id, created_at, is_deleted) VALUES (1237, '03_04_Demand elasticity', 'The session creates an in depth analysis of demands relationship with supply and the resultant price factor', 2, 'now', 'f');
INSERT INTO cmsession_module (cmsession_id, module_id) VALUES (1237, 332);
INSERT INTO lesson (id, type, duration, tags, title, subject, order_id, created_at, is_deleted) VALUES (6366,'PRESENTATION', 120, '', 'Demand - Case study', 'NONE', 1, 'now','f');
INSERT INTO lesson_cmsession (lesson_id, cmsession_id) VALUES (6366, 1237);
INSERT INTO lesson (id, type, duration, tags, title, subject, order_id, created_at, is_deleted) VALUES (6336,'PRESENTATION', 60, '', 'Demand elasticity- case study', 'NONE', 3, 'now','f');
INSERT INTO lesson_cmsession (lesson_id, cmsession_id) VALUES (6336, 1237);
INSERT INTO lesson (id, type, duration, tags, title, subject, order_id, created_at, is_deleted) VALUES (6367,'PRESENTATION', 30, 'Eco,Introduction', 'Introduction', 'NONE', 4, 'now','f');
INSERT INTO lesson_cmsession (lesson_id, cmsession_id) VALUES (6367, 1237);
INSERT INTO lesson (id, type, duration, tags, title, subject, order_id, created_at, is_deleted) VALUES (6102,'PRESENTATION', 120, '', 'Elasticity of demand', 'none', 5, 'now','f');
INSERT INTO lesson_cmsession (lesson_id, cmsession_id) VALUES (6102, 1237);
INSERT INTO lesson (id, type, duration, tags, title, subject, order_id, created_at, is_deleted) VALUES (6103,'PRESENTATION', 90, '', 'Demand- supply', 'NONE', 6, 'now','f');
INSERT INTO lesson_cmsession (lesson_id, cmsession_id) VALUES (6103, 1237);
INSERT INTO lesson (id, type, duration, tags, title, subject, order_id, created_at, is_deleted) VALUES (6370,'PRESENTATION', 15, '', 'Assessment_Demand Case Study', 'none', 7, 'now','f');
INSERT INTO lesson_cmsession (lesson_id, cmsession_id) VALUES (6370, 1237);
INSERT INTO cmsession (id, title, description, order_id, created_at, is_deleted) VALUES (1384, '05_06_Demand Forecasting', 'This session helps the students understand techniques of forecasting and use these methods to find an appropriate forecast', 3, 'now', 'f');
INSERT INTO cmsession_module (cmsession_id, module_id) VALUES (1384, 332);
INSERT INTO lesson (id, type, duration, tags, title, subject, order_id, created_at, is_deleted) VALUES (6425,'PRESENTATION', 120, '', 'Demand Forecasting', 'none', 1, 'now','f');
INSERT INTO lesson_cmsession (lesson_id, cmsession_id) VALUES (6425, 1384);
INSERT INTO module (id, module_name, order_id, is_deleted) VALUES (337, 'Macro economics', 2, 'f');
INSERT INTO module_course (module_id, course_id) VALUES (337, 42);
INSERT INTO cmsession (id, title, description, order_id, created_at, is_deleted) VALUES (1259, '07_Inflation', 'This session creates an understanding of the measurement of inflation and the consequences of it', 1, 'now', 'f');
INSERT INTO cmsession_module (cmsession_id, module_id) VALUES (1259, 337);
INSERT INTO lesson (id, type, duration, tags, title, subject, order_id, created_at, is_deleted) VALUES (6170,'PRESENTATION', 60, '', 'Inflation', 'NONE', 1, 'now','f');
INSERT INTO lesson_cmsession (lesson_id, cmsession_id) VALUES (6170, 1259);
INSERT INTO lesson (id, type, duration, tags, title, subject, order_id, created_at, is_deleted) VALUES (6171,'PRESENTATION', 60, '', 'Wholesale Price Index', 'NONE', 3, 'now','f');
INSERT INTO lesson_cmsession (lesson_id, cmsession_id) VALUES (6171, 1259);
INSERT INTO lesson (id, type, duration, tags, title, subject, order_id, created_at, is_deleted) VALUES (6172,'PRESENTATION', 60, '', 'Consumer Price Index', 'NONE', 4, 'now','f');
INSERT INTO lesson_cmsession (lesson_id, cmsession_id) VALUES (6172, 1259);
INSERT INTO lesson (id, type, duration, tags, title, subject, order_id, created_at, is_deleted) VALUES (6173,'PRESENTATION', 60, '', 'Inflation and interest rates', 'NONE', 5, 'now','f');
INSERT INTO lesson_cmsession (lesson_id, cmsession_id) VALUES (6173, 1259);
INSERT INTO cmsession (id, title, description, order_id, created_at, is_deleted) VALUES (1418, '08_Wholesale Price Index', 'This session helps the students calculate the wholesale price index and use it to measure inflation', 2, 'now', 'f');
INSERT INTO cmsession_module (cmsession_id, module_id) VALUES (1418, 337);
INSERT INTO lesson (id, type, duration, tags, title, subject, order_id, created_at, is_deleted) VALUES (6495,'PRESENTATION', 60, '', 'Wholesale Price Index', 'NONE', 1, 'now','f');
INSERT INTO lesson_cmsession (lesson_id, cmsession_id) VALUES (6495, 1418);
INSERT INTO cmsession (id, title, description, order_id, created_at, is_deleted) VALUES (1417, '09_Consumer Price Index', 'This session helps the students understand the measure of inflation using the consumer price index', 3, 'now', 'f');
INSERT INTO cmsession_module (cmsession_id, module_id) VALUES (1417, 337);
INSERT INTO lesson (id, type, duration, tags, title, subject, order_id, created_at, is_deleted) VALUES (6496,'PRESENTATION', 60, '', 'Consumer Price Index', 'NONE', 1, 'now','f');
INSERT INTO lesson_cmsession (lesson_id, cmsession_id) VALUES (6496, 1417);
INSERT INTO cmsession (id, title, description, order_id, created_at, is_deleted) VALUES (1419, '10_Inflation and interest rates', 'This session helps the students understand the relation between inflation and interest rates', 4, 'now', 'f');
INSERT INTO cmsession_module (cmsession_id, module_id) VALUES (1419, 337);
INSERT INTO lesson (id, type, duration, tags, title, subject, order_id, created_at, is_deleted) VALUES (6497,'PRESENTATION', 60, '', 'Inflation and interest rates', 'NONE', 1, 'now','f');
INSERT INTO lesson_cmsession (lesson_id, cmsession_id) VALUES (6497, 1419);
INSERT INTO cmsession (id, title, description, order_id, created_at, is_deleted) VALUES (1358, '11_12_Tax rate setting', 'This session helps the students understand the concept of a laffer curve and how to interpret the laffer curve', 5, 'now', 'f');
INSERT INTO cmsession_module (cmsession_id, module_id) VALUES (1358, 337);
INSERT INTO lesson (id, type, duration, tags, title, subject, order_id, created_at, is_deleted) VALUES (6337,'PRESENTATION', 120, '', 'Tax rate setting', 'NONE', 1, 'now','f');
INSERT INTO lesson_cmsession (lesson_id, cmsession_id) VALUES (6337, 1358);
INSERT INTO module (id, module_name, order_id, is_deleted) VALUES (407, 'Microeconomic analysis', 3, 'f');
INSERT INTO module_course (module_id, course_id) VALUES (407, 42);
INSERT INTO cmsession (id, title, description, order_id, created_at, is_deleted) VALUES (1403, '13_14_Marginal cost and shutdown decisions', 'The students understand the relationship between marginal cost and marginal revenue and how factory set up and shut down decisions are based on costs', 1, 'now', 'f');
INSERT INTO cmsession_module (cmsession_id, module_id) VALUES (1403, 407);
INSERT INTO lesson (id, type, duration, tags, title, subject, order_id, created_at, is_deleted) VALUES (6455,'PRESENTATION', 120, '', 'Marginal cost and shutdown decisions', 'NONE', 1, 'now','f');
INSERT INTO lesson_cmsession (lesson_id, cmsession_id) VALUES (6455, 1403);
INSERT INTO module (id, module_name, order_id, is_deleted) VALUES (418, 'Capital Asset Pricing Model', 4, 'f');
INSERT INTO module_course (module_id, course_id) VALUES (418, 42);
INSERT INTO cmsession (id, title, description, order_id, created_at, is_deleted) VALUES (1428, '15_CAPM', 'This session introduces the students to the concept of of CAPM', 1, 'now', 'f');
INSERT INTO cmsession_module (cmsession_id, module_id) VALUES (1428, 418);
INSERT INTO lesson (id, type, duration, tags, title, subject, order_id, created_at, is_deleted) VALUES (6532,'PRESENTATION', 60, '', 'Introduction to CAPM', 'NONE', 1, 'now','f');
INSERT INTO lesson_cmsession (lesson_id, cmsession_id) VALUES (6532, 1428);
INSERT INTO cmsession (id, title, description, order_id, created_at, is_deleted) VALUES (1429, '16_CAPM- Computation and Decision Making', 'This session teaches the students to compute returns under CAPM and make investment decisions', 2, 'now', 'f');
INSERT INTO cmsession_module (cmsession_id, module_id) VALUES (1429, 418);
INSERT INTO lesson (id, type, duration, tags, title, subject, order_id, created_at, is_deleted) VALUES (6533,'PRESENTATION', 60, '', 'CAPM- Computation and Decision Making', 'NONE', 1, 'now','f');
INSERT INTO lesson_cmsession (lesson_id, cmsession_id) VALUES (6533, 1429);
INSERT INTO lesson (id, type, duration, tags, title, subject, order_id, created_at, is_deleted) VALUES (6677,'PRESENTATION', 10, '', '16_Asseseement_ CAPM', 'NONE', 2, 'now','f');
INSERT INTO lesson_cmsession (lesson_id, cmsession_id) VALUES (6677, 1429);
INSERT INTO cmsession (id, title, description, order_id, created_at, is_deleted) VALUES (1456, '17_Beta analysis', 'This session helps the students analyze company beta with respect to market beta', 3, 'now', 'f');
INSERT INTO cmsession_module (cmsession_id, module_id) VALUES (1456, 418);
INSERT INTO lesson (id, type, duration, tags, title, subject, order_id, created_at, is_deleted) VALUES (6578,'PRESENTATION', 60, '', 'Beta analysis', 'NONE', 1, 'now','f');
INSERT INTO lesson_cmsession (lesson_id, cmsession_id) VALUES (6578, 1456);
INSERT INTO module (id, module_name, order_id, is_deleted) VALUES (436, 'Viability Gap Funding', 5, 'f');
INSERT INTO module_course (module_id, course_id) VALUES (436, 42);
INSERT INTO cmsession (id, title, description, order_id, created_at, is_deleted) VALUES (1457, '18_19_Viability Gap Funding', 'This session deals with understanding the concept of viability gap funding and its role in economic welfare', 1, 'now', 'f');
INSERT INTO cmsession_module (cmsession_id, module_id) VALUES (1457, 436);
INSERT INTO lesson (id, type, duration, tags, title, subject, order_id, created_at, is_deleted) VALUES (6575,'PRESENTATION', 30, '', '18_19_VGF', 'none', 1, 'now','f');
INSERT INTO lesson_cmsession (lesson_id, cmsession_id) VALUES (6575, 1457);
INSERT INTO module (id, module_name, order_id, is_deleted) VALUES (406, 'Market Structure', 6, 'f');
INSERT INTO module_course (module_id, course_id) VALUES (406, 42);
INSERT INTO cmsession (id, title, description, order_id, created_at, is_deleted) VALUES (1400, 'Monopoly', 'Monopoly market structure and its charisteristics', 1, 'now', 'f');
INSERT INTO cmsession_module (cmsession_id, module_id) VALUES (1400, 406);
INSERT INTO lesson (id, type, duration, tags, title, subject, order_id, created_at, is_deleted) VALUES (6450,'PRESENTATION', 60, '', 'Delete', 'none', 1, 'now','f');
INSERT INTO lesson_cmsession (lesson_id, cmsession_id) VALUES (6450, 1400);
INSERT INTO lesson (id, type, duration, tags, title, subject, order_id, created_at, is_deleted) VALUES (6637,'PRESENTATION', 60, '', '20_21_Monopoly_new', 'none', 3, 'now','f');
INSERT INTO lesson_cmsession (lesson_id, cmsession_id) VALUES (6637, 1400);
INSERT INTO cmsession (id, title, description, order_id, created_at, is_deleted) VALUES (1401, 'Oligopoly', 'Oligopoly market structure and its charisteristics', 2, 'now', 'f');
INSERT INTO cmsession_module (cmsession_id, module_id) VALUES (1401, 406);
INSERT INTO lesson (id, type, duration, tags, title, subject, order_id, created_at, is_deleted) VALUES (6656,'PRESENTATION', 60, '', '22_23 Oligopoly_new', 'none', 1, 'now','f');
INSERT INTO lesson_cmsession (lesson_id, cmsession_id) VALUES (6656, 1401);
INSERT INTO lesson (id, type, duration, tags, title, subject, order_id, created_at, is_deleted) VALUES (6451,'PRESENTATION', 60, '', 'Oligopoly', 'NONE', 3, 'now','f');
INSERT INTO lesson_cmsession (lesson_id, cmsession_id) VALUES (6451, 1401);
INSERT INTO module (id, module_name, order_id, is_deleted) VALUES (484, 'Cost Benefit Analysis', 7, 'f');
INSERT INTO module_course (module_id, course_id) VALUES (484, 42);
INSERT INTO cmsession (id, title, description, order_id, created_at, is_deleted) VALUES (1520, 'Cost Benefit Analysis', 'To understand the applications of cost benefit analysis and how risk plays a role in it', 1, 'now', 'f');
INSERT INTO cmsession_module (cmsession_id, module_id) VALUES (1520, 484);
INSERT INTO lesson (id, type, duration, tags, title, subject, order_id, created_at, is_deleted) VALUES (6682,'PRESENTATION', 60, '', 'Cost Benefit Analysis', 'NONE', 2, 'now','f');
INSERT INTO lesson_cmsession (lesson_id, cmsession_id) VALUES (6682, 1520);
INSERT INTO module (id, module_name, order_id, is_deleted) VALUES (458, 'Assessments_Economics', 8, 'f');
INSERT INTO module_course (module_id, course_id) VALUES (458, 42);
INSERT INTO cmsession (id, title, description, order_id, created_at, is_deleted) VALUES (1505, 'Midterm assessments_Applied economics', 'Mid term assessments- Economics', 1, 'now', 'f');
INSERT INTO cmsession_module (cmsession_id, module_id) VALUES (1505, 458);
INSERT INTO cmsession (id, title, description, order_id, created_at, is_deleted) VALUES (1531, 'Final term assessment_Applied economics', 'Final term assessments for applied economics', null, 'now', 'f');
INSERT INTO cmsession_module (cmsession_id, module_id) VALUES (1531, 458);
INSERT INTO course (id, course_name, course_description, tags, created_at) VALUES (43, 'JAVA programming  - Basics ', 'This course teaches students about the basics of java programming', NULL, 'now');
INSERT INTO module (id, module_name, order_id, is_deleted) VALUES (357, 'Java - Introduction and Basics', 1, 'f');
INSERT INTO module_course (module_id, course_id) VALUES (357, 43);
INSERT INTO cmsession (id, title, description, order_id, created_at, is_deleted) VALUES (1284, 'Introduction to JAVA', 'This session teaches about history of java and difference between java and other languages', 1, 'now', 'f');
INSERT INTO cmsession_module (cmsession_id, module_id) VALUES (1284, 357);
INSERT INTO lesson (id, type, duration, tags, title, subject, order_id, created_at, is_deleted) VALUES (6203,'PRESENTATION', 60, '', 'Introduction to java', 'none', 1, 'now','f');
INSERT INTO lesson_cmsession (lesson_id, cmsession_id) VALUES (6203, 1284);
INSERT INTO cmsession (id, title, description, order_id, created_at, is_deleted) VALUES (1290, 'Java environment', 'This session teaches about the java environment and installation procedure', 2, 'now', 'f');
INSERT INTO cmsession_module (cmsession_id, module_id) VALUES (1290, 357);
INSERT INTO lesson (id, type, duration, tags, title, subject, order_id, created_at, is_deleted) VALUES (6219,'PRESENTATION', 60, '', 'Java environment', 'NONE', 1, 'now','f');
INSERT INTO lesson_cmsession (lesson_id, cmsession_id) VALUES (6219, 1290);
INSERT INTO lesson (id, type, duration, tags, title, subject, order_id, created_at, is_deleted) VALUES (6220,'PRESENTATION', 60, '', 'java environment', 'none', 2, 'now','f');
INSERT INTO lesson_cmsession (lesson_id, cmsession_id) VALUES (6220, 1290);
INSERT INTO cmsession (id, title, description, order_id, created_at, is_deleted) VALUES (1299, 'Project in java- Lesson1', 'This session teaches about data types and variable', 3, 'now', 'f');
INSERT INTO cmsession_module (cmsession_id, module_id) VALUES (1299, 357);
INSERT INTO lesson (id, type, duration, tags, title, subject, order_id, created_at, is_deleted) VALUES (6234,'PRESENTATION', 60, '', 'First program in JAVA', 'none', 1, 'now','f');
INSERT INTO lesson_cmsession (lesson_id, cmsession_id) VALUES (6234, 1299);
INSERT INTO lesson (id, type, duration, tags, title, subject, order_id, created_at, is_deleted) VALUES (6438,'PRESENTATION', 60, '', 'Project in java ( Data types and variables)', 'none', 2, 'now','f');
INSERT INTO lesson_cmsession (lesson_id, cmsession_id) VALUES (6438, 1299);
INSERT INTO lesson (id, type, duration, tags, title, subject, order_id, created_at, is_deleted) VALUES (6439,'PRESENTATION', 60, '', 'First program in  Java - 2', 'NONE', 3, 'now','f');
INSERT INTO lesson_cmsession (lesson_id, cmsession_id) VALUES (6439, 1299);
INSERT INTO lesson (id, type, duration, tags, title, subject, order_id, created_at, is_deleted) VALUES (6440,'PRESENTATION', 60, '', 'First program in  Java - 3', 'NONE', 4, 'now','f');
INSERT INTO lesson_cmsession (lesson_id, cmsession_id) VALUES (6440, 1299);
INSERT INTO lesson (id, type, duration, tags, title, subject, order_id, created_at, is_deleted) VALUES (6441,'PRESENTATION', 60, '', 'First program in  Java - 4', 'NONE', 5, 'now','f');
INSERT INTO lesson_cmsession (lesson_id, cmsession_id) VALUES (6441, 1299);
INSERT INTO cmsession (id, title, description, order_id, created_at, is_deleted) VALUES (1397, 'Project in java- Lesson2', 'This session teaches about different classes realated to keyboard input', 4, 'now', 'f');
INSERT INTO cmsession_module (cmsession_id, module_id) VALUES (1397, 357);
INSERT INTO lesson (id, type, duration, tags, title, subject, order_id, created_at, is_deleted) VALUES (6447,'PRESENTATION', 60, '', 'Project in java- Lesson2', 'none', 1, 'now','f');
INSERT INTO lesson_cmsession (lesson_id, cmsession_id) VALUES (6447, 1397);
INSERT INTO cmsession (id, title, description, order_id, created_at, is_deleted) VALUES (1398, 'Project in java- Lesson3', 'This session teaches about different operators in JAVA', 5, 'now', 'f');
INSERT INTO cmsession_module (cmsession_id, module_id) VALUES (1398, 357);
INSERT INTO lesson (id, type, duration, tags, title, subject, order_id, created_at, is_deleted) VALUES (6456,'PRESENTATION', 60, '', 'Project in java- Lesson3', 'none', 1, 'now','f');
INSERT INTO lesson_cmsession (lesson_id, cmsession_id) VALUES (6456, 1398);
INSERT INTO lesson (id, type, duration, tags, title, subject, order_id, created_at, is_deleted) VALUES (6448,'PRESENTATION', 60, '', 'Project in java- Lesson3', 'none', 2, 'now','f');
INSERT INTO lesson_cmsession (lesson_id, cmsession_id) VALUES (6448, 1398);
INSERT INTO cmsession (id, title, description, order_id, created_at, is_deleted) VALUES (1399, 'Project in java- Lesson 4', 'This session teaches about conditional and looping statements', 6, 'now', 'f');
INSERT INTO cmsession_module (cmsession_id, module_id) VALUES (1399, 357);
INSERT INTO lesson (id, type, duration, tags, title, subject, order_id, created_at, is_deleted) VALUES (6449,'PRESENTATION', 60, '', 'Project in java- Lesson4', 'none', 1, 'now','f');
INSERT INTO lesson_cmsession (lesson_id, cmsession_id) VALUES (6449, 1399);
INSERT INTO module (id, module_name, order_id, is_deleted) VALUES (365, 'Java - Calculator Class and Object', 2, 'f');
INSERT INTO module_course (module_id, course_id) VALUES (365, 43);
INSERT INTO cmsession (id, title, description, order_id, created_at, is_deleted) VALUES (1322, 'Objects and Classes', 'This course teaches students about the basics of objects and classes', 1, 'now', 'f');
INSERT INTO cmsession_module (cmsession_id, module_id) VALUES (1322, 365);
INSERT INTO lesson (id, type, duration, tags, title, subject, order_id, created_at, is_deleted) VALUES (6286,'PRESENTATION', 60, '', 'Classes and Objects', 'none', 1, 'now','f');
INSERT INTO lesson_cmsession (lesson_id, cmsession_id) VALUES (6286, 1322);
INSERT INTO cmsession (id, title, description, order_id, created_at, is_deleted) VALUES (1339, 'Classes & Methods', 'This session teaches about methods in java', 2, 'now', 'f');
INSERT INTO cmsession_module (cmsession_id, module_id) VALUES (1339, 365);
INSERT INTO lesson (id, type, duration, tags, title, subject, order_id, created_at, is_deleted) VALUES (6320,'PRESENTATION', 60, '', 'Methods', 'none', 1, 'now','f');
INSERT INTO lesson_cmsession (lesson_id, cmsession_id) VALUES (6320, 1339);
INSERT INTO cmsession (id, title, description, order_id, created_at, is_deleted) VALUES (1300, 'Calculator in OOPS - 1', 'This session teaches on how to create a Object Oriented Calculator', 3, 'now', 'f');
INSERT INTO cmsession_module (cmsession_id, module_id) VALUES (1300, 365);
INSERT INTO lesson (id, type, duration, tags, title, subject, order_id, created_at, is_deleted) VALUES (6460,'PRESENTATION', 60, '', 'Project in java(object & methods)', 'none', 1, 'now','f');
INSERT INTO lesson_cmsession (lesson_id, cmsession_id) VALUES (6460, 1300);
INSERT INTO lesson (id, type, duration, tags, title, subject, order_id, created_at, is_deleted) VALUES (6232,'PRESENTATION', 60, '', 'Datatypes', 'none', 2, 'now','f');
INSERT INTO lesson_cmsession (lesson_id, cmsession_id) VALUES (6232, 1300);
INSERT INTO cmsession (id, title, description, order_id, created_at, is_deleted) VALUES (1302, 'Calculator in OOPS - 2', 'This session teaches about creating an Object oriented calculator with exception handling- Part 1', 4, 'now', 'f');
INSERT INTO cmsession_module (cmsession_id, module_id) VALUES (1302, 365);
INSERT INTO lesson (id, type, duration, tags, title, subject, order_id, created_at, is_deleted) VALUES (6461,'PRESENTATION', 60, '', 'Project in java( exception handling )', 'none', 1, 'now','f');
INSERT INTO lesson_cmsession (lesson_id, cmsession_id) VALUES (6461, 1302);
INSERT INTO lesson (id, type, duration, tags, title, subject, order_id, created_at, is_deleted) VALUES (6235,'PRESENTATION', 60, '', 'Variables', 'none', 2, 'now','f');
INSERT INTO lesson_cmsession (lesson_id, cmsession_id) VALUES (6235, 1302);
INSERT INTO lesson (id, type, duration, tags, title, subject, order_id, created_at, is_deleted) VALUES (6317,'PRESENTATION', 60, '', 'Modifiers', 'none', 3, 'now','f');
INSERT INTO lesson_cmsession (lesson_id, cmsession_id) VALUES (6317, 1302);
INSERT INTO cmsession (id, title, description, order_id, created_at, is_deleted) VALUES (1301, 'Packages', 'This session teaches about package concepts in Java', 5, 'now', 'f');
INSERT INTO cmsession_module (cmsession_id, module_id) VALUES (1301, 365);
INSERT INTO lesson (id, type, duration, tags, title, subject, order_id, created_at, is_deleted) VALUES (6233,'PRESENTATION', 60, '', 'Variables', 'none', 1, 'now','f');
INSERT INTO lesson_cmsession (lesson_id, cmsession_id) VALUES (6233, 1301);
INSERT INTO lesson (id, type, duration, tags, title, subject, order_id, created_at, is_deleted) VALUES (6470,'PRESENTATION', 60, '', 'Java Packages', 'NONE', 2, 'now','f');
INSERT INTO lesson_cmsession (lesson_id, cmsession_id) VALUES (6470, 1301);
INSERT INTO lesson (id, type, duration, tags, title, subject, order_id, created_at, is_deleted) VALUES (6236,'PRESENTATION', 60, '', 'java_Operators', 'none', 3, 'now','f');
INSERT INTO lesson_cmsession (lesson_id, cmsession_id) VALUES (6236, 1301);
INSERT INTO cmsession (id, title, description, order_id, created_at, is_deleted) VALUES (1338, 'Modifiers', 'This session teaches about access modifiers and the types in Java', 6, 'now', 'f');
INSERT INTO cmsession_module (cmsession_id, module_id) VALUES (1338, 365);
INSERT INTO lesson (id, type, duration, tags, title, subject, order_id, created_at, is_deleted) VALUES (6318,'PRESENTATION', 60, '', 'Modifiers', 'none', 1, 'now','f');
INSERT INTO lesson_cmsession (lesson_id, cmsession_id) VALUES (6318, 1338);
INSERT INTO lesson (id, type, duration, tags, title, subject, order_id, created_at, is_deleted) VALUES (6319,'PRESENTATION', 60, '', 'Modifiers', 'none', 2, 'now','f');
INSERT INTO lesson_cmsession (lesson_id, cmsession_id) VALUES (6319, 1338);
INSERT INTO module (id, module_name, order_id, is_deleted) VALUES (378, 'Java - OOPS Concepts', 3, 'f');
INSERT INTO module_course (module_id, course_id) VALUES (378, 43);
INSERT INTO cmsession (id, title, description, order_id, created_at, is_deleted) VALUES (1331, 'Inheritance', 'This module teaches students about basics of inheritance', 1, 'now', 'f');
INSERT INTO cmsession_module (cmsession_id, module_id) VALUES (1331, 378);
INSERT INTO lesson (id, type, duration, tags, title, subject, order_id, created_at, is_deleted) VALUES (6306,'PRESENTATION', 60, '', '13_java_Inheritance', 'none', 1, 'now','f');
INSERT INTO lesson_cmsession (lesson_id, cmsession_id) VALUES (6306, 1331);
INSERT INTO cmsession (id, title, description, order_id, created_at, is_deleted) VALUES (1332, 'Polymorphism', 'This session teaches student about polymorphism', 2, 'now', 'f');
INSERT INTO cmsession_module (cmsession_id, module_id) VALUES (1332, 378);
INSERT INTO lesson (id, type, duration, tags, title, subject, order_id, created_at, is_deleted) VALUES (6307,'PRESENTATION', 60, '', 'Polymorphism', 'none', 1, 'now','f');
INSERT INTO lesson_cmsession (lesson_id, cmsession_id) VALUES (6307, 1332);
INSERT INTO cmsession (id, title, description, order_id, created_at, is_deleted) VALUES (1328, 'Inheritance - handson', 'This session is to work on java project involving inheritance concept', 3, 'now', 'f');
INSERT INTO cmsession_module (cmsession_id, module_id) VALUES (1328, 378);
INSERT INTO lesson (id, type, duration, tags, title, subject, order_id, created_at, is_deleted) VALUES (6479,'PRESENTATION', 60, '', 'Inheritance - Handson', 'none', 1, 'now','f');
INSERT INTO lesson_cmsession (lesson_id, cmsession_id) VALUES (6479, 1328);
INSERT INTO lesson (id, type, duration, tags, title, subject, order_id, created_at, is_deleted) VALUES (6313,'PRESENTATION', 60, '', '8_Java_String_handling', 'NONE', 2, 'now','f');
INSERT INTO lesson_cmsession (lesson_id, cmsession_id) VALUES (6313, 1328);
INSERT INTO lesson (id, type, duration, tags, title, subject, order_id, created_at, is_deleted) VALUES (6358,'PRESENTATION', 60, '', 'OOPS basics', 'NONE', 3, 'now','f');
INSERT INTO lesson_cmsession (lesson_id, cmsession_id) VALUES (6358, 1328);
INSERT INTO cmsession (id, title, description, order_id, created_at, is_deleted) VALUES (1333, 'Polymorphism-handson', 'This session teaches how to implement polymorphism in java', 4, 'now', 'f');
INSERT INTO cmsession_module (cmsession_id, module_id) VALUES (1333, 378);
INSERT INTO lesson (id, type, duration, tags, title, subject, order_id, created_at, is_deleted) VALUES (6308,'PRESENTATION', 60, '', 'Encapsulation', 'none', 1, 'now','f');
INSERT INTO lesson_cmsession (lesson_id, cmsession_id) VALUES (6308, 1333);
INSERT INTO lesson (id, type, duration, tags, title, subject, order_id, created_at, is_deleted) VALUES (6480,'PRESENTATION', 60, '', 'Array, polymorphism handson', 'none', 2, 'now','f');
INSERT INTO lesson_cmsession (lesson_id, cmsession_id) VALUES (6480, 1333);
INSERT INTO module (id, module_name, order_id, is_deleted) VALUES (395, 'Java - Web Application', 4, 'f');
INSERT INTO module_course (module_id, course_id) VALUES (395, 43);
INSERT INTO cmsession (id, title, description, order_id, created_at, is_deleted) VALUES (1374, 'Introduction to WebApp', 'This session teaches about web application  in java', 1, 'now', 'f');
INSERT INTO cmsession_module (cmsession_id, module_id) VALUES (1374, 395);
INSERT INTO lesson (id, type, duration, tags, title, subject, order_id, created_at, is_deleted) VALUES (6386,'PRESENTATION', 120, '', 'Generics and collection', 'NONE', 1, 'now','f');
INSERT INTO lesson_cmsession (lesson_id, cmsession_id) VALUES (6386, 1374);
INSERT INTO lesson (id, type, duration, tags, title, subject, order_id, created_at, is_deleted) VALUES (6536,'PRESENTATION', 60, '', 'Introduction to web app', 'NONE', 2, 'now','f');
INSERT INTO lesson_cmsession (lesson_id, cmsession_id) VALUES (6536, 1374);
INSERT INTO cmsession (id, title, description, order_id, created_at, is_deleted) VALUES (1375, 'Tomcat Installation', 'This session teaches about Tomcat installation', 2, 'now', 'f');
INSERT INTO cmsession_module (cmsession_id, module_id) VALUES (1375, 395);
INSERT INTO lesson (id, type, duration, tags, title, subject, order_id, created_at, is_deleted) VALUES (6387,'PRESENTATION', 120, '', 'Generics and collection', 'NONE', 1, 'now','f');
INSERT INTO lesson_cmsession (lesson_id, cmsession_id) VALUES (6387, 1375);
INSERT INTO lesson (id, type, duration, tags, title, subject, order_id, created_at, is_deleted) VALUES (6566,'PRESENTATION', 60, '', 'Introduction to Apache Tomcat', 'NONE', 2, 'now','f');
INSERT INTO lesson_cmsession (lesson_id, cmsession_id) VALUES (6566, 1375);
INSERT INTO cmsession (id, title, description, order_id, created_at, is_deleted) VALUES (1376, 'Git and Github', 'This session  teaches students about Git and Github', 3, 'now', 'f');
INSERT INTO cmsession_module (cmsession_id, module_id) VALUES (1376, 395);
INSERT INTO lesson (id, type, duration, tags, title, subject, order_id, created_at, is_deleted) VALUES (6385,'PRESENTATION', 120, '', 'Generics and collection', 'NONE', 1, 'now','f');
INSERT INTO lesson_cmsession (lesson_id, cmsession_id) VALUES (6385, 1376);
INSERT INTO lesson (id, type, duration, tags, title, subject, order_id, created_at, is_deleted) VALUES (6567,'PRESENTATION', 60, '', 'GIT & Github', 'none', 2, 'now','f');
INSERT INTO lesson_cmsession (lesson_id, cmsession_id) VALUES (6567, 1376);
INSERT INTO cmsession (id, title, description, order_id, created_at, is_deleted) VALUES (1451, 'Web app - Calculator', 'This session teaches about how to develop web application', 4, 'now', 'f');
INSERT INTO cmsession_module (cmsession_id, module_id) VALUES (1451, 395);
INSERT INTO lesson (id, type, duration, tags, title, subject, order_id, created_at, is_deleted) VALUES (6570,'PRESENTATION', 60, '', 'Web Application - Calculator', 'none', 1, 'now','f');
INSERT INTO lesson_cmsession (lesson_id, cmsession_id) VALUES (6570, 1451);
INSERT INTO cmsession (id, title, description, order_id, created_at, is_deleted) VALUES (1452, 'Delete this', 'This session teaches about Designing a contact book', 5, 'now', 'f');
INSERT INTO cmsession_module (cmsession_id, module_id) VALUES (1452, 395);
INSERT INTO lesson (id, type, duration, tags, title, subject, order_id, created_at, is_deleted) VALUES (6571,'PRESENTATION', 60, '', 'Web app -Contact book -1', 'none', 1, 'now','f');
INSERT INTO lesson_cmsession (lesson_id, cmsession_id) VALUES (6571, 1452);
INSERT INTO module (id, module_name, order_id, is_deleted) VALUES (441, 'Contact Book project', 11, 'f');
INSERT INTO module_course (module_id, course_id) VALUES (441, 43);
INSERT INTO cmsession (id, title, description, order_id, created_at, is_deleted) VALUES (1497, 'Web app -Contact book -1', 'This session teaches about  contact book project and its implementation', 1, 'now', 'f');
INSERT INTO cmsession_module (cmsession_id, module_id) VALUES (1497, 441);
INSERT INTO lesson (id, type, duration, tags, title, subject, order_id, created_at, is_deleted) VALUES (6617,'PRESENTATION', 60, '', 'Web app -Contact book -1', 'none', 2, 'now','f');
INSERT INTO lesson_cmsession (lesson_id, cmsession_id) VALUES (6617, 1497);
INSERT INTO cmsession (id, title, description, order_id, created_at, is_deleted) VALUES (1496, 'Web app -Contact book -2', 'This session teaches about  file I/O', 2, 'now', 'f');
INSERT INTO cmsession_module (cmsession_id, module_id) VALUES (1496, 441);
INSERT INTO lesson (id, type, duration, tags, title, subject, order_id, created_at, is_deleted) VALUES (6618,'PRESENTATION', 60, '', 'Web app- Contact book-2', 'none', 2, 'now','f');
INSERT INTO lesson_cmsession (lesson_id, cmsession_id) VALUES (6618, 1496);
INSERT INTO cmsession (id, title, description, order_id, created_at, is_deleted) VALUES (1495, 'Web app -Contact book -3', 'This session teaches about  Pojo class and collections', 3, 'now', 'f');
INSERT INTO cmsession_module (cmsession_id, module_id) VALUES (1495, 441);
INSERT INTO lesson (id, type, duration, tags, title, subject, order_id, created_at, is_deleted) VALUES (6619,'PRESENTATION', 60, '', 'Web app -Contact book -3', 'none', 2, 'now','f');
INSERT INTO lesson_cmsession (lesson_id, cmsession_id) VALUES (6619, 1495);
INSERT INTO cmsession (id, title, description, order_id, created_at, is_deleted) VALUES (1494, 'Web app -Contact book -4', 'This session teaches about implementation of add feature using file i/o in contactbook project', 4, 'now', 'f');
INSERT INTO cmsession_module (cmsession_id, module_id) VALUES (1494, 441);
INSERT INTO lesson (id, type, duration, tags, title, subject, order_id, created_at, is_deleted) VALUES (6620,'PRESENTATION', 60, '', 'Web app -Contact book -4', 'none', 2, 'now','f');
INSERT INTO lesson_cmsession (lesson_id, cmsession_id) VALUES (6620, 1494);
INSERT INTO cmsession (id, title, description, order_id, created_at, is_deleted) VALUES (1493, 'Web app -Contact book -5', 'This session teaches about implementation of add feature using arraylist in contactbook project', 5, 'now', 'f');
INSERT INTO cmsession_module (cmsession_id, module_id) VALUES (1493, 441);
INSERT INTO lesson (id, type, duration, tags, title, subject, order_id, created_at, is_deleted) VALUES (6621,'PRESENTATION', 60, '', 'Web app -Contact book -5', 'none', 2, 'now','f');
INSERT INTO lesson_cmsession (lesson_id, cmsession_id) VALUES (6621, 1493);
INSERT INTO cmsession (id, title, description, order_id, created_at, is_deleted) VALUES (1492, 'Web app -Contact book -6', 'This session teaches about implementation of edit feature using arraylist in contactbook project', 6, 'now', 'f');
INSERT INTO cmsession_module (cmsession_id, module_id) VALUES (1492, 441);
INSERT INTO lesson (id, type, duration, tags, title, subject, order_id, created_at, is_deleted) VALUES (6622,'PRESENTATION', 60, '', 'Web app -Contact book -6', 'none', 2, 'now','f');
INSERT INTO lesson_cmsession (lesson_id, cmsession_id) VALUES (6622, 1492);
INSERT INTO cmsession (id, title, description, order_id, created_at, is_deleted) VALUES (1491, 'Web app -Contact book -7', 'This session teaches about implementation of delete and search feature using arraylist in contactbook project', 7, 'now', 'f');
INSERT INTO cmsession_module (cmsession_id, module_id) VALUES (1491, 441);
INSERT INTO lesson (id, type, duration, tags, title, subject, order_id, created_at, is_deleted) VALUES (6623,'PRESENTATION', 60, '', 'Web app -Contact book -7', 'none', 2, 'now','f');
INSERT INTO lesson_cmsession (lesson_id, cmsession_id) VALUES (6623, 1491);
INSERT INTO cmsession (id, title, description, order_id, created_at, is_deleted) VALUES (1462, 'Web app -Contact book -8', 'This session teaches about  hash set', 8, 'now', 'f');
INSERT INTO cmsession_module (cmsession_id, module_id) VALUES (1462, 441);
INSERT INTO lesson (id, type, duration, tags, title, subject, order_id, created_at, is_deleted) VALUES (6582,'PRESENTATION', 60, '', 'Web app -Contact book -8', 'none', 1, 'now','f');
INSERT INTO lesson_cmsession (lesson_id, cmsession_id) VALUES (6582, 1462);
INSERT INTO cmsession (id, title, description, order_id, created_at, is_deleted) VALUES (1488, 'Web app -Contact book -9', 'This session teaches about Hash Map', 9, 'now', 'f');
INSERT INTO cmsession_module (cmsession_id, module_id) VALUES (1488, 441);
INSERT INTO lesson (id, type, duration, tags, title, subject, order_id, created_at, is_deleted) VALUES (6613,'PRESENTATION', 60, '', 'Web app -Contact book -9', 'NONE', 2, 'now','f');
INSERT INTO lesson_cmsession (lesson_id, cmsession_id) VALUES (6613, 1488);
INSERT INTO cmsession (id, title, description, order_id, created_at, is_deleted) VALUES (1489, 'Web app -Contact book -10', 'This session teaches about comparison of different collections', 10, 'now', 'f');
INSERT INTO cmsession_module (cmsession_id, module_id) VALUES (1489, 441);
INSERT INTO lesson (id, type, duration, tags, title, subject, order_id, created_at, is_deleted) VALUES (6614,'PRESENTATION', 60, '', 'Web app -Contact book -10', 'NONE', 2, 'now','f');
INSERT INTO lesson_cmsession (lesson_id, cmsession_id) VALUES (6614, 1489);
INSERT INTO module (id, module_name, order_id, is_deleted) VALUES (433, 'Delete this', 5, 'f');
INSERT INTO module_course (module_id, course_id) VALUES (433, 43);
INSERT INTO cmsession (id, title, description, order_id, created_at, is_deleted) VALUES (1453, 'Web app -Contact book -1', 'This session teaches about  POJO class and File handling in java', 1, 'now', 'f');
INSERT INTO cmsession_module (cmsession_id, module_id) VALUES (1453, 433);
INSERT INTO lesson (id, type, duration, tags, title, subject, order_id, created_at, is_deleted) VALUES (6572,'PRESENTATION', 60, '', 'Web app- Contact book-2', 'none', 1, 'now','f');
INSERT INTO lesson_cmsession (lesson_id, cmsession_id) VALUES (6572, 1453);
INSERT INTO module (id, module_name, order_id, is_deleted) VALUES (434, 'Delete this', 6, 'f');
INSERT INTO module_course (module_id, course_id) VALUES (434, 43);
INSERT INTO cmsession (id, title, description, order_id, created_at, is_deleted) VALUES (1454, 'Web app -Contact book -2', 'This session teaches about collections in java', 1, 'now', 'f');
INSERT INTO cmsession_module (cmsession_id, module_id) VALUES (1454, 434);
INSERT INTO lesson (id, type, duration, tags, title, subject, order_id, created_at, is_deleted) VALUES (6573,'PRESENTATION', 60, '', 'Web app -Contact book -3', 'none', 1, 'now','f');
INSERT INTO lesson_cmsession (lesson_id, cmsession_id) VALUES (6573, 1454);
INSERT INTO module (id, module_name, order_id, is_deleted) VALUES (435, 'Delete this', 7, 'f');
INSERT INTO module_course (module_id, course_id) VALUES (435, 43);
INSERT INTO cmsession (id, title, description, order_id, created_at, is_deleted) VALUES (1455, 'Web app -session 8', 'This session teaches once again about the project and the parameters', 1, 'now', 'f');
INSERT INTO cmsession_module (cmsession_id, module_id) VALUES (1455, 435);
INSERT INTO lesson (id, type, duration, tags, title, subject, order_id, created_at, is_deleted) VALUES (6574,'PRESENTATION', 60, '', 'Web app', 'none', 1, 'now','f');
INSERT INTO lesson_cmsession (lesson_id, cmsession_id) VALUES (6574, 1455);
INSERT INTO lesson (id, type, duration, tags, title, subject, order_id, created_at, is_deleted) VALUES (6608,'PRESENTATION', 60, '', 'Web app -Contact book -4', 'none', 2, 'now','f');
INSERT INTO lesson_cmsession (lesson_id, cmsession_id) VALUES (6608, 1455);
INSERT INTO module (id, module_name, order_id, is_deleted) VALUES (438, 'Delete this', 8, 'f');
INSERT INTO module_course (module_id, course_id) VALUES (438, 43);
INSERT INTO cmsession (id, title, description, order_id, created_at, is_deleted) VALUES (1459, 'Web app -session 9', 'This session teaches about how to add  object values into array list and how to  create csv and file writer', 1, 'now', 'f');
INSERT INTO cmsession_module (cmsession_id, module_id) VALUES (1459, 438);
INSERT INTO lesson (id, type, duration, tags, title, subject, order_id, created_at, is_deleted) VALUES (6579,'PRESENTATION', 60, '', 'Web app -Contact book -5', 'none', 1, 'now','f');
INSERT INTO lesson_cmsession (lesson_id, cmsession_id) VALUES (6579, 1459);
INSERT INTO module (id, module_name, order_id, is_deleted) VALUES (439, 'Delete this', 9, 'f');
INSERT INTO module_course (module_id, course_id) VALUES (439, 43);
INSERT INTO cmsession (id, title, description, order_id, created_at, is_deleted) VALUES (1460, 'Web app -session 10', 'This session teaches about how to  include edit delete and search feature', 1, 'now', 'f');
INSERT INTO cmsession_module (cmsession_id, module_id) VALUES (1460, 439);
INSERT INTO lesson (id, type, duration, tags, title, subject, order_id, created_at, is_deleted) VALUES (6580,'PRESENTATION', 60, '', 'Web app -Contact book -6', 'none', 1, 'now','f');
INSERT INTO lesson_cmsession (lesson_id, cmsession_id) VALUES (6580, 1460);
INSERT INTO module (id, module_name, order_id, is_deleted) VALUES (440, 'Delete this', 10, 'f');
INSERT INTO module_course (module_id, course_id) VALUES (440, 43);
INSERT INTO cmsession (id, title, description, order_id, created_at, is_deleted) VALUES (1461, 'Web app -session 11', 'This session teaches about how to  delete data and add remaining data again to file', 1, 'now', 'f');
INSERT INTO cmsession_module (cmsession_id, module_id) VALUES (1461, 440);
INSERT INTO lesson (id, type, duration, tags, title, subject, order_id, created_at, is_deleted) VALUES (6581,'PRESENTATION', 60, '', 'Web app -Contact book -7', 'none', 1, 'now','f');
INSERT INTO lesson_cmsession (lesson_id, cmsession_id) VALUES (6581, 1461);
INSERT INTO course (id, course_name, course_description, tags, created_at) VALUES (44, 'test', 'test', NULL, 'now');
INSERT INTO module (id, module_name, order_id, is_deleted) VALUES (367, 'a1', 1, 'f');
INSERT INTO module_course (module_id, course_id) VALUES (367, 44);
INSERT INTO cmsession (id, title, description, order_id, created_at, is_deleted) VALUES (1306, 's1', 's1', 1, 'now', 'f');
INSERT INTO cmsession_module (cmsession_id, module_id) VALUES (1306, 367);
INSERT INTO lesson (id, type, duration, tags, title, subject, order_id, created_at, is_deleted) VALUES (6680,'PRESENTATION', 10, 'test', 'test 111', 'NONE', 2, 'now','f');
INSERT INTO lesson_cmsession (lesson_id, cmsession_id) VALUES (6680, 1306);
INSERT INTO course (id, course_name, course_description, tags, created_at) VALUES (45, 'Corporate Banking Demo', 'This course has two sample modules on retail banking products and sales pitch demo.', NULL, 'now');
INSERT INTO module (id, module_name, order_id, is_deleted) VALUES (368, 'Banking Products Demo', 1, 'f');
INSERT INTO module_course (module_id, course_id) VALUES (368, 45);
INSERT INTO cmsession (id, title, description, order_id, created_at, is_deleted) VALUES (1308, 'Banking Products Demo', 'This session provides an overview of various generically applicable retail banking products', 1, 'now', 'f');
INSERT INTO cmsession_module (cmsession_id, module_id) VALUES (1308, 368);
INSERT INTO lesson (id, type, duration, tags, title, subject, order_id, created_at, is_deleted) VALUES (6240,'PRESENTATION', 30, 'RETAIL BANKING', 'Banking products', 'banking-1', 1, 'now','f');
INSERT INTO lesson_cmsession (lesson_id, cmsession_id) VALUES (6240, 1308);
INSERT INTO module (id, module_name, order_id, is_deleted) VALUES (369, 'Corporate- Sales Process: Demo/Pitch Demo', 2, 'f');
INSERT INTO module_course (module_id, course_id) VALUES (369, 45);
INSERT INTO cmsession (id, title, description, order_id, created_at, is_deleted) VALUES (1307, 'Corporate- Product demonstration Demo', 'This session provides an overview of various types of pitch/ demos for various customers', 1, 'now', 'f');
INSERT INTO cmsession_module (cmsession_id, module_id) VALUES (1307, 369);
INSERT INTO lesson (id, type, duration, tags, title, subject, order_id, created_at, is_deleted) VALUES (6241,'PRESENTATION', 60, 'demo,product', 'Product Demo-BFSI_new_p1', 'none', 1, 'now','f');
INSERT INTO lesson_cmsession (lesson_id, cmsession_id) VALUES (6241, 1307);
INSERT INTO lesson (id, type, duration, tags, title, subject, order_id, created_at, is_deleted) VALUES (6242,'PRESENTATION', 60, '', 'Product Demo-BFSI_new_p2', 'none', 3, 'now','f');
INSERT INTO lesson_cmsession (lesson_id, cmsession_id) VALUES (6242, 1307);
INSERT INTO lesson (id, type, duration, tags, title, subject, order_id, created_at, is_deleted) VALUES (6243,'PRESENTATION', 60, 'demo,product', 'Product Demo-BFSI_new_p3', 'none', 5, 'now','f');
INSERT INTO lesson_cmsession (lesson_id, cmsession_id) VALUES (6243, 1307);
INSERT INTO lesson (id, type, duration, tags, title, subject, order_id, created_at, is_deleted) VALUES (6244,'PRESENTATION', 30, '', 'Product Demo-BFSI_new_p4', 'none', 6, 'now','f');
INSERT INTO lesson_cmsession (lesson_id, cmsession_id) VALUES (6244, 1307);
INSERT INTO module (id, module_name, order_id, is_deleted) VALUES (448, 'Know Your Customer - Demo', 3, 'f');
INSERT INTO module_course (module_id, course_id) VALUES (448, 45);
INSERT INTO cmsession (id, title, description, order_id, created_at, is_deleted) VALUES (1469, 'KYC Norms', 'The session teaches the meaning and need for KYC in Banks', 1, 'now', 'f');
INSERT INTO cmsession_module (cmsession_id, module_id) VALUES (1469, 448);
INSERT INTO lesson (id, type, duration, tags, title, subject, order_id, created_at, is_deleted) VALUES (6588,'PRESENTATION', 10, '', 'KYC_Session1', 'NONE', 1, 'now','f');
INSERT INTO lesson_cmsession (lesson_id, cmsession_id) VALUES (6588, 1469);
INSERT INTO cmsession (id, title, description, order_id, created_at, is_deleted) VALUES (1470, 'KYC_Assessment1', 'Assessment 1', 2, 'now', 'f');
INSERT INTO cmsession_module (cmsession_id, module_id) VALUES (1470, 448);
INSERT INTO module (id, module_name, order_id, is_deleted) VALUES (453, 'Foreign Exchange Services', 4, 'f');
INSERT INTO module_course (module_id, course_id) VALUES (453, 45);
INSERT INTO cmsession (id, title, description, order_id, created_at, is_deleted) VALUES (1486, 'Foreign Exchange Services - I', 'The sessions teaches the features of Travellers cheque and Travel card', 1, 'now', 'f');
INSERT INTO cmsession_module (cmsession_id, module_id) VALUES (1486, 453);
INSERT INTO lesson (id, type, duration, tags, title, subject, order_id, created_at, is_deleted) VALUES (6609,'PRESENTATION', 60, '', 'Foreign Exchange Services - I', 'NONE', 1, 'now','f');
INSERT INTO lesson_cmsession (lesson_id, cmsession_id) VALUES (6609, 1486);
INSERT INTO lesson (id, type, duration, tags, title, subject, order_id, created_at, is_deleted) VALUES (6611,'PRESENTATION', 10, '', 'Foreign Exchange Services - II', 'NONE', 3, 'now','f');
INSERT INTO lesson_cmsession (lesson_id, cmsession_id) VALUES (6611, 1486);
INSERT INTO cmsession (id, title, description, order_id, created_at, is_deleted) VALUES (1487, 'Foreign Exchange Services - II', 'This session explains the features of Wire Transfers and FCDDs', 2, 'now', 'f');
INSERT INTO cmsession_module (cmsession_id, module_id) VALUES (1487, 453);
INSERT INTO module (id, module_name, order_id, is_deleted) VALUES (487, 'Savings Account', 5, 'f');
INSERT INTO module_course (module_id, course_id) VALUES (487, 45);
INSERT INTO cmsession (id, title, description, order_id, created_at, is_deleted) VALUES (1525, 'Types of Savings Account', 'This session explains the various types of savings bank account', 1, 'now', 'f');
INSERT INTO cmsession_module (cmsession_id, module_id) VALUES (1525, 487);
INSERT INTO lesson (id, type, duration, tags, title, subject, order_id, created_at, is_deleted) VALUES (6697,'PRESENTATION', 1, '', 'Types of Savings Account', 'NONE', 2, 'now','f');
INSERT INTO lesson_cmsession (lesson_id, cmsession_id) VALUES (6697, 1525);
INSERT INTO cmsession (id, title, description, order_id, created_at, is_deleted) VALUES (1526, 'Basic Savings Account - Features', 'Features of a basic savings bank account', 2, 'now', 'f');
INSERT INTO cmsession_module (cmsession_id, module_id) VALUES (1526, 487);
INSERT INTO lesson (id, type, duration, tags, title, subject, order_id, created_at, is_deleted) VALUES (6698,'PRESENTATION', 1, '', 'Features of savings bank account', 'NONE', 2, 'now','f');
INSERT INTO lesson_cmsession (lesson_id, cmsession_id) VALUES (6698, 1526);
INSERT INTO cmsession (id, title, description, order_id, created_at, is_deleted) VALUES (1527, 'Rural Account - Features', 'The session summarises the features of a rural savings bank account', 3, 'now', 'f');
INSERT INTO cmsession_module (cmsession_id, module_id) VALUES (1527, 487);
INSERT INTO lesson (id, type, duration, tags, title, subject, order_id, created_at, is_deleted) VALUES (6699,'PRESENTATION', 1, '', 'Rural Account - Features', 'NONE', 2, 'now','f');
INSERT INTO lesson_cmsession (lesson_id, cmsession_id) VALUES (6699, 1527);
INSERT INTO cmsession (id, title, description, order_id, created_at, is_deleted) VALUES (1529, 'Minor Account - Features', 'Features of a minor account', 4, 'now', 'f');
INSERT INTO cmsession_module (cmsession_id, module_id) VALUES (1529, 487);
INSERT INTO lesson (id, type, duration, tags, title, subject, order_id, created_at, is_deleted) VALUES (6700,'PRESENTATION', 1, '', 'Minor Account_Features', 'NONE', 2, 'now','f');
INSERT INTO lesson_cmsession (lesson_id, cmsession_id) VALUES (6700, 1529);
INSERT INTO cmsession (id, title, description, order_id, created_at, is_deleted) VALUES (1530, 'Salary Account - Features', 'The sessions teaches the basic features of salary accounts', 5, 'now', 'f');
INSERT INTO cmsession_module (cmsession_id, module_id) VALUES (1530, 487);
INSERT INTO lesson (id, type, duration, tags, title, subject, order_id, created_at, is_deleted) VALUES (6701,'PRESENTATION', 1, '', 'Salary Account - Features', 'NONE', 2, 'now','f');
INSERT INTO lesson_cmsession (lesson_id, cmsession_id) VALUES (6701, 1530);
INSERT INTO cmsession (id, title, description, order_id, created_at, is_deleted) VALUES (1532, 'Advantages & Disadvantages_Bank', 'This sessions talks about the pros and cons of Savings Account to a Bank', 6, 'now', 'f');
INSERT INTO cmsession_module (cmsession_id, module_id) VALUES (1532, 487);
INSERT INTO lesson (id, type, duration, tags, title, subject, order_id, created_at, is_deleted) VALUES (6702,'PRESENTATION', 1, '', 'Advantages & Disadvantages_Bank', 'NONE', 2, 'now','f');
INSERT INTO lesson_cmsession (lesson_id, cmsession_id) VALUES (6702, 1532);
INSERT INTO cmsession (id, title, description, order_id, created_at, is_deleted) VALUES (1533, 'Advantages & Disadvantages_Customer', 'This session talks about the pros and cons of opening a savings account to a customer', 7, 'now', 'f');
INSERT INTO cmsession_module (cmsession_id, module_id) VALUES (1533, 487);
INSERT INTO lesson (id, type, duration, tags, title, subject, order_id, created_at, is_deleted) VALUES (6703,'PRESENTATION', 1, '', 'Advantages & Disadvantages_Customer', 'NONE', 2, 'now','f');
INSERT INTO lesson_cmsession (lesson_id, cmsession_id) VALUES (6703, 1533);
INSERT INTO module (id, module_name, order_id, is_deleted) VALUES (488, 'Rural Account', 6, 'f');
INSERT INTO module_course (module_id, course_id) VALUES (488, 45);
INSERT INTO cmsession (id, title, description, order_id, created_at, is_deleted) VALUES (1534, 'Need for rural account', 'Need for rural accounts', 1, 'now', 'f');
INSERT INTO cmsession_module (cmsession_id, module_id) VALUES (1534, 488);
INSERT INTO lesson (id, type, duration, tags, title, subject, order_id, created_at, is_deleted) VALUES (6704,'PRESENTATION', 1, '', 'Need for rural account', 'NONE', 2, 'now','f');
INSERT INTO lesson_cmsession (lesson_id, cmsession_id) VALUES (6704, 1534);
INSERT INTO cmsession (id, title, description, order_id, created_at, is_deleted) VALUES (1535, 'Rural Account_Eligibility criteria', 'This session explains the eligibility criteria for a rural bank account', 2, 'now', 'f');
INSERT INTO cmsession_module (cmsession_id, module_id) VALUES (1535, 488);
INSERT INTO lesson (id, type, duration, tags, title, subject, order_id, created_at, is_deleted) VALUES (6705,'PRESENTATION', 1, '', 'Rural Account_Eligibility criteria', 'NONE', 2, 'now','f');
INSERT INTO lesson_cmsession (lesson_id, cmsession_id) VALUES (6705, 1535);
INSERT INTO module (id, module_name, order_id, is_deleted) VALUES (489, 'Salary Account', 7, 'f');
INSERT INTO module_course (module_id, course_id) VALUES (489, 45);
INSERT INTO cmsession (id, title, description, order_id, created_at, is_deleted) VALUES (1528, 'Features of Salary Account', 'This session aims to summarise the basic features of a salary account', 1, 'now', 'f');
INSERT INTO cmsession_module (cmsession_id, module_id) VALUES (1528, 489);
INSERT INTO cmsession (id, title, description, order_id, created_at, is_deleted) VALUES (1537, 'Salary Account_Welcome Kit', 'The session explains the contents of a welcome kit', 2, 'now', 'f');
INSERT INTO cmsession_module (cmsession_id, module_id) VALUES (1537, 489);
INSERT INTO lesson (id, type, duration, tags, title, subject, order_id, created_at, is_deleted) VALUES (6708,'PRESENTATION', 1, '', 'Salary Account_WelcomeKit', 'NONE', 2, 'now','f');
INSERT INTO lesson_cmsession (lesson_id, cmsession_id) VALUES (6708, 1537);
INSERT INTO module (id, module_name, order_id, is_deleted) VALUES (490, 'Fixed Deposits', 8, 'f');
INSERT INTO module_course (module_id, course_id) VALUES (490, 45);
INSERT INTO module (id, module_name, order_id, is_deleted) VALUES (491, 'Recurring Deposits', 9, 'f');
INSERT INTO module_course (module_id, course_id) VALUES (491, 45);
INSERT INTO cmsession (id, title, description, order_id, created_at, is_deleted) VALUES (1536, 'Introduction to RD', 'This sessions explains the meaning and features of a recurring deposit', 1, 'now', 'f');
INSERT INTO cmsession_module (cmsession_id, module_id) VALUES (1536, 491);
INSERT INTO lesson (id, type, duration, tags, title, subject, order_id, created_at, is_deleted) VALUES (6707,'PRESENTATION', 1, '', 'Introduction to RD', 'NONE', 2, 'now','f');
INSERT INTO lesson_cmsession (lesson_id, cmsession_id) VALUES (6707, 1536);
INSERT INTO course (id, course_name, course_description, tags, created_at) VALUES (46, 'Insurance Demo', 'This course covers health insurance concepts and regulations as per IC- 38. It provides an introduction to various health insurance products and their features.', NULL, 'now');
INSERT INTO module (id, module_name, order_id, is_deleted) VALUES (370, 'Health Insurance Demo', 1, 'f');
INSERT INTO module_course (module_id, course_id) VALUES (370, 46);
INSERT INTO cmsession (id, title, description, order_id, created_at, is_deleted) VALUES (1309, 'Health Insurance Products Demo', 'This session gives us insights into the features, use and applicability of various health insurance products. Learn how to use this information in different scenarios and contexts.', 1, 'now', 'f');
INSERT INTO cmsession_module (cmsession_id, module_id) VALUES (1309, 370);
INSERT INTO lesson (id, type, duration, tags, title, subject, order_id, created_at, is_deleted) VALUES (6249,'PRESENTATION', 60, '', 'Health Insurance Products', 'none', 1, 'now','f');
INSERT INTO lesson_cmsession (lesson_id, cmsession_id) VALUES (6249, 1309);
INSERT INTO module (id, module_name, order_id, is_deleted) VALUES (371, 'Corporate- Sales Process: Demo / Pitch Demo', 2, 'f');
INSERT INTO module_course (module_id, course_id) VALUES (371, 46);
INSERT INTO cmsession (id, title, description, order_id, created_at, is_deleted) VALUES (1310, 'Corporate- Product demonstration Demo', 'This session provides an overview of various types of pitch/ demos for various customers', 1, 'now', 'f');
INSERT INTO cmsession_module (cmsession_id, module_id) VALUES (1310, 371);
INSERT INTO lesson (id, type, duration, tags, title, subject, order_id, created_at, is_deleted) VALUES (6251,'PRESENTATION', 60, 'demo,product', 'Product Demo-BFSI_new_p1', 'none', 1, 'now','f');
INSERT INTO lesson_cmsession (lesson_id, cmsession_id) VALUES (6251, 1310);
INSERT INTO lesson (id, type, duration, tags, title, subject, order_id, created_at, is_deleted) VALUES (6252,'PRESENTATION', 60, '', 'Product Demo-BFSI_new_p2', 'none', 3, 'now','f');
INSERT INTO lesson_cmsession (lesson_id, cmsession_id) VALUES (6252, 1310);
INSERT INTO lesson (id, type, duration, tags, title, subject, order_id, created_at, is_deleted) VALUES (6253,'PRESENTATION', 60, 'demo,product', 'Product Demo-BFSI_new_p3', 'none', 5, 'now','f');
INSERT INTO lesson_cmsession (lesson_id, cmsession_id) VALUES (6253, 1310);
INSERT INTO lesson (id, type, duration, tags, title, subject, order_id, created_at, is_deleted) VALUES (6254,'PRESENTATION', 30, '', 'Product Demo-BFSI_new_p4', 'none', 6, 'now','f');
INSERT INTO lesson_cmsession (lesson_id, cmsession_id) VALUES (6254, 1310);
INSERT INTO course (id, course_name, course_description, tags, created_at) VALUES (47, 'DDUGKY Soft Skills', 'This course helps the students develop soft skills required to develop a more professional personality', NULL, 'now');
INSERT INTO module (id, module_name, order_id, is_deleted) VALUES (375, 'Self Introduction', 1, 'f');
INSERT INTO module_course (module_id, course_id) VALUES (375, 47);
INSERT INTO cmsession (id, title, description, order_id, created_at, is_deleted) VALUES (1319, 'Personal Introduction', 'This session helps students develop a sense of self and creates an ability to pitch their strengths', 1, 'now', 'f');
INSERT INTO cmsession_module (cmsession_id, module_id) VALUES (1319, 375);
INSERT INTO lesson (id, type, duration, tags, title, subject, order_id, created_at, is_deleted) VALUES (6281,'PRESENTATION', 60, '', '22_Personal Introduction- GD/PI', 'none', 1, 'now','f');
INSERT INTO lesson_cmsession (lesson_id, cmsession_id) VALUES (6281, 1319);
INSERT INTO module (id, module_name, order_id, is_deleted) VALUES (377, 'Leadership attributes', 2, 'f');
INSERT INTO module_course (module_id, course_id) VALUES (377, 47);
INSERT INTO cmsession (id, title, description, order_id, created_at, is_deleted) VALUES (1321, 'Leadership', 'This session helps the students identify the traits of a good leader and thereby strive to become one', 1, 'now', 'f');
INSERT INTO cmsession_module (cmsession_id, module_id) VALUES (1321, 377);
INSERT INTO lesson (id, type, duration, tags, title, subject, order_id, created_at, is_deleted) VALUES (6283,'PRESENTATION', 60, '', '09_Leadership GD/PI', 'none', 1, 'now','f');
INSERT INTO lesson_cmsession (lesson_id, cmsession_id) VALUES (6283, 1321);
INSERT INTO module (id, module_name, order_id, is_deleted) VALUES (376, 'Active Iistening', 3, 'f');
INSERT INTO module_course (module_id, course_id) VALUES (376, 47);
INSERT INTO cmsession (id, title, description, order_id, created_at, is_deleted) VALUES (1320, 'Active Iistening', 'This session creates an understanding of the importance of listening in the process of communication', 1, 'now', 'f');
INSERT INTO cmsession_module (cmsession_id, module_id) VALUES (1320, 376);
INSERT INTO lesson (id, type, duration, tags, title, subject, order_id, created_at, is_deleted) VALUES (6282,'PRESENTATION', 60, 'communication,barriers', '03_Effective listening', 'banking-1', 1, 'now','f');
INSERT INTO lesson_cmsession (lesson_id, cmsession_id) VALUES (6282, 1320);
INSERT INTO module (id, module_name, order_id, is_deleted) VALUES (401, 'Goal setting', 4, 'f');
INSERT INTO module_course (module_id, course_id) VALUES (401, 47);
INSERT INTO cmsession (id, title, description, order_id, created_at, is_deleted) VALUES (1385, 'Goal setting', 'This session helps the students understand the importance of setting a goal while working towards it', 1, 'now', 'f');
INSERT INTO cmsession_module (cmsession_id, module_id) VALUES (1385, 401);
INSERT INTO lesson (id, type, duration, tags, title, subject, order_id, created_at, is_deleted) VALUES (6429,'PRESENTATION', 60, '', '06_Goal Setting GD/PI', 'none', 1, 'now','f');
INSERT INTO lesson_cmsession (lesson_id, cmsession_id) VALUES (6429, 1385);
INSERT INTO module (id, module_name, order_id, is_deleted) VALUES (410, 'Team work', 5, 'f');
INSERT INTO module_course (module_id, course_id) VALUES (410, 47);
INSERT INTO cmsession (id, title, description, order_id, created_at, is_deleted) VALUES (1406, 'Team work 1', 'This session helps the students understand the need and importance of teamwork', 1, 'now', 'f');
INSERT INTO cmsession_module (cmsession_id, module_id) VALUES (1406, 410);
INSERT INTO lesson (id, type, duration, tags, title, subject, order_id, created_at, is_deleted) VALUES (6465,'PRESENTATION', 60, '', '10_Teamwork GD/PI', 'none', 1, 'now','f');
INSERT INTO lesson_cmsession (lesson_id, cmsession_id) VALUES (6465, 1406);
INSERT INTO cmsession (id, title, description, order_id, created_at, is_deleted) VALUES (1407, 'Team work 2', 'This session helps the students understand the importance of team work', 2, 'now', 'f');
INSERT INTO cmsession_module (cmsession_id, module_id) VALUES (1407, 410);
INSERT INTO lesson (id, type, duration, tags, title, subject, order_id, created_at, is_deleted) VALUES (6466,'PRESENTATION', 60, '', '11_Teamwork GD/PI', 'none', 1, 'now','f');
INSERT INTO lesson_cmsession (lesson_id, cmsession_id) VALUES (6466, 1407);
INSERT INTO module (id, module_name, order_id, is_deleted) VALUES (414, 'Telephone etiquette', 6, 'f');
INSERT INTO module_course (module_id, course_id) VALUES (414, 47);
INSERT INTO cmsession (id, title, description, order_id, created_at, is_deleted) VALUES (1420, 'Telephone etiquette', 'This session helps the students understand the behaviour expected during the course of a telephonic conversation', 1, 'now', 'f');
INSERT INTO cmsession_module (cmsession_id, module_id) VALUES (1420, 414);
INSERT INTO lesson (id, type, duration, tags, title, subject, order_id, created_at, is_deleted) VALUES (6510,'PRESENTATION', 60, '', '15_Telephone etiquette', 'banking-1', 1, 'now','f');
INSERT INTO lesson_cmsession (lesson_id, cmsession_id) VALUES (6510, 1420);
INSERT INTO course (id, course_name, course_description, tags, created_at) VALUES (48, 'Bcom Pre req Assessment', 'This course tests the students prior knowledge in accounts, language and reasoning', NULL, 'now');
INSERT INTO module (id, module_name, order_id, is_deleted) VALUES (416, 'Pre Assessment', 1, 'f');
INSERT INTO module_course (module_id, course_id) VALUES (416, 48);
INSERT INTO cmsession (id, title, description, order_id, created_at, is_deleted) VALUES (1423, 'Pre Assessment', 'This session assesses the students understanding of accounts and reasoning', 1, 'now', 'f');
INSERT INTO cmsession_module (cmsession_id, module_id) VALUES (1423, 416);
INSERT INTO course (id, course_name, course_description, tags, created_at) VALUES (49, 'Human Resource Comp & Ben', 'This course helps the students understand the different types of compensation and how they can manage benefits to optimize employee retention', NULL, 'now');
INSERT INTO module (id, module_name, order_id, is_deleted) VALUES (405, 'Pay policies and strategies', 1, 'f');
INSERT INTO module_course (module_id, course_id) VALUES (405, 49);
INSERT INTO cmsession (id, title, description, order_id, created_at, is_deleted) VALUES (1395, 'Pay policies and strategies', 'This session helps the students understand the need for compensation and its elements', 1, 'now', 'f');
INSERT INTO cmsession_module (cmsession_id, module_id) VALUES (1395, 405);
INSERT INTO lesson (id, type, duration, tags, title, subject, order_id, created_at, is_deleted) VALUES (6446,'PRESENTATION', 60, '', '01_Pay Policies & Strategies', 'none', 1, 'now','f');
INSERT INTO lesson_cmsession (lesson_id, cmsession_id) VALUES (6446, 1395);
INSERT INTO cmsession (id, title, description, order_id, created_at, is_deleted) VALUES (1396, '02_Motive for Compensation', 'Discusses the factors that motivate workforce', 2, 'now', 'f');
INSERT INTO cmsession_module (cmsession_id, module_id) VALUES (1396, 405);
INSERT INTO lesson (id, type, duration, tags, title, subject, order_id, created_at, is_deleted) VALUES (6452,'PRESENTATION', 60, '', '02_Motive for Compensation', 'NONE', 1, 'now','f');
INSERT INTO lesson_cmsession (lesson_id, cmsession_id) VALUES (6452, 1396);
INSERT INTO module (id, module_name, order_id, is_deleted) VALUES (411, 'MS Excel for HR', 2, 'f');
INSERT INTO module_course (module_id, course_id) VALUES (411, 49);
INSERT INTO cmsession (id, title, description, order_id, created_at, is_deleted) VALUES (1410, 'Formatting', 'To understand how to use of formatting tools in excel', 1, 'now', 'f');
INSERT INTO cmsession_module (cmsession_id, module_id) VALUES (1410, 411);
INSERT INTO lesson (id, type, duration, tags, title, subject, order_id, created_at, is_deleted) VALUES (6473,'PRESENTATION', 60, 'formatting', '2_Formatting', 'banking-1', 1, 'now','f');
INSERT INTO lesson_cmsession (lesson_id, cmsession_id) VALUES (6473, 1410);
INSERT INTO cmsession (id, title, description, order_id, created_at, is_deleted) VALUES (1411, 'Conditional Formatting', 'To understand and know the use of conditional formatting', 2, 'now', 'f');
INSERT INTO cmsession_module (cmsession_id, module_id) VALUES (1411, 411);
INSERT INTO lesson (id, type, duration, tags, title, subject, order_id, created_at, is_deleted) VALUES (6475,'PRESENTATION', 60, 'Conditional,Formatting,table', '4_Conditional formatting and Table style formattin', 'banking-1', 1, 'now','f');
INSERT INTO lesson_cmsession (lesson_id, cmsession_id) VALUES (6475, 1411);
INSERT INTO cmsession (id, title, description, order_id, created_at, is_deleted) VALUES (1412, 'Sorting and Filtering', 'to know and understand the use of sorting and filtering', 3, 'now', 'f');
INSERT INTO cmsession_module (cmsession_id, module_id) VALUES (1412, 411);
INSERT INTO lesson (id, type, duration, tags, title, subject, order_id, created_at, is_deleted) VALUES (6476,'PRESENTATION', 20, 'Excel,Filters,Sorting', '05_Sorting and Filters', 'banking-1', 1, 'now','f');
INSERT INTO lesson_cmsession (lesson_id, cmsession_id) VALUES (6476, 1412);
INSERT INTO cmsession (id, title, description, order_id, created_at, is_deleted) VALUES (1424, 'Lookup functions', 'This session teaches the students how to use lookup functions in Excel', 4, 'now', 'f');
INSERT INTO cmsession_module (cmsession_id, module_id) VALUES (1424, 411);
INSERT INTO lesson (id, type, duration, tags, title, subject, order_id, created_at, is_deleted) VALUES (6526,'PRESENTATION', 20, 'Lookup Functions', '13_Lookup Functions', 'banking-1', 1, 'now','f');
INSERT INTO lesson_cmsession (lesson_id, cmsession_id) VALUES (6526, 1424);
INSERT INTO cmsession (id, title, description, order_id, created_at, is_deleted) VALUES (1425, 'Pivot', 'This session teaches the students how to draw a pivot table in Excel', 5, 'now', 'f');
INSERT INTO cmsession_module (cmsession_id, module_id) VALUES (1425, 411);
INSERT INTO lesson (id, type, duration, tags, title, subject, order_id, created_at, is_deleted) VALUES (6527,'PRESENTATION', 20, 'Excel', '07_Pivot Tables_HR', 'banking-1', 1, 'now','f');
INSERT INTO lesson_cmsession (lesson_id, cmsession_id) VALUES (6527, 1425);
INSERT INTO cmsession (id, title, description, order_id, created_at, is_deleted) VALUES (1432, 'Charts', 'Through this session you learn the how to use charts and its appropriate usage', 6, 'now', 'f');
INSERT INTO cmsession_module (cmsession_id, module_id) VALUES (1432, 411);
INSERT INTO lesson (id, type, duration, tags, title, subject, order_id, created_at, is_deleted) VALUES (6538,'PRESENTATION', 20, 'Excel', '08_Charts for HR', 'banking-1', 1, 'now','f');
INSERT INTO lesson_cmsession (lesson_id, cmsession_id) VALUES (6538, 1432);
INSERT INTO cmsession (id, title, description, order_id, created_at, is_deleted) VALUES (1433, 'Hyperlinking', 'This session explains the use of hyperlinking', 7, 'now', 'f');
INSERT INTO cmsession_module (cmsession_id, module_id) VALUES (1433, 411);
INSERT INTO lesson (id, type, duration, tags, title, subject, order_id, created_at, is_deleted) VALUES (6539,'PRESENTATION', 60, '', '09_Hyperlinking', 'none', 1, 'now','f');
INSERT INTO lesson_cmsession (lesson_id, cmsession_id) VALUES (6539, 1433);
INSERT INTO cmsession (id, title, description, order_id, created_at, is_deleted) VALUES (1436, 'HR Excel Case study', 'Functions in Excel for HR', 8, 'now', 'f');
INSERT INTO cmsession_module (cmsession_id, module_id) VALUES (1436, 411);
INSERT INTO lesson (id, type, duration, tags, title, subject, order_id, created_at, is_deleted) VALUES (6544,'PRESENTATION', 30, '', 'Functions in MS Excel', 'NONE', 1, 'now','f');
INSERT INTO lesson_cmsession (lesson_id, cmsession_id) VALUES (6544, 1436);
INSERT INTO lesson (id, type, duration, tags, title, subject, order_id, created_at, is_deleted) VALUES (6552,'PRESENTATION', 30, '', 'Delete', 'none', 2, 'now','f');
INSERT INTO lesson_cmsession (lesson_id, cmsession_id) VALUES (6552, 1436);
INSERT INTO lesson (id, type, duration, tags, title, subject, order_id, created_at, is_deleted) VALUES (6553,'PRESENTATION', 120, '', 'Delete', 'none', 3, 'now','f');
INSERT INTO lesson_cmsession (lesson_id, cmsession_id) VALUES (6553, 1436);
INSERT INTO lesson (id, type, duration, tags, title, subject, order_id, created_at, is_deleted) VALUES (6554,'PRESENTATION', 60, '', 'Excel for HR - Activity', 'none', 4, 'now','f');
INSERT INTO lesson_cmsession (lesson_id, cmsession_id) VALUES (6554, 1436);
INSERT INTO module (id, module_name, order_id, is_deleted) VALUES (485, 'Comp and Ben Assessments', 3, 'f');
INSERT INTO module_course (module_id, course_id) VALUES (485, 49);
INSERT INTO cmsession (id, title, description, order_id, created_at, is_deleted) VALUES (1522, 'Final Assessment', 'This assessment tests the students understanding of the subject at the end of the course', 1, 'now', 'f');
INSERT INTO cmsession_module (cmsession_id, module_id) VALUES (1522, 485);
INSERT INTO course (id, course_name, course_description, tags, created_at) VALUES (50, 'Web Developer- Back-End', 'This course teaches about back end development in java technologies', NULL, 'now');
INSERT INTO module (id, module_name, order_id, is_deleted) VALUES (421, 'Introduction to Web Architecture', 1, 'f');
INSERT INTO module_course (module_id, course_id) VALUES (421, 50);
INSERT INTO cmsession (id, title, description, order_id, created_at, is_deleted) VALUES (1434, 'Introduction to Web Architecture', 'Client Server Architecture, HTTP and HTML, Request & Response structure', 1, 'now', 'f');
INSERT INTO cmsession_module (cmsession_id, module_id) VALUES (1434, 421);
INSERT INTO lesson (id, type, duration, tags, title, subject, order_id, created_at, is_deleted) VALUES (6548,'PRESENTATION', 60, '', 'Introduction to Web Architecture', 'NONE', 1, 'now','f');
INSERT INTO lesson_cmsession (lesson_id, cmsession_id) VALUES (6548, 1434);
INSERT INTO module (id, module_name, order_id, is_deleted) VALUES (422, 'Servlets and JSP', 2, 'f');
INSERT INTO module_course (module_id, course_id) VALUES (422, 50);
INSERT INTO cmsession (id, title, description, order_id, created_at, is_deleted) VALUES (1435, 'Servlets and JSP', 'Introduction to servlets and JSP', 1, 'now', 'f');
INSERT INTO cmsession_module (cmsession_id, module_id) VALUES (1435, 422);
INSERT INTO lesson (id, type, duration, tags, title, subject, order_id, created_at, is_deleted) VALUES (6549,'PRESENTATION', 60, '', 'Introduction to Servlets and JSP', 'NONE', 1, 'now','f');
INSERT INTO lesson_cmsession (lesson_id, cmsession_id) VALUES (6549, 1435);
INSERT INTO module (id, module_name, order_id, is_deleted) VALUES (431, 'Java Environment', 3, 'f');
INSERT INTO module_course (module_id, course_id) VALUES (431, 50);
INSERT INTO cmsession (id, title, description, order_id, created_at, is_deleted) VALUES (1449, 'JRE - Setup', 'This session teaches how to set up Java Environment', 1, 'now', 'f');
INSERT INTO cmsession_module (cmsession_id, module_id) VALUES (1449, 431);
INSERT INTO lesson (id, type, duration, tags, title, subject, order_id, created_at, is_deleted) VALUES (6568,'PRESENTATION', 60, '', 'Java Environment', 'none', 1, 'now','f');
INSERT INTO lesson_cmsession (lesson_id, cmsession_id) VALUES (6568, 1449);
INSERT INTO module (id, module_name, order_id, is_deleted) VALUES (423, 'Introduction to Apache Tomcat', 4, 'f');
INSERT INTO module_course (module_id, course_id) VALUES (423, 50);
INSERT INTO cmsession (id, title, description, order_id, created_at, is_deleted) VALUES (1437, 'Apache Tomcat', 'Introduction to Apache Tomcat', 1, 'now', 'f');
INSERT INTO cmsession_module (cmsession_id, module_id) VALUES (1437, 423);
INSERT INTO lesson (id, type, duration, tags, title, subject, order_id, created_at, is_deleted) VALUES (6550,'PRESENTATION', 60, '', 'Introduction to Apache Tomcat', 'NONE', 1, 'now','f');
INSERT INTO lesson_cmsession (lesson_id, cmsession_id) VALUES (6550, 1437);
INSERT INTO module (id, module_name, order_id, is_deleted) VALUES (424, 'MySQL', 5, 'f');
INSERT INTO module_course (module_id, course_id) VALUES (424, 50);
INSERT INTO cmsession (id, title, description, order_id, created_at, is_deleted) VALUES (1438, 'MySQL', 'This is an introductory session to MySQL workbench', 1, 'now', 'f');
INSERT INTO cmsession_module (cmsession_id, module_id) VALUES (1438, 424);
INSERT INTO lesson (id, type, duration, tags, title, subject, order_id, created_at, is_deleted) VALUES (6551,'PRESENTATION', 60, '', 'MySQL Workbench', 'NONE', 1, 'now','f');
INSERT INTO lesson_cmsession (lesson_id, cmsession_id) VALUES (6551, 1438);
INSERT INTO module (id, module_name, order_id, is_deleted) VALUES (425, 'Log In', 6, 'f');
INSERT INTO module_course (module_id, course_id) VALUES (425, 50);
INSERT INTO cmsession (id, title, description, order_id, created_at, is_deleted) VALUES (1442, 'LogIn', 'Project Work', 1, 'now', 'f');
INSERT INTO cmsession_module (cmsession_id, module_id) VALUES (1442, 425);
INSERT INTO lesson (id, type, duration, tags, title, subject, order_id, created_at, is_deleted) VALUES (6556,'PRESENTATION', 60, '', 'Login', 'NONE', 1, 'now','f');
INSERT INTO lesson_cmsession (lesson_id, cmsession_id) VALUES (6556, 1442);
INSERT INTO module (id, module_name, order_id, is_deleted) VALUES (426, 'Design model and redirection', 7, 'f');
INSERT INTO module_course (module_id, course_id) VALUES (426, 50);
INSERT INTO cmsession (id, title, description, order_id, created_at, is_deleted) VALUES (1443, 'Design model and redirection', 'This session deals with the design and redirection of a program', 1, 'now', 'f');
INSERT INTO cmsession_module (cmsession_id, module_id) VALUES (1443, 426);
INSERT INTO lesson (id, type, duration, tags, title, subject, order_id, created_at, is_deleted) VALUES (6560,'PRESENTATION', 60, '', 'Design model and redirection', 'NONE', 1, 'now','f');
INSERT INTO lesson_cmsession (lesson_id, cmsession_id) VALUES (6560, 1443);
INSERT INTO module (id, module_name, order_id, is_deleted) VALUES (428, 'Database Connectivity', 8, 'f');
INSERT INTO module_course (module_id, course_id) VALUES (428, 50);
INSERT INTO cmsession (id, title, description, order_id, created_at, is_deleted) VALUES (1446, 'Database Connectivity', 'This session teaches about database connectivity', 1, 'now', 'f');
INSERT INTO cmsession_module (cmsession_id, module_id) VALUES (1446, 428);
INSERT INTO lesson (id, type, duration, tags, title, subject, order_id, created_at, is_deleted) VALUES (6563,'PRESENTATION', 60, '', 'Database Connectivity', 'NONE', 1, 'now','f');
INSERT INTO lesson_cmsession (lesson_id, cmsession_id) VALUES (6563, 1446);
INSERT INTO module (id, module_name, order_id, is_deleted) VALUES (429, 'Exception Handling', 9, 'f');
INSERT INTO module_course (module_id, course_id) VALUES (429, 50);
INSERT INTO cmsession (id, title, description, order_id, created_at, is_deleted) VALUES (1447, 'Exception Handling', 'this sessions teachs about  handling exception', 1, 'now', 'f');
INSERT INTO cmsession_module (cmsession_id, module_id) VALUES (1447, 429);
INSERT INTO lesson (id, type, duration, tags, title, subject, order_id, created_at, is_deleted) VALUES (6564,'PRESENTATION', 60, '', 'Exception Handling', 'NONE', 1, 'now','f');
INSERT INTO lesson_cmsession (lesson_id, cmsession_id) VALUES (6564, 1447);
INSERT INTO module (id, module_name, order_id, is_deleted) VALUES (430, 'Passing values in the response', 10, 'f');
INSERT INTO module_course (module_id, course_id) VALUES (430, 50);
INSERT INTO cmsession (id, title, description, order_id, created_at, is_deleted) VALUES (1448, 'Passing values in the response', 'This session teaches about Passing values in the response', 1, 'now', 'f');
INSERT INTO cmsession_module (cmsession_id, module_id) VALUES (1448, 430);
INSERT INTO lesson (id, type, duration, tags, title, subject, order_id, created_at, is_deleted) VALUES (6565,'PRESENTATION', 60, '', 'Passing values in the response', 'NONE', 1, 'now','f');
INSERT INTO lesson_cmsession (lesson_id, cmsession_id) VALUES (6565, 1448);
INSERT INTO module (id, module_name, order_id, is_deleted) VALUES (432, 'Tips and Tricks for Website creation!', 11, 'f');
INSERT INTO module_course (module_id, course_id) VALUES (432, 50);
INSERT INTO cmsession (id, title, description, order_id, created_at, is_deleted) VALUES (1450, 'Tips and Tricks for Website creation!', 'This session teaches about  creation of websites', 1, 'now', 'f');
INSERT INTO cmsession_module (cmsession_id, module_id) VALUES (1450, 432);
INSERT INTO lesson (id, type, duration, tags, title, subject, order_id, created_at, is_deleted) VALUES (6569,'PRESENTATION', 60, '', 'Tips and Tricks for Website creation!', 'NONE', 1, 'now','f');
INSERT INTO lesson_cmsession (lesson_id, cmsession_id) VALUES (6569, 1450);
INSERT INTO course (id, course_name, course_description, tags, created_at) VALUES (51, 'Tally ERP 1.1', 'This course teaches the students how to maintain books of accounts using Tally software', NULL, 'now');
INSERT INTO module (id, module_name, order_id, is_deleted) VALUES (442, 'Accounting basics', 1, 'f');
INSERT INTO module_course (module_id, course_id) VALUES (442, 51);
INSERT INTO cmsession (id, title, description, order_id, created_at, is_deleted) VALUES (1463, '01_Journal Entries', 'This is a revision session for the students to pass journal entries', 1, 'now', 'f');
INSERT INTO cmsession_module (cmsession_id, module_id) VALUES (1463, 442);
INSERT INTO lesson (id, type, duration, tags, title, subject, order_id, created_at, is_deleted) VALUES (6583,'PRESENTATION', 20, '', '01_Journal_entries', 'banking-1', 1, 'now','f');
INSERT INTO lesson_cmsession (lesson_id, cmsession_id) VALUES (6583, 1463);
INSERT INTO module (id, module_name, order_id, is_deleted) VALUES (443, 'Documentation', 2, 'f');
INSERT INTO module_course (module_id, course_id) VALUES (443, 51);
INSERT INTO cmsession (id, title, description, order_id, created_at, is_deleted) VALUES (1464, '02_Documentation', 'This session deals with the various documents involved while accounting for various transactions', 1, 'now', 'f');
INSERT INTO cmsession_module (cmsession_id, module_id) VALUES (1464, 443);
INSERT INTO lesson (id, type, duration, tags, title, subject, order_id, created_at, is_deleted) VALUES (6585,'PRESENTATION', 20, 'tally ii', '02_Documentation', 'banking-1', 1, 'now','f');
INSERT INTO lesson_cmsession (lesson_id, cmsession_id) VALUES (6585, 1464);
INSERT INTO module (id, module_name, order_id, is_deleted) VALUES (444, 'Introduction to Tally', 3, 'f');
INSERT INTO module_course (module_id, course_id) VALUES (444, 51);
INSERT INTO cmsession (id, title, description, order_id, created_at, is_deleted) VALUES (1465, '03_Introduction to Tally', 'This session introduces the students to Tally software and its layout', 1, 'now', 'f');
INSERT INTO cmsession_module (cmsession_id, module_id) VALUES (1465, 444);
INSERT INTO lesson (id, type, duration, tags, title, subject, order_id, created_at, is_deleted) VALUES (6592,'PRESENTATION', 60, 'Introduction ,Tally', '03_Introduction to Tally', 'banking-1', 1, 'now','f');
INSERT INTO lesson_cmsession (lesson_id, cmsession_id) VALUES (6592, 1465);
INSERT INTO cmsession (id, title, description, order_id, created_at, is_deleted) VALUES (1466, '04_Creation of company', 'This session teaches the students how to create company in Tally and need for the same', 2, 'now', 'f');
INSERT INTO cmsession_module (cmsession_id, module_id) VALUES (1466, 444);
INSERT INTO lesson (id, type, duration, tags, title, subject, order_id, created_at, is_deleted) VALUES (6584,'PRESENTATION', 20, 'tally', '04_Creation of Company', 'banking-1', 1, 'now','f');
INSERT INTO lesson_cmsession (lesson_id, cmsession_id) VALUES (6584, 1466);
INSERT INTO module (id, module_name, order_id, is_deleted) VALUES (446, 'Groups', 4, 'f');
INSERT INTO module_course (module_id, course_id) VALUES (446, 51);
INSERT INTO cmsession (id, title, description, order_id, created_at, is_deleted) VALUES (1467, '05_Groups', 'This session teaches the students the concept of grouping in Tally', 1, 'now', 'f');
INSERT INTO cmsession_module (cmsession_id, module_id) VALUES (1467, 446);
INSERT INTO lesson (id, type, duration, tags, title, subject, order_id, created_at, is_deleted) VALUES (6586,'PRESENTATION', 20, 'Tally,groups', '05_Groups', 'banking-1', 1, 'now','f');
INSERT INTO lesson_cmsession (lesson_id, cmsession_id) VALUES (6586, 1467);
INSERT INTO module (id, module_name, order_id, is_deleted) VALUES (445, 'Ledgers', 5, 'f');
INSERT INTO module_course (module_id, course_id) VALUES (445, 51);
INSERT INTO cmsession (id, title, description, order_id, created_at, is_deleted) VALUES (1468, '06_Ledgers', 'This session enables the students to create ledgers and group them in Tally', 1, 'now', 'f');
INSERT INTO cmsession_module (cmsession_id, module_id) VALUES (1468, 445);
INSERT INTO lesson (id, type, duration, tags, title, subject, order_id, created_at, is_deleted) VALUES (6587,'PRESENTATION', 20, '', '06_Ledgers', 'banking-1', 1, 'now','f');
INSERT INTO lesson_cmsession (lesson_id, cmsession_id) VALUES (6587, 1468);
INSERT INTO module (id, module_name, order_id, is_deleted) VALUES (447, 'Vouchers in Tally', 6, 'f');
INSERT INTO module_course (module_id, course_id) VALUES (447, 51);
INSERT INTO cmsession (id, title, description, order_id, created_at, is_deleted) VALUES (1471, '07_Introduction to vouchers', 'This session introduces the students to the concept of vouchers and types of vouchers in Tally', 1, 'now', 'f');
INSERT INTO cmsession_module (cmsession_id, module_id) VALUES (1471, 447);
INSERT INTO lesson (id, type, duration, tags, title, subject, order_id, created_at, is_deleted) VALUES (6590,'PRESENTATION', 20, 'tally,Accounting', '07_Introduction to voucher', 'banking-1', 1, 'now','f');
INSERT INTO lesson_cmsession (lesson_id, cmsession_id) VALUES (6590, 1471);
INSERT INTO cmsession (id, title, description, order_id, created_at, is_deleted) VALUES (1473, '08_Rehaans Story', 'This is a case study based session which helps the student to understand how to use tally for accounting', 2, 'now', 'f');
INSERT INTO cmsession_module (cmsession_id, module_id) VALUES (1473, 447);
INSERT INTO lesson (id, type, duration, tags, title, subject, order_id, created_at, is_deleted) VALUES (6595,'PRESENTATION', 20, 'Tally', '08_Rehaans Story', 'banking-1', 1, 'now','f');
INSERT INTO lesson_cmsession (lesson_id, cmsession_id) VALUES (6595, 1473);
INSERT INTO cmsession (id, title, description, order_id, created_at, is_deleted) VALUES (1474, '09_Voucher configuration', 'This session helps the students to understand and configure vouchers in Tally', 3, 'now', 'f');
INSERT INTO cmsession_module (cmsession_id, module_id) VALUES (1474, 447);
INSERT INTO lesson (id, type, duration, tags, title, subject, order_id, created_at, is_deleted) VALUES (6596,'PRESENTATION', 20, 'tally,vouchers', '09_Vouchers configuration', 'banking-1', 1, 'now','f');
INSERT INTO lesson_cmsession (lesson_id, cmsession_id) VALUES (6596, 1474);
INSERT INTO cmsession (id, title, description, order_id, created_at, is_deleted) VALUES (1475, '10_Purchase, Sale & Journal vouchers', 'This is a practical case study based session which teaches the students to account purchases, sales and other journals based on documents', 4, 'now', 'f');
INSERT INTO cmsession_module (cmsession_id, module_id) VALUES (1475, 447);
INSERT INTO lesson (id, type, duration, tags, title, subject, order_id, created_at, is_deleted) VALUES (6597,'PRESENTATION', 60, 'Purchase,sales,journal,vouchers', '10_Purchase Sales Journal Vouchers', 'banking-1', 1, 'now','f');
INSERT INTO lesson_cmsession (lesson_id, cmsession_id) VALUES (6597, 1475);
INSERT INTO cmsession (id, title, description, order_id, created_at, is_deleted) VALUES (1476, '11_Payment, receipt & contra vouchers', 'This is a practical case study based session which teaches the students to account payment, receipts and contra entries based on documents', 5, 'now', 'f');
INSERT INTO cmsession_module (cmsession_id, module_id) VALUES (1476, 447);
INSERT INTO lesson (id, type, duration, tags, title, subject, order_id, created_at, is_deleted) VALUES (6598,'PRESENTATION', 20, 'tally,receipts,payments,Contra', '11_Receipt, Payment and Contra Vouchers', 'banking-1', 1, 'now','f');
INSERT INTO lesson_cmsession (lesson_id, cmsession_id) VALUES (6598, 1476);
INSERT INTO module (id, module_name, order_id, is_deleted) VALUES (449, 'Bank reconciliation statement', 7, 'f');
INSERT INTO module_course (module_id, course_id) VALUES (449, 51);
INSERT INTO cmsession (id, title, description, order_id, created_at, is_deleted) VALUES (1477, '12_Bank reconciliation statement', 'This session helps the students to prepare a BRS in Tally', 1, 'now', 'f');
INSERT INTO cmsession_module (cmsession_id, module_id) VALUES (1477, 449);
INSERT INTO lesson (id, type, duration, tags, title, subject, order_id, created_at, is_deleted) VALUES (6599,'PRESENTATION', 20, 'Tally,Accounting', '12_Bank Reconciliation Statement', 'banking-1', 1, 'now','f');
INSERT INTO lesson_cmsession (lesson_id, cmsession_id) VALUES (6599, 1477);
INSERT INTO module (id, module_name, order_id, is_deleted) VALUES (450, 'Expense accounting', 8, 'f');
INSERT INTO module_course (module_id, course_id) VALUES (450, 51);
INSERT INTO cmsession (id, title, description, order_id, created_at, is_deleted) VALUES (1478, '13_Miscellaneous expenses', 'This session teaches the students to account for miscellaneous expenses', 1, 'now', 'f');
INSERT INTO cmsession_module (cmsession_id, module_id) VALUES (1478, 450);
INSERT INTO lesson (id, type, duration, tags, title, subject, order_id, created_at, is_deleted) VALUES (6600,'PRESENTATION', 20, '', '13_Miscellaneous Expenses', 'banking-1', 1, 'now','f');
INSERT INTO lesson_cmsession (lesson_id, cmsession_id) VALUES (6600, 1478);
INSERT INTO cmsession (id, title, description, order_id, created_at, is_deleted) VALUES (1479, '14_Non cash expenses', 'This session teaches the students to account for non cash expenses in Tally', 2, 'now', 'f');
INSERT INTO cmsession_module (cmsession_id, module_id) VALUES (1479, 450);
INSERT INTO lesson (id, type, duration, tags, title, subject, order_id, created_at, is_deleted) VALUES (6601,'PRESENTATION', 60, 'Non Cash,Transactions', '14_Non Cash Transactions', 'banking-1', 1, 'now','f');
INSERT INTO lesson_cmsession (lesson_id, cmsession_id) VALUES (6601, 1479);
INSERT INTO module (id, module_name, order_id, is_deleted) VALUES (451, 'Trial Balance', 9, 'f');
INSERT INTO module_course (module_id, course_id) VALUES (451, 51);
INSERT INTO cmsession (id, title, description, order_id, created_at, is_deleted) VALUES (1480, '15_Trial Balance', 'This session enables the students to view trial balance in Tally', 1, 'now', 'f');
INSERT INTO cmsession_module (cmsession_id, module_id) VALUES (1480, 451);
INSERT INTO lesson (id, type, duration, tags, title, subject, order_id, created_at, is_deleted) VALUES (6679,'PRESENTATION', 60, '', '15_Trial Balance in Tally', 'NONE', 2, 'now','f');
INSERT INTO lesson_cmsession (lesson_id, cmsession_id) VALUES (6679, 1480);
INSERT INTO module (id, module_name, order_id, is_deleted) VALUES (461, 'Case study on service company', 10, 'f');
INSERT INTO module_course (module_id, course_id) VALUES (461, 51);
INSERT INTO cmsession (id, title, description, order_id, created_at, is_deleted) VALUES (1509, '16_Rehaan Style Salon', 'This is a case study based session which helps the student to understand how to use tally for accounting in a service company', 1, 'now', 'f');
INSERT INTO cmsession_module (cmsession_id, module_id) VALUES (1509, 461);
INSERT INTO lesson (id, type, duration, tags, title, subject, order_id, created_at, is_deleted) VALUES (6667,'PRESENTATION', 20, '', '08_Reehans STYLE salon', 'none', 2, 'now','f');
INSERT INTO lesson_cmsession (lesson_id, cmsession_id) VALUES (6667, 1509);
INSERT INTO cmsession (id, title, description, order_id, created_at, is_deleted) VALUES (1510, '17_Bling studio', 'This is a case study based session which helps the student to understand how to use tally for accounting in a service company', 2, 'now', 'f');
INSERT INTO cmsession_module (cmsession_id, module_id) VALUES (1510, 461);
INSERT INTO lesson (id, type, duration, tags, title, subject, order_id, created_at, is_deleted) VALUES (6668,'PRESENTATION', 60, 'Bling,Studio', '9_The Bling Studio', 'banking-1', 2, 'now','f');
INSERT INTO lesson_cmsession (lesson_id, cmsession_id) VALUES (6668, 1510);
INSERT INTO cmsession (id, title, description, order_id, created_at, is_deleted) VALUES (1511, '18_Other miscellaneous expenses', 'This is a case study based session which helps the student to understand how to use tally for accounting in a service company', 3, 'now', 'f');
INSERT INTO cmsession_module (cmsession_id, module_id) VALUES (1511, 461);
INSERT INTO lesson (id, type, duration, tags, title, subject, order_id, created_at, is_deleted) VALUES (6669,'PRESENTATION', 20, '', '10_Rehaans other Miscellaneous expenses', 'banking-1', 2, 'now','f');
INSERT INTO lesson_cmsession (lesson_id, cmsession_id) VALUES (6669, 1511);
INSERT INTO module (id, module_name, order_id, is_deleted) VALUES (462, 'Reports', 11, 'f');
INSERT INTO module_course (module_id, course_id) VALUES (462, 51);
INSERT INTO cmsession (id, title, description, order_id, created_at, is_deleted) VALUES (1512, '19_Reports', 'This session teaches the students to view various reports in Tally', 1, 'now', 'f');
INSERT INTO cmsession_module (cmsession_id, module_id) VALUES (1512, 462);
INSERT INTO lesson (id, type, duration, tags, title, subject, order_id, created_at, is_deleted) VALUES (6670,'PRESENTATION', 20, 'Tally,Reports,Accounting', '11_Reports', 'banking-1', 2, 'now','f');
INSERT INTO lesson_cmsession (lesson_id, cmsession_id) VALUES (6670, 1512);
INSERT INTO module (id, module_name, order_id, is_deleted) VALUES (463, 'Case study on trading company', 12, 'f');
INSERT INTO module_course (module_id, course_id) VALUES (463, 51);
INSERT INTO cmsession (id, title, description, order_id, created_at, is_deleted) VALUES (1513, '20_Case study', 'This is a case study based session which helps the student to understand how to use tally for accounting in a trading organization', 1, 'now', 'f');
INSERT INTO cmsession_module (cmsession_id, module_id) VALUES (1513, 463);
INSERT INTO lesson (id, type, duration, tags, title, subject, order_id, created_at, is_deleted) VALUES (6671,'PRESENTATION', 20, 'tally', '12_Case study on trading org 1', 'banking-1', 2, 'now','f');
INSERT INTO lesson_cmsession (lesson_id, cmsession_id) VALUES (6671, 1513);
INSERT INTO cmsession (id, title, description, order_id, created_at, is_deleted) VALUES (1514, '21_Rehaan Design House', 'This is a case study based session which helps the student to understand how to use tally for accounting in a trading organization', 2, 'now', 'f');
INSERT INTO cmsession_module (cmsession_id, module_id) VALUES (1514, 463);
INSERT INTO lesson (id, type, duration, tags, title, subject, order_id, created_at, is_deleted) VALUES (6672,'PRESENTATION', 20, 'Tally', '13_Case study: Rehaans Design House', 'banking-1', 2, 'now','f');
INSERT INTO lesson_cmsession (lesson_id, cmsession_id) VALUES (6672, 1514);
INSERT INTO cmsession (id, title, description, order_id, created_at, is_deleted) VALUES (1515, '22_Rehaan Design House 2', 'This is a case study based session which helps the student to understand how to use tally for accounting in a trading organization', 3, 'now', 'f');
INSERT INTO cmsession_module (cmsession_id, module_id) VALUES (1515, 463);
INSERT INTO lesson (id, type, duration, tags, title, subject, order_id, created_at, is_deleted) VALUES (6673,'PRESENTATION', 20, '', '14_Schedule of Malhotra Designs', 'banking-1', 2, 'now','f');
INSERT INTO lesson_cmsession (lesson_id, cmsession_id) VALUES (6673, 1515);
INSERT INTO cmsession (id, title, description, order_id, created_at, is_deleted) VALUES (1516, '23_Rehaan Design House 3', 'This is a case study based session which helps the student to understand how to use tally for accounting in a trading organization', 4, 'now', 'f');
INSERT INTO cmsession_module (cmsession_id, module_id) VALUES (1516, 463);
INSERT INTO lesson (id, type, duration, tags, title, subject, order_id, created_at, is_deleted) VALUES (6674,'PRESENTATION', 60, 'Case Study,Rehaan,Design,House', '15_Case Study : Rehaans Design House', 'banking-1', 2, 'now','f');
INSERT INTO lesson_cmsession (lesson_id, cmsession_id) VALUES (6674, 1516);
INSERT INTO module (id, module_name, order_id, is_deleted) VALUES (460, 'Assessments_Tally1.1', 13, 'f');
INSERT INTO module_course (module_id, course_id) VALUES (460, 51);
INSERT INTO course (id, course_name, course_description, tags, created_at) VALUES (52, 'Motor Insurance', 'This course covers various features of motor insurance', NULL, 'now');
INSERT INTO module (id, module_name, order_id, is_deleted) VALUES (454, 'Motor Insurance', 1, 'f');
INSERT INTO module_course (module_id, course_id) VALUES (454, 52);
INSERT INTO cmsession (id, title, description, order_id, created_at, is_deleted) VALUES (1490, 'Introduction to Motor insurance', 'This session introduces motor insurance', 1, 'now', 'f');
INSERT INTO cmsession_module (cmsession_id, module_id) VALUES (1490, 454);
INSERT INTO lesson (id, type, duration, tags, title, subject, order_id, created_at, is_deleted) VALUES (6616,'PRESENTATION', 60, '', '01_Motor Insurance', 'NONE', 1, 'now','f');
INSERT INTO lesson_cmsession (lesson_id, cmsession_id) VALUES (6616, 1490);
INSERT INTO lesson (id, type, duration, tags, title, subject, order_id, created_at, is_deleted) VALUES (6644,'PRESENTATION', 60, '', '01_Auto insurance_Assessment', 'NONE', 3, 'now','f');
INSERT INTO lesson_cmsession (lesson_id, cmsession_id) VALUES (6644, 1490);
INSERT INTO lesson (id, type, duration, tags, title, subject, order_id, created_at, is_deleted) VALUES (6645,'PRESENTATION', 60, '', '01_Auto insurance_Assessment', 'NONE', 4, 'now','f');
INSERT INTO lesson_cmsession (lesson_id, cmsession_id) VALUES (6645, 1490);
INSERT INTO lesson (id, type, duration, tags, title, subject, order_id, created_at, is_deleted) VALUES (6638,'PRESENTATION', 10, '', '01_Auto insurance_Assessment', 'NONE', null, 'now','f');
INSERT INTO lesson_cmsession (lesson_id, cmsession_id) VALUES (6638, 1490);
INSERT INTO lesson (id, type, duration, tags, title, subject, order_id, created_at, is_deleted) VALUES (6639,'PRESENTATION', 10, '', '01_Auto insurance_Assessment', 'NONE', null, 'now','f');
INSERT INTO lesson_cmsession (lesson_id, cmsession_id) VALUES (6639, 1490);
INSERT INTO lesson (id, type, duration, tags, title, subject, order_id, created_at, is_deleted) VALUES (6640,'PRESENTATION', 10, '', '01_Auto insurance_Assessment', 'NONE', null, 'now','f');
INSERT INTO lesson_cmsession (lesson_id, cmsession_id) VALUES (6640, 1490);
INSERT INTO lesson (id, type, duration, tags, title, subject, order_id, created_at, is_deleted) VALUES (6641,'PRESENTATION', 10, '', '01_Auto insurance_Assessment', 'NONE', null, 'now','f');
INSERT INTO lesson_cmsession (lesson_id, cmsession_id) VALUES (6641, 1490);
INSERT INTO lesson (id, type, duration, tags, title, subject, order_id, created_at, is_deleted) VALUES (6642,'PRESENTATION', 10, '', '01_Auto insurance_Assessment', 'NONE', null, 'now','f');
INSERT INTO lesson_cmsession (lesson_id, cmsession_id) VALUES (6642, 1490);
INSERT INTO lesson (id, type, duration, tags, title, subject, order_id, created_at, is_deleted) VALUES (6643,'PRESENTATION', 60, '', '01_Auto insurance_Assessment', 'NONE', null, 'now','f');
INSERT INTO lesson_cmsession (lesson_id, cmsession_id) VALUES (6643, 1490);
INSERT INTO course (id, course_name, course_description, tags, created_at) VALUES (53, 'Java Programming - Advanced', 'This course teaches about advanced programming in Java', NULL, 'now');
INSERT INTO module (id, module_name, order_id, is_deleted) VALUES (455, 'Introduction to MVC', 1, 'f');
INSERT INTO module_course (module_id, course_id) VALUES (455, 53);
INSERT INTO cmsession (id, title, description, order_id, created_at, is_deleted) VALUES (1498, 'MVC - Introduction', 'This sessions teaches about programming concepts behind Model-View-Controller', null, 'now', 'f');
INSERT INTO cmsession_module (cmsession_id, module_id) VALUES (1498, 455);
INSERT INTO lesson (id, type, duration, tags, title, subject, order_id, created_at, is_deleted) VALUES (6634,'PRESENTATION', 60, '', 'MVC Architecture', 'none', 2, 'now','f');
INSERT INTO lesson_cmsession (lesson_id, cmsession_id) VALUES (6634, 1498);
INSERT INTO module (id, module_name, order_id, is_deleted) VALUES (456, 'Servlets and JSP - Introduction', 2, 'f');
INSERT INTO module_course (module_id, course_id) VALUES (456, 53);
INSERT INTO cmsession (id, title, description, order_id, created_at, is_deleted) VALUES (1501, 'Servlets and Methods', 'This session teaches about basics of servlets', 1, 'now', 'f');
INSERT INTO cmsession_module (cmsession_id, module_id) VALUES (1501, 456);
INSERT INTO lesson (id, type, duration, tags, title, subject, order_id, created_at, is_deleted) VALUES (6631,'PRESENTATION', 60, '', 'Introduction to Servlets', 'none', 2, 'now','f');
INSERT INTO lesson_cmsession (lesson_id, cmsession_id) VALUES (6631, 1501);
INSERT INTO cmsession (id, title, description, order_id, created_at, is_deleted) VALUES (1499, 'Java Server Pages - Concepts', 'This session teaches about concepts of Java Server Pages', 2, 'now', 'f');
INSERT INTO cmsession_module (cmsession_id, module_id) VALUES (1499, 456);
INSERT INTO lesson (id, type, duration, tags, title, subject, order_id, created_at, is_deleted) VALUES (6629,'PRESENTATION', 60, '', 'Introduction to JSP', 'none', 2, 'now','f');
INSERT INTO lesson_cmsession (lesson_id, cmsession_id) VALUES (6629, 1499);
INSERT INTO lesson (id, type, duration, tags, title, subject, order_id, created_at, is_deleted) VALUES (6630,'PRESENTATION', 60, '', 'Project Overview', 'none', 3, 'now','f');
INSERT INTO lesson_cmsession (lesson_id, cmsession_id) VALUES (6630, 1499);
INSERT INTO cmsession (id, title, description, order_id, created_at, is_deleted) VALUES (1500, 'Java Server Pages - Tag Libraries', 'This session teaches about JSTL', 3, 'now', 'f');
INSERT INTO cmsession_module (cmsession_id, module_id) VALUES (1500, 456);
INSERT INTO cmsession (id, title, description, order_id, created_at, is_deleted) VALUES (1502, 'Delete this', 'This session teaches to create a login page in MVC architecture and JDBC', 4, 'now', 'f');
INSERT INTO cmsession_module (cmsession_id, module_id) VALUES (1502, 456);
INSERT INTO lesson (id, type, duration, tags, title, subject, order_id, created_at, is_deleted) VALUES (6633,'PRESENTATION', 60, '', 'Login', 'NONE', 2, 'now','f');
INSERT INTO lesson_cmsession (lesson_id, cmsession_id) VALUES (6633, 1502);
INSERT INTO lesson (id, type, duration, tags, title, subject, order_id, created_at, is_deleted) VALUES (6657,'PRESENTATION', 60, '', 'Login', 'NONE', 3, 'now','f');
INSERT INTO lesson_cmsession (lesson_id, cmsession_id) VALUES (6657, 1502);
INSERT INTO lesson (id, type, duration, tags, title, subject, order_id, created_at, is_deleted) VALUES (6658,'PRESENTATION', 60, '', 'Design model and redirection', 'NONE', 4, 'now','f');
INSERT INTO lesson_cmsession (lesson_id, cmsession_id) VALUES (6658, 1502);
INSERT INTO module (id, module_name, order_id, is_deleted) VALUES (457, 'Project - Login', 3, 'f');
INSERT INTO module_course (module_id, course_id) VALUES (457, 53);
INSERT INTO cmsession (id, title, description, order_id, created_at, is_deleted) VALUES (1503, 'MySQL Workbench installation', 'This session teaches about installing MYSQL Workbench and creating tables', null, 'now', 'f');
INSERT INTO cmsession_module (cmsession_id, module_id) VALUES (1503, 457);
INSERT INTO lesson (id, type, duration, tags, title, subject, order_id, created_at, is_deleted) VALUES (6632,'PRESENTATION', 60, '', 'MySQL Workbench', 'NONE', 2, 'now','f');
INSERT INTO lesson_cmsession (lesson_id, cmsession_id) VALUES (6632, 1503);
INSERT INTO cmsession (id, title, description, order_id, created_at, is_deleted) VALUES (1504, 'Login Project', 'This session teaches about creating a login project', null, 'now', 'f');
INSERT INTO cmsession_module (cmsession_id, module_id) VALUES (1504, 457);
INSERT INTO lesson (id, type, duration, tags, title, subject, order_id, created_at, is_deleted) VALUES (6659,'PRESENTATION', 60, '', 'Login', 'NONE', 2, 'now','f');
INSERT INTO lesson_cmsession (lesson_id, cmsession_id) VALUES (6659, 1504);
INSERT INTO lesson (id, type, duration, tags, title, subject, order_id, created_at, is_deleted) VALUES (6661,'PRESENTATION', 60, '', 'Login', 'NONE', 3, 'now','f');
INSERT INTO lesson_cmsession (lesson_id, cmsession_id) VALUES (6661, 1504);
INSERT INTO lesson (id, type, duration, tags, title, subject, order_id, created_at, is_deleted) VALUES (6662,'PRESENTATION', 60, '', 'Design model and redirection', 'NONE', 4, 'now','f');
INSERT INTO lesson_cmsession (lesson_id, cmsession_id) VALUES (6662, 1504);
INSERT INTO lesson (id, type, duration, tags, title, subject, order_id, created_at, is_deleted) VALUES (6663,'PRESENTATION', 60, '', 'Database Connectivity', 'NONE', 5, 'now','f');
INSERT INTO lesson_cmsession (lesson_id, cmsession_id) VALUES (6663, 1504);
INSERT INTO lesson (id, type, duration, tags, title, subject, order_id, created_at, is_deleted) VALUES (6664,'PRESENTATION', 60, '', 'Exception Handling', 'NONE', 6, 'now','f');
INSERT INTO lesson_cmsession (lesson_id, cmsession_id) VALUES (6664, 1504);
INSERT INTO lesson (id, type, duration, tags, title, subject, order_id, created_at, is_deleted) VALUES (6665,'PRESENTATION', 60, '', 'Passing values in the response', 'NONE', 7, 'now','f');
INSERT INTO lesson_cmsession (lesson_id, cmsession_id) VALUES (6665, 1504);
INSERT INTO lesson (id, type, duration, tags, title, subject, order_id, created_at, is_deleted) VALUES (6666,'PRESENTATION', 60, '', 'Login Project - New User', 'NONE', 8, 'now','f');
INSERT INTO lesson_cmsession (lesson_id, cmsession_id) VALUES (6666, 1504);
INSERT INTO module (id, module_name, order_id, is_deleted) VALUES (465, 'WebSocket', 5, 'f');
INSERT INTO module_course (module_id, course_id) VALUES (465, 53);
INSERT INTO module (id, module_name, order_id, is_deleted) VALUES (464, 'Hibernate with Java', 4, 'f');
INSERT INTO module_course (module_id, course_id) VALUES (464, 53);
INSERT INTO cmsession (id, title, description, order_id, created_at, is_deleted) VALUES (1517, 'Hibernate-1', 'This session teaches about concepts of hibernate', 1, 'now', 'f');
INSERT INTO cmsession_module (cmsession_id, module_id) VALUES (1517, 464);
INSERT INTO lesson (id, type, duration, tags, title, subject, order_id, created_at, is_deleted) VALUES (6690,'PRESENTATION', 60, '', 'Hibernate-1', 'none', 2, 'now','f');
INSERT INTO lesson_cmsession (lesson_id, cmsession_id) VALUES (6690, 1517);
INSERT INTO cmsession (id, title, description, order_id, created_at, is_deleted) VALUES (1518, 'Hibernate-2', 'This session teaches about concepts of hibernate', 2, 'now', 'f');
INSERT INTO cmsession_module (cmsession_id, module_id) VALUES (1518, 464);
INSERT INTO lesson (id, type, duration, tags, title, subject, order_id, created_at, is_deleted) VALUES (6691,'PRESENTATION', 60, '', 'Hibernate 2', 'none', 2, 'now','f');
INSERT INTO lesson_cmsession (lesson_id, cmsession_id) VALUES (6691, 1518);
